"Name","Team","Offensive.Snaps","Composite_Score","Player_Grade","Jersey.Number.x","Position","Season","Conference.x","Rush.Grade","Key.Plays.x","Attempts","Rush.Yards","Yards.per.Attempt","Rush.Touchdowns","First.Down.Runs","Fumbles.x","Fumbles.Lost.x","Missed.Tackles.on.Runs","Yards.before.Contact","Yards.before.Contact.per.Attempt","Yards.after.Contact","Yards.after.Contract.per.Attempt","Scrambles","First.down.or.Touchdown.percentage","Missed.Tackles.forced.per.Attempt","Explosive.Runs","Change.of.direction.percentage","Team.Name","Jersey.Number.y","Conference.y","Receiving.Grade","Key.Plays.y","Receiving.Snaps","Snaps.on.Press.Coverage","Targets","Receptions","Receiving.Yards","Yards.per.Reception","Receiving.Touchdowns","Receiving.First.Downs","Dropped.Passes","Fumbles.y","Fumbles.Lost.y","Catchable.Targets","Contested.Targets","Contested.Catches","Yards.after.Catch","Yards.After.Catch.per.Reception","Receiving.Yards.after.Contract","Contested.Catches.Percentage","Yards.per.Route.Run","Average.Depth.of.Target","Explosive.Plays","Missed.Tackles.forced.on.Receptions","Percentage.of.Catchable.Passes.Caught","Dropped.Catchable.Passes.Percentage","Contested.Catches.Caught.Percentage","Passer.Rating.when.Targetted","Slot.Target.Percentage","Deep.Target.Percentage","Completion.Percentage.when.Targeted","Percentage.of.Targets.per.Receiving.Snaps","Conference","Conference_Level"
"Tylan Hines","TARLETON",57,100,"A",1,"HB",2026,"United Athletic",73.6,13,26,243,9.3,0,7,1,1,5,133,5.1,110,4.2,0,0.269,0.19,3,0.231,"TARLETON",1,"United Athletic",54.5,4,23,0,4,2,47,23.5,0,1,1,0,0,3,1,0,47,23.5,34,0,2.04,1.8,1,0,"66.70%","33.30%","25.00%",92.7,0.043,0.174,0,"50.00%","United Athletic","FCS"
"Floyd Chalk","SO UTAH",49,90.44,"A",3,"HB",2026,"Big Sky",64.1,14,24,183,7.6,3,9,0,0,6,124,5.2,59,2.5,0,0.375,0.25,6,0.25,NA,NA,NA,0,NA,NA,0,0,0,0,0,0,0,0,NA,NA,0,0,0,NA,NA,NA,0,0,0,NA,0,NA,NA,NA,0,0,0,0,NA,"Big Sky","FCS"
"Chase Bingmon","PRVIEW A&M",30,88.25,"A",20,"HB",2026,"SWAC",66.5,8,10,76,7.6,1,4,0,0,7,36,3.6,40,4,0,0.4,0.7,4,0,"PRVIEW A&M",20,"SWAC",74.1,4,16,0,5,5,80,16,1,1,0,0,0,5,0,0,73,14.6,11,0,5,1.4,2,2,"100%","0.00%","0.00%",158.3,0.063,0.313,0,"100%","SWAC","FCS"
"Gavin Garcia","CITADEL",58,86.06,"A",5,"HB",2026,"Southern",76.5,13,21,137,6.5,3,7,0,0,11,5,0.2,132,6.3,0,0.333,0.52,4,0.048,NA,NA,NA,0,NA,NA,0,0,0,0,0,0,0,0,NA,NA,0,0,0,NA,NA,NA,0,0,0,NA,0,NA,NA,NA,0,0,0,0,NA,"Southern","FCS"
"Matteo Perez","UC DAVIS",29,81.89,"A",19,"HB",2026,"Big Sky",87.3,5,10,123,12.3,1,3,0,0,9,4,0.4,119,11.9,0,0.3,0.9,2,0.3,"UC DAVIS",19,"Big Sky",52.6,0,17,0,0,0,0,0,0,0,0,0,0,0,0,0,0,0,0,0,0,0,0,0,"0.00%","0.00%","0.00%",0,0,0,0,"0.00%","Big Sky","FCS"
"Trey Holly","SOUTHERN U",47,81.22,"A",6,"HB",2026,"SWAC",73,11,21,99,4.7,2,5,0,0,9,32,1.5,67,3.2,0,0.238,0.43,5,0,"SOUTHERN U",6,"SWAC",66.2,2,16,0,3,2,21,10.5,0,1,0,0,0,2,0,0,19,9.5,1,0,1.31,4.3,1,0,"100%","0.00%","0.00%",86.8,0,0.188,0,"66.70%","SWAC","FCS"
"Tommy Ansley","TENN MARTN",34,80.22,"A",39,"HB",2026,"Big South - OVC Football Association",77.2,11,17,123,7.2,3,9,0,0,8,43,2.5,80,4.7,0,0.529,0.47,4,0,NA,NA,NA,0,NA,NA,0,0,0,0,0,0,0,0,NA,NA,0,0,0,NA,NA,NA,0,0,0,NA,0,NA,NA,NA,0,0,0,0,NA,"Big South - OVC Football Association","FCS"
"Mason Pickett-Hicks","SCAR STATE",26,79.97,"B",1,"HB",2026,"MEAC",80.1,11,18,211,11.7,2,6,0,0,1,140,7.8,71,3.9,0,0.333,0.06,5,0.056,NA,NA,NA,0,NA,NA,0,0,0,0,0,0,0,0,NA,NA,0,0,0,NA,NA,NA,0,0,0,NA,0,NA,NA,NA,0,0,0,0,NA,"MEAC","FCS"
"Luke Yoder","LEHIGH",28,79.18,"B",6,"HB",2026,"Patriot",68.7,11,17,120,7.1,3,7,1,1,8,4,0.2,116,6.8,0,0.412,0.47,5,0.118,NA,NA,NA,0,NA,NA,0,0,0,0,0,0,0,0,NA,NA,0,0,0,NA,NA,NA,0,0,0,NA,0,NA,NA,NA,0,0,0,0,NA,"Patriot","FCS"
"Eli Gillman","MONTANA",49,72.11,"B",10,"HB",2026,"Big Sky",41.9,0,20,108,5.4,3,11,0,0,0,53,2.6,63,3.1,0,0.55,0,5,0,"MONTANA",10,"Big Sky",57.5,0,22,0,3,2,6,3,1,1,0,0,0,0,0,0,9,4.5,1,0,0.27,-1.7,0,0,"0.00%","0.00%","0.00%",109.7,0,0.136,0,"66.70%","Big Sky","FCS"
"Andrew King","WM & MARY",36,69.04,"B",8,"HB",2026,"Patriot",76.8,7,16,68,4.3,2,4,0,0,9,21,1.3,47,2.9,0,0.25,0.56,3,0,"WM & MARY",8,"Patriot",56.9,0,16,0,1,1,6,6,0,0,0,0,0,1,0,0,11,11,3,0,0.38,-5,0,1,"100%","0.00%","0.00%",91.7,0,0.063,0,"100%","Patriot","FCS"
"Zaon Laney","NEWHVN",44,68.32,"B",2,"HB",2026,"Northeast",79.1,10,16,105,6.6,0,4,0,0,5,68,4.3,37,2.3,0,0.25,0.31,3,0.25,"NEWHVN",2,"Northeast",68.3,1,22,0,5,4,20,5,0,1,0,0,0,4,0,0,20,5,2,0,0.91,-0.4,0,0,"100%","0.00%","0.00%",83.3,0,0.227,0,"80.00%","Northeast","FCS"
"Isaiah Davis","FURMAN",14,68.31,"B",26,"HB",2026,"Southern",86.5,5,9,116,12.9,1,4,0,0,5,54,6,62,6.9,0,0.444,0.56,4,0.111,NA,NA,NA,0,NA,NA,0,0,0,0,0,0,0,0,NA,NA,0,0,0,NA,NA,NA,0,0,0,NA,0,NA,NA,NA,0,0,0,0,NA,"Southern","FCS"
"Chandler Chapman","S ILLINOIS",48,67.76,"B",8,"HB",2026,"Missouri Valley",76.5,13,24,133,5.5,0,7,0,0,7,37,1.5,96,4,0,0.292,0.29,4,0.208,NA,NA,NA,0,NA,NA,0,0,0,0,0,0,0,0,NA,NA,0,0,0,NA,NA,NA,0,0,0,NA,0,NA,NA,NA,0,0,0,0,NA,"Missouri Valley","FCS"
"Kamerin McDowell-Moore","ELON",32,65.59,"B",22,"HB",2026,"CAA",86.9,11,14,97,6.9,2,5,0,0,7,26,1.9,71,5.1,0,0.357,0.5,2,0.071,NA,NA,NA,0,NA,NA,0,0,0,0,0,0,0,0,NA,NA,0,0,0,NA,NA,NA,0,0,0,NA,0,NA,NA,NA,0,0,0,0,NA,"CAA","FCS"
"Chuck Webb","SACR HEART",47,64.21,"B",2,"HB",2026,"CAA",67.5,9,20,81,4,0,6,0,0,7,10,0.5,71,3.5,0,0.3,0.35,3,0,"SACR HEART",2,"CAA",60.5,1,17,0,1,1,13,13,0,1,0,0,0,1,0,0,8,8,3,0,0.76,5,0,0,"100%","0.00%","0.00%",118.8,0,0.059,0,"100%","CAA","FCS"
"Jamarion Parker","GRAMBLING",10,63.76,"B",9,"HB",2026,"SWAC",75.3,4,6,108,18,1,2,0,0,4,41,6.8,67,11.2,0,0.333,0.67,3,0,NA,NA,NA,0,NA,NA,0,0,0,0,0,0,0,0,NA,NA,0,0,0,NA,NA,NA,0,0,0,NA,0,NA,NA,NA,0,0,0,0,NA,"SWAC","FCS"
"Adam Jones","MONTANA ST",33,62.89,"B",23,"HB",2026,"Big Sky",68.6,6,13,77,5.9,1,6,0,0,3,34,2.6,43,3.3,0,0.462,0.23,2,0,"MONTANA ST",23,"Big Sky",62.5,1,15,0,1,1,13,13,0,1,0,0,0,1,0,0,9,9,9,0,0.87,4,0,1,"100%","0.00%","0.00%",118.8,0,0.067,0,"100%","Big Sky","FCS"
"Aidan Mayfield","LEHIGH",27,62.52,"B",41,"HB",2026,"Patriot",75.4,10,17,96,5.7,1,7,0,0,6,35,2.1,61,3.6,0,0.412,0.35,3,0.235,NA,NA,NA,0,NA,NA,0,0,0,0,0,0,0,0,NA,NA,0,0,0,NA,NA,NA,0,0,0,NA,0,NA,NA,NA,0,0,0,0,NA,"Patriot","FCS"
"Devon Caldwell","MERCER",15,61.99,"B",21,"HB",2026,"Southern",71.8,3,11,152,13.8,1,3,0,0,1,43,3.9,109,9.9,0,0.273,0.09,3,0.091,NA,NA,NA,0,NA,NA,0,0,0,0,0,0,0,0,NA,NA,0,0,0,NA,NA,NA,0,0,0,NA,0,NA,NA,NA,0,0,0,0,NA,"Southern","FCS"
"TJ Peyton","E TENN ST",23,61.74,"B",5,"HB",2026,"Southern",87.2,8,11,121,11,2,4,0,0,2,60,5.5,61,5.5,0,0.364,0.18,3,0,NA,NA,NA,0,NA,NA,0,0,0,0,0,0,0,0,NA,NA,0,0,0,NA,NA,NA,0,0,0,NA,0,NA,NA,NA,0,0,0,0,NA,"Southern","FCS"
"Jared Rhodes","LNDNWD",46,61.28,"B",7,"HB",2026,"Big South - OVC Football Association",63.2,6,17,63,3.7,1,5,0,0,4,2,0.1,61,3.6,0,0.294,0.24,2,0,"LNDNWD",7,"Big South - OVC Football Association",64.9,2,21,0,4,3,9,3,0,0,0,0,0,3,0,0,13,4.3,9,0,0.43,9.3,0,2,"100%","0.00%","0.00%",77.1,0,0.191,0.25,"75.00%","Big South - OVC Football Association","FCS"
"Spencer Ferguson","WEBER ST",70,60.75,"B",38,"HB",2026,"Big Sky",71.2,9,16,91,5.7,2,5,0,0,2,23,1.4,68,4.3,0,0.313,0.13,3,0.063,"WEBER ST",38,"Big Sky",64.4,1,27,0,3,3,-3,-1,0,1,0,0,0,3,0,0,7,2.3,4,0,-0.11,-3.3,0,0,"100%","0.00%","0.00%",79.2,0,0.111,0,"100%","Big Sky","FCS"
"Troy Bruce","ALAB A&M",NA,59.22,"C",35,"HB",2026,"SWAC",0,0,11,145,13.2,2,7,0,0,0,28,2.5,117,10.6,0,0.636,0,5,0,NA,NA,NA,0,NA,NA,0,0,0,0,0,0,0,0,NA,NA,0,0,0,NA,NA,NA,0,0,0,NA,0,NA,NA,NA,0,0,0,0,NA,"SWAC","FCS"
"Jaylen Jenkins","STF AUSTIN",29,58.76,"C",6,"HB",2026,"Southland",75.2,5,9,65,7.2,1,3,0,0,5,15,1.7,50,5.6,0,0.333,0.56,1,0.111,"STF AUSTIN",6,"Southland",58.5,2,17,1,2,2,8,4,0,0,0,0,0,2,0,0,8,4,1,0,0.47,0,0,0,"100%","0.00%","0.00%",83.3,0,0.118,0,"100%","Southland","FCS"
"Gerald Modest Jr.","WOFFORD",40,58.59,"C",6,"HB",2026,"Southern",70.4,10,20,85,4.3,1,6,0,0,4,25,1.3,60,3,0,0.3,0.2,1,0,"WOFFORD",6,"Southern",62.1,2,17,0,2,1,9,9,0,1,0,0,0,1,0,0,11,11,4,0,0.53,1.5,0,0,"100%","0.00%","0.00%",62.5,0,0.118,0,"50.00%","Southern","FCS"
"CJ Hester","STNY BROOK",48,54.69,"C",33,"HB",2026,"CAA",69.4,8,14,95,6.8,2,3,0,0,2,69,4.9,26,1.9,0,0.214,0.14,1,0,"STNY BROOK",33,"CAA",52.2,0,31,0,2,1,1,1,0,0,0,0,0,1,0,0,2,2,0,0,0.03,0.5,0,0,"100%","0.00%","0.00%",56.3,0,0.065,0,"50.00%","CAA","FCS"
"Jayden Jenkins","DELWARE ST",51,54.63,"C",4,"HB",2026,"MEAC",64.2,5,10,57,5.7,0,3,0,0,3,7,0.7,50,5,0,0.3,0.3,2,0,"DELWARE ST",4,"MEAC",82.5,4,26,0,5,5,47,9.4,0,3,0,0,0,5,0,0,68,13.6,18,0,1.81,-4.2,0,1,"100%","0.00%","0.00%",105.8,0,0.192,0,"100%","MEAC","FCS"
"Danny Shaban","COLGATE",40,54.21,"C",21,"HB",2026,"Patriot",65.1,8,18,94,5.2,1,6,0,0,4,48,2.7,46,2.6,0,0.333,0.22,3,0.167,NA,NA,NA,0,NA,NA,0,0,0,0,0,0,0,0,NA,NA,0,0,0,NA,NA,NA,0,0,0,NA,0,NA,NA,NA,0,0,0,0,NA,"Patriot","FCS"
"Athean Renfro Jr.","TEXAS STHN",43,53.55,"C",28,"HB",2026,"SWAC",66.1,11,17,81,4.8,0,4,0,0,3,21,1.2,60,3.5,0,0.235,0.18,4,0,"TEXAS STHN",28,"SWAC",66.2,2,17,0,2,2,9,4.5,0,0,0,0,0,2,0,0,18,9,2,0,0.53,-4.5,0,1,"100%","0.00%","0.00%",85.4,0,0.118,0,"100%","SWAC","FCS"
"JJ Cowan","CAMPBELL",29,51.74,"C",5,"HB",2026,"CAA",71.4,7,11,83,7.5,0,5,0,0,5,11,1,72,6.5,0,0.455,0.45,3,0.091,NA,NA,NA,0,NA,NA,0,0,0,0,0,0,0,0,NA,NA,0,0,0,NA,NA,NA,0,0,0,NA,0,NA,NA,NA,0,0,0,0,NA,"CAA","FCS"
"Victor Dawson","ILL STATE",47,51.66,"C",5,"HB",2026,"Missouri Valley",61.5,8,21,73,3.5,2,7,0,0,1,37,1.8,36,1.7,0,0.333,0.05,2,0.143,"ILL STATE",5,"Missouri Valley",53.1,0,16,0,0,0,0,0,0,0,0,0,0,0,0,0,0,0,0,0,0,0,0,0,"0.00%","0.00%","0.00%",0,0,0,0,"0.00%","Missouri Valley","FCS"
"Brady Hensley","E KENTUCKY",13,50.01,"C",42,"HB",2026,"United Athletic",75.8,5,7,91,13,1,2,0,0,1,76,10.9,15,2.1,0,0.286,0.14,1,0.286,NA,NA,NA,0,NA,NA,0,0,0,0,0,0,0,0,NA,NA,0,0,0,NA,NA,NA,0,0,0,NA,0,NA,NA,NA,0,0,0,0,NA,"United Athletic","FCS"
"Josiah Johnson","S DAK ST",47,49.51,"C",22,"HB",2026,"Missouri Valley",67.2,9,20,80,4,1,6,0,0,3,25,1.3,55,2.8,0,0.3,0.15,1,0,"S DAK ST",22,"Missouri Valley",52.1,0,21,0,0,0,0,0,0,0,0,0,0,0,0,0,0,0,0,0,0,0,0,0,"0.00%","0.00%","0.00%",0,0,0,0,"0.00%","Missouri Valley","FCS"
"Kenny Smith Jr.","MONMOUTH",32,49.37,"C",6,"HB",2026,"CAA",60.1,4,11,44,4,1,4,0,0,1,23,2.1,21,1.9,0,0.364,0.09,1,0,"MONMOUTH",6,"CAA",70.8,2,19,0,3,2,16,8,1,2,0,0,0,2,0,0,10,5,3,0,0.84,9,0,0,"100%","0.00%","0.00%",119.4,0,0.158,0.333,"66.70%","CAA","FCS"
"Misa Paiau","CAL POLY",31,49.33,"C",0,"HB",2026,"Big Sky",73,6,11,54,4.9,0,2,0,0,5,19,1.7,35,3.2,0,0.182,0.45,1,0.182,"CAL POLY",0,"Big Sky",64.4,1,15,0,3,2,3,1.5,0,0,0,0,0,2,0,0,7,3.5,-2,0,0.2,2.7,0,0,"100%","0.00%","0.00%",70.1,0,0.2,0,"66.70%","Big Sky","FCS"
"Aidan Garrett","STHLSK",35,48.17,"C",0,"HB",2026,"Northeast",64.1,9,18,69,3.8,1,6,1,1,5,9,0.5,60,3.3,0,0.333,0.28,2,0.056,NA,NA,NA,0,NA,NA,0,0,0,0,0,0,0,0,NA,NA,0,0,0,NA,NA,NA,0,0,0,NA,0,NA,NA,NA,0,0,0,0,NA,"Northeast","FCS"
"Jaden Green","CAL POLY",29,47.64,"C",1,"HB",2026,"Big Sky",69.1,5,12,89,7.4,0,5,0,0,2,15,1.3,74,6.2,0,0.417,0.17,2,0.25,NA,NA,NA,0,NA,NA,0,0,0,0,0,0,0,0,NA,NA,0,0,0,NA,NA,NA,0,0,0,NA,0,NA,NA,NA,0,0,0,0,NA,"Big Sky","FCS"
"Alex Broome","ABILENE CH",33,47.59,"C",20,"HB",2026,"United Athletic",67.4,4,10,52,5.2,0,3,0,0,2,17,1.7,35,3.5,0,0.3,0.2,3,0.2,"ABILENE CH",20,"United Athletic",68.3,1,18,0,4,3,5,1.7,0,0,0,0,0,3,0,0,16,5.3,9,0,0.28,-3.5,0,1,"100%","0.00%","0.00%",77.1,0,0.222,0,"75.00%","United Athletic","FCS"
"Za'Marion Webber","ARKAPB",10,47.04,"C",5,"HB",2026,"SWAC",81.1,4,7,56,8,1,2,0,0,4,6,0.9,50,7.1,0,0.286,0.57,2,0.143,NA,NA,NA,0,NA,NA,0,0,0,0,0,0,0,0,NA,NA,0,0,0,NA,NA,NA,0,0,0,NA,0,NA,NA,NA,0,0,0,0,NA,"SWAC","FCS"
"Preston Alford","STF AUSTIN",12,46.78,"C",28,"HB",2026,"Southland",72.4,4,6,76,12.7,0,2,0,0,4,47,7.8,29,4.8,0,0.333,0.67,1,0,NA,NA,NA,0,NA,NA,0,0,0,0,0,0,0,0,NA,NA,0,0,0,NA,NA,NA,0,0,0,NA,0,NA,NA,NA,0,0,0,0,NA,"Southland","FCS"
"Shane Eason","STHLSK",29,46.49,"C",20,"HB",2026,"Northeast",62,7,16,89,5.6,0,4,0,0,5,15,0.9,74,4.6,0,0.25,0.31,2,0.063,NA,NA,NA,0,NA,NA,0,0,0,0,0,0,0,0,NA,NA,0,0,0,NA,NA,NA,0,0,0,NA,0,NA,NA,NA,0,0,0,0,NA,"Northeast","FCS"
"Delon Thompson","PORTLAND",71,45.65,"C",24,"HB",2026,"Big Sky",69.2,11,20,82,4.1,0,4,0,0,2,19,0.9,63,3.1,0,0.2,0.1,0,0,"PORTLAND",24,"Big Sky",55.7,2,32,2,2,2,8,4,0,0,0,0,0,2,0,0,15,7.5,5,0,0.25,-3.5,0,0,"100%","0.00%","0.00%",83.3,0.031,0.063,0,"100%","Big Sky","FCS"
"Elijah Jennings","MONMOUTH",33,45.57,"C",3,"HB",2026,"CAA",66.1,6,11,52,4.7,0,3,0,0,2,23,2.1,29,2.6,0,0.273,0.18,1,0,"MONMOUTH",3,"CAA",63.1,1,19,0,2,2,15,7.5,1,1,0,0,0,2,0,0,13,6.5,-1,0,0.79,1,0,0,"100%","0.00%","0.00%",137.5,0,0.105,0,"100%","CAA","FCS"
"Billy Roberson II","HOWARD",23,45.44,"C",24,"HB",2026,"MEAC",74.4,5,7,44,6.3,1,3,0,0,4,18,2.6,26,3.7,0,0.429,0.57,1,0.286,NA,NA,NA,0,NA,NA,0,0,0,0,0,0,0,0,NA,NA,0,0,0,NA,NA,NA,0,0,0,NA,0,NA,NA,NA,0,0,0,0,NA,"MEAC","FCS"
"Jordan Fisher","UC DAVIS",29,45.39,"C",20,"HB",2026,"Big Sky",65.4,5,12,64,5.3,1,5,0,0,4,37,3.1,27,2.3,0,0.417,0.33,3,0,NA,NA,NA,0,NA,NA,0,0,0,0,0,0,0,0,NA,NA,0,0,0,NA,NA,NA,0,0,0,NA,0,NA,NA,NA,0,0,0,0,NA,"Big Sky","FCS"
"Charles Pierre Jr.","S DAKOTA",38,44.73,"C",3,"HB",2026,"Missouri Valley",63.1,4,10,46,4.6,2,3,0,0,1,24,2.4,22,2.2,0,0.3,0.1,2,0.1,"S DAKOTA",3,"Missouri Valley",52,0,20,0,1,0,0,0,0,0,0,0,0,0,1,0,0,0,0,0,0,2,0,0,"0.00%","0.00%","100%",39.6,0,0.05,0,"0.00%","Missouri Valley","FCS"
"Champ Dozier","HOUCHR",21,44.62,"C",1,"HB",2026,"Southland",74.2,5,8,86,10.8,0,4,0,0,0,66,8.3,20,2.5,0,0.5,0,2,0.25,NA,NA,NA,0,NA,NA,0,0,0,0,0,0,0,0,NA,NA,0,0,0,NA,NA,NA,0,0,0,NA,0,NA,NA,NA,0,0,0,0,NA,"Southland","FCS"
"Broderick Taylor","TXRG",10,44.2,"C",26,"HB",2026,"Southland",74.2,3,6,73,12.2,0,2,0,0,3,10,1.7,63,10.5,0,0.333,0.5,1,0,NA,NA,NA,0,NA,NA,0,0,0,0,0,0,0,0,NA,NA,0,0,0,NA,NA,NA,0,0,0,NA,0,NA,NA,NA,0,0,0,0,NA,"Southland","FCS"
"Charles Langama","N DAKOTA",NA,44.18,"C",6,"HB",2026,"Missouri Valley",0,0,11,120,10.9,1,5,0,0,0,14,1.3,106,9.6,0,0.455,0,3,0,NA,NA,NA,0,NA,NA,0,0,0,0,0,0,0,0,NA,NA,0,0,0,NA,NA,NA,0,0,0,NA,0,NA,NA,NA,0,0,0,0,NA,"Missouri Valley","FCS"
"Ri'Jon Hammond","TEXAS STHN",12,43.19,"C",26,"HB",2026,"SWAC",71.9,7,8,45,5.6,1,5,0,0,4,22,2.8,23,2.9,0,0.625,0.5,1,0,NA,NA,NA,0,NA,NA,0,0,0,0,0,0,0,0,NA,NA,0,0,0,NA,NA,NA,0,0,0,NA,0,NA,NA,NA,0,0,0,0,NA,"SWAC","FCS"
"Marquez Davis","MCNEESE",15,42.9,"C",22,"HB",2026,"Southland",71,4,9,67,7.4,1,3,0,0,1,38,4.2,29,3.2,0,0.333,0.11,3,0.222,NA,NA,NA,0,NA,NA,0,0,0,0,0,0,0,0,NA,NA,0,0,0,NA,NA,NA,0,0,0,NA,0,NA,NA,NA,0,0,0,0,NA,"Southland","FCS"
"Hutch Swilley","MCNEESE",16,42.69,"C",5,"HB",2026,"Southland",75.4,5,7,58,8.3,0,4,0,0,2,18,2.6,40,5.7,0,0.571,0.29,3,0.143,NA,NA,NA,0,NA,NA,0,0,0,0,0,0,0,0,NA,NA,0,0,0,NA,NA,NA,0,0,0,NA,0,NA,NA,NA,0,0,0,0,NA,"Southland","FCS"
"Sebastien Boyle","CITADEL",33,42.65,"C",44,"HB",2026,"Southern",75,3,7,70,10,1,2,0,0,1,-4,-0.6,74,10.6,0,0.286,0.14,1,0.143,NA,NA,NA,0,NA,NA,0,0,0,0,0,0,0,0,NA,NA,0,0,0,NA,NA,NA,0,0,0,NA,0,NA,NA,NA,0,0,0,0,NA,"Southern","FCS"
"Isaiah Daniel","BETH COOK",13,42.63,"C",27,"HB",2026,"SWAC",68.3,5,10,65,6.5,0,4,0,0,2,20,2,45,4.5,0,0.4,0.2,3,0.3,NA,NA,NA,0,NA,NA,0,0,0,0,0,0,0,0,NA,NA,0,0,0,NA,NA,NA,0,0,0,NA,0,NA,NA,NA,0,0,0,0,NA,"SWAC","FCS"
"Matt Morad","WAGNER",37,42.23,"C",3,"HB",2026,"Northeast",66,7,21,83,4,1,5,0,0,1,52,2.5,31,1.5,0,0.238,0.05,2,0.048,NA,NA,NA,0,NA,NA,0,0,0,0,0,0,0,0,NA,NA,0,0,0,NA,NA,NA,0,0,0,NA,0,NA,NA,NA,0,0,0,0,NA,"Northeast","FCS"
"Michael Cadden","BUCKNELL",43,42.18,"C",26,"HB",2026,"Patriot",63.2,4,9,37,4.1,0,1,0,0,2,14,1.6,23,2.6,0,0.111,0.22,1,0,"BUCKNELL",26,"Patriot",63.7,3,19,2,7,6,24,4,0,1,0,0,0,6,1,1,47,7.8,10,1,1.26,-3.9,0,1,"100%","0.00%","14.30%",81,0.053,0.368,0,"85.70%","Patriot","FCS"
"Tyrell Campbell","MURRAY ST",21,42.15,"C",5,"HB",2026,"Missouri Valley",60.7,6,9,80,8.9,1,2,1,1,1,20,2.2,60,6.7,0,0.222,0.11,1,0.222,NA,NA,NA,0,NA,NA,0,0,0,0,0,0,0,0,NA,NA,0,0,0,NA,NA,NA,0,0,0,NA,0,NA,NA,NA,0,0,0,0,NA,"Missouri Valley","FCS"
"Cortez Stone","E KENTUCKY",21,42.14,"C",22,"HB",2026,"United Athletic",76.9,6,9,63,7,0,3,0,0,2,13,1.4,50,5.6,0,0.333,0.22,2,0.333,NA,NA,NA,0,NA,NA,0,0,0,0,0,0,0,0,NA,NA,0,0,0,NA,NA,NA,0,0,0,NA,0,NA,NA,NA,0,0,0,0,NA,"United Athletic","FCS"
"Myles Thomason","NEW HAMP",33,41.11,"C",23,"HB",2026,"CAA",55.4,3,12,23,1.9,0,2,0,0,2,2,0.2,21,1.8,0,0.167,0.17,0,0.25,"NEW HAMP",23,"CAA",79.5,5,19,0,10,7,36,5.1,0,3,0,0,0,7,1,0,30,4.3,5,0,1.89,1.7,0,0,"100%","0.00%","10.00%",35.8,0,0.526,0,"70.00%","CAA","FCS"
"Travis Kerney","HOWARD",33,41.09,"C",4,"HB",2026,"MEAC",52.4,1,14,40,2.9,0,1,0,0,4,19,1.4,21,1.5,0,0.071,0.29,1,0.071,"HOWARD",4,"MEAC",57.6,0,16,0,1,1,13,13,0,1,0,0,0,1,0,0,6,6,2,0,0.81,7,0,0,"100%","0.00%","0.00%",118.8,0,0.063,0,"100%","MEAC","FCS"
"Sekou Kamau","WAGNER",33,40.81,"C",0,"HB",2026,"Northeast",56.2,6,13,50,3.9,0,2,1,1,0,5,0.4,45,3.5,0,0.154,0,1,0.308,"WAGNER",0,"Northeast",66.6,2,16,0,2,2,13,6.5,0,0,0,0,0,2,0,0,2,1,1,0,0.81,5.5,0,0,"100%","0.00%","0.00%",93.8,0,0.125,0,"100%","Northeast","FCS"
"Journey Wyche","CHATTNOOGA",25,40.76,"C",0,"HB",2026,"Southern",44.4,0,16,113,7.1,0,4,0,1,0,43,2.7,70,4.4,0,0.25,0,4,0,NA,NA,NA,0,NA,NA,0,0,0,0,0,0,0,0,NA,NA,0,0,0,NA,NA,NA,0,0,0,NA,0,NA,NA,NA,0,0,0,0,NA,"Southern","FCS"
"Zahmari Palode-Gary","MERCER",25,40.73,"C",7,"HB",2026,"Southern",66.8,3,7,57,8.1,0,2,0,0,1,15,2.1,42,6,0,0.286,0.14,2,0,"MERCER",7,"Southern",57.6,0,15,0,1,1,6,6,0,0,0,0,0,1,0,0,8,8,2,0,0.4,-2,0,0,"100%","0.00%","0.00%",91.7,0,0.067,0,"100%","Southern","FCS"
"Adrian Cormier","GARD-WEBB",31,40.61,"C",5,"HB",2026,"Big South - OVC Football Association",66.6,4,11,33,3,0,2,0,0,2,0,0,33,3,0,0.182,0.18,1,0,"GARD-WEBB",5,"Big South - OVC Football Association",70.2,2,17,0,5,5,38,7.6,0,1,0,0,0,5,0,0,47,9.4,13,0,2.24,-1.8,1,0,"100%","0.00%","0.00%",98.3,0.059,0.294,0,"100%","Big South - OVC Football Association","FCS"
"Chris Franklin","TENN MARTN",33,39.85,"D",2,"HB",2026,"Big South - OVC Football Association",75.4,6,14,70,5,2,3,0,0,0,32,2.3,38,2.7,0,0.214,0,2,0,NA,NA,NA,0,NA,NA,0,0,0,0,0,0,0,0,NA,NA,0,0,0,NA,NA,NA,0,0,0,NA,0,NA,NA,NA,0,0,0,0,NA,"Big South - OVC Football Association","FCS"
"Speedy Jones","STF AUSTIN",23,39.72,"D",20,"HB",2026,"Southland",59,4,13,50,3.9,0,4,0,0,6,27,2.1,23,1.8,0,0.308,0.46,2,0.077,NA,NA,NA,0,NA,NA,0,0,0,0,0,0,0,0,NA,NA,0,0,0,NA,NA,NA,0,0,0,NA,0,NA,NA,NA,0,0,0,0,NA,"Southland","FCS"
"Khyair Spain","SE MO ST",42,39.58,"D",0,"HB",2026,"Big South - OVC Football Association",64.3,5,16,72,4.5,0,2,0,0,5,-1,-0.1,73,4.6,0,0.125,0.31,1,0.063,NA,NA,NA,0,NA,NA,0,0,0,0,0,0,0,0,NA,NA,0,0,0,NA,NA,NA,0,0,0,NA,0,NA,NA,NA,0,0,0,0,NA,"Big South - OVC Football Association","FCS"
"Sage Ingram","NWSTATE",20,38.96,"D",27,"HB",2026,"Southland",66.2,5,13,48,3.7,0,3,0,0,7,8,0.6,40,3.1,0,0.231,0.54,1,0,NA,NA,NA,0,NA,NA,0,0,0,0,0,0,0,0,NA,NA,0,0,0,NA,NA,NA,0,0,0,NA,0,NA,NA,NA,0,0,0,0,NA,"Southland","FCS"
"Joseph Williams","HOLY CROSS",53,38.89,"D",0,"HB",2026,"Patriot",61.8,7,20,41,2,1,4,0,0,3,-5,-0.3,46,2.3,0,0.2,0.15,0,0.1,"HOLY CROSS",0,"Patriot",54.4,2,20,0,0,0,0,0,0,0,0,0,0,0,0,0,0,0,0,0,0,0,0,0,"0.00%","0.00%","0.00%",0,0,0,0,"0.00%","Patriot","FCS"
"Craig Cunningham","MOREHEAD",22,38.79,"D",1,"HB",2026,"Pioneer",75.8,6,12,53,4.4,2,2,0,0,2,23,1.9,30,2.5,0,0.167,0.17,2,0,NA,NA,NA,0,NA,NA,0,0,0,0,0,0,0,0,NA,NA,0,0,0,NA,NA,NA,0,0,0,NA,0,NA,NA,NA,0,0,0,0,NA,"Pioneer","FCS"
"Domonique Thomas","SAMFORD",39,38.56,"D",7,"HB",2026,"Southern",60.4,1,8,13,1.6,0,0,0,0,2,-6,-0.8,19,2.4,0,0,0.25,0,0.25,"SAMFORD",7,"Southern",74.1,3,26,0,5,3,49,16.3,0,3,0,0,0,3,0,0,29,9.7,10,0,1.88,3.8,3,1,"100%","0.00%","0.00%",92.9,0,0.192,0,"60.00%","Southern","FCS"
"Justin Guin","N COLORADO",32,38.29,"D",6,"HB",2026,"Big Sky",63.9,3,7,28,4,1,1,0,0,0,15,2.1,13,1.9,0,0.143,0,0,0.143,"N COLORADO",6,"Big Sky",64.2,1,24,2,4,4,27,6.8,0,1,0,0,0,4,0,0,33,8.3,27,0,1.13,-1.5,1,1,"100%","0.00%","0.00%",94.8,0,0.167,0,"100%","Big Sky","FCS"
"Ethan Lawrence","CAMPBELL",32,37.97,"D",7,"HB",2026,"CAA",62.4,6,14,71,5.1,1,4,0,0,1,21,1.5,50,3.6,0,0.286,0.07,2,0,NA,NA,NA,0,NA,NA,0,0,0,0,0,0,0,0,NA,NA,0,0,0,NA,NA,NA,0,0,0,NA,0,NA,NA,NA,0,0,0,0,NA,"CAA","FCS"
"Dylan Paine","MONTANA",32,37.95,"D",23,"HB",2026,"Big Sky",46,0,13,76,5.8,1,6,0,0,0,30,2.3,46,3.5,0,0.462,0,2,0,NA,NA,NA,0,NA,NA,0,0,0,0,0,0,0,0,NA,NA,0,0,0,NA,NA,NA,0,0,0,NA,0,NA,NA,NA,0,0,0,0,NA,"Big Sky","FCS"
"Ace Chatman","UTAHTC",42,37.62,"D",0,"HB",2026,"Big Sky",65.5,4,12,38,3.2,1,2,0,0,4,15,1.3,23,1.9,0,0.167,0.33,1,0.167,"UTAHTC",0,"Big Sky",40.6,1,21,0,1,0,0,0,0,0,1,0,0,1,0,0,0,0,0,0,0,3,0,0,"0.00%","100%","0.00%",0,0,0.048,0,"0.00%","Big Sky","FCS"
"JT Smith","NC A&T",35,37.49,"D",1,"HB",2026,"CAA",68.9,3,11,44,4,0,3,0,0,3,1,0.1,43,3.9,0,0.273,0.27,2,0.364,NA,NA,NA,0,NA,NA,0,0,0,0,0,0,0,0,NA,NA,0,0,0,NA,NA,NA,0,0,0,NA,0,NA,NA,NA,0,0,0,0,NA,"CAA","FCS"
"Hayden Kincheloe","IDAHO",13,36.3,"D",37,"HB",2026,"Big Sky",77.8,5,7,37,5.3,1,4,0,0,1,9,1.3,28,4,0,0.571,0.14,1,0.143,NA,NA,NA,0,NA,NA,0,0,0,0,0,0,0,0,NA,NA,0,0,0,NA,NA,NA,0,0,0,NA,0,NA,NA,NA,0,0,0,0,NA,"Big Sky","FCS"
"Tamaj Hoffman","NICHOLLS",20,35.59,"D",6,"HB",2026,"Southland",66.8,3,9,43,4.8,0,2,0,0,4,1,0.1,42,4.7,0,0.222,0.44,3,0.111,NA,NA,NA,0,NA,NA,0,0,0,0,0,0,0,0,NA,NA,0,0,0,NA,NA,NA,0,0,0,NA,0,NA,NA,NA,0,0,0,0,NA,"Southland","FCS"
"Quran Gossett","N ARIZONA",45,35.39,"D",10,"HB",2026,"Big Sky",47.8,3,11,20,1.8,0,0,1,0,1,-3,-0.3,23,2.1,0,0,0.09,0,0.364,"N ARIZONA",10,"Big Sky",67.5,4,21,0,7,4,11,2.8,0,1,0,0,0,5,1,0,23,5.8,13,0,0.52,-1.3,0,2,"80.00%","0.00%","14.30%",62.2,0.095,0.333,0,"57.10%","Big Sky","FCS"
"Rahshan La Mons","ALBANY",55,35.04,"D",2,"HB",2026,"CAA",63.5,5,12,34,2.8,0,1,0,0,1,1,0.1,33,2.8,0,0.083,0.08,1,0.25,"ALBANY",2,"CAA",56.1,4,26,0,4,1,11,11,0,1,0,0,0,1,0,0,18,18,9,0,0.42,0.3,0,1,"100%","0.00%","0.00%",39.6,0,0.154,0,"25.00%","CAA","FCS"
"Jalyn Daniels","NORFOLK",35,34.99,"D",3,"HB",2026,"MEAC",59.5,4,12,85,7.1,0,2,1,1,0,27,2.3,58,4.8,0,0.167,0,3,0.083,NA,NA,NA,0,NA,NA,0,0,0,0,0,0,0,0,NA,NA,0,0,0,NA,NA,NA,0,0,0,NA,0,NA,NA,NA,0,0,0,0,NA,"MEAC","FCS"
"Mykel Allen","MURRAY ST",26,34.08,"D",9,"HB",2026,"Missouri Valley",67.8,6,12,48,4,0,3,0,0,3,4,0.3,44,3.7,0,0.25,0.25,1,0.167,NA,NA,NA,0,NA,NA,0,0,0,0,0,0,0,0,NA,NA,0,0,0,NA,NA,NA,0,0,0,NA,0,NA,NA,NA,0,0,0,0,NA,"Missouri Valley","FCS"
"Kolton Nero","ALAB A&M",NA,34.05,"D",7,"HB",2026,"SWAC",0,0,18,87,4.8,2,4,0,0,0,28,1.6,59,3.3,0,0.222,0,1,0,NA,NA,NA,0,NA,NA,0,0,0,0,0,0,0,0,NA,NA,0,0,0,NA,NA,NA,0,0,0,NA,0,NA,NA,NA,0,0,0,0,NA,"SWAC","FCS"
"Jaiden Daniels","E TENN ST",12,33.66,"D",7,"HB",2026,"Southern",66.5,3,7,56,8,0,2,0,0,1,19,2.7,37,5.3,0,0.286,0.14,2,0.143,NA,NA,NA,0,NA,NA,0,0,0,0,0,0,0,0,NA,NA,0,0,0,NA,NA,NA,0,0,0,NA,0,NA,NA,NA,0,0,0,0,NA,"Southern","FCS"
"Keino Fitzpatrick II","ROB MORRIS",27,33.49,"D",1,"HB",2026,"Northeast",65.7,7,13,77,5.9,0,2,0,0,1,19,1.5,58,4.5,0,0.154,0.08,2,0,NA,NA,NA,0,NA,NA,0,0,0,0,0,0,0,0,NA,NA,0,0,0,NA,NA,NA,0,0,0,NA,0,NA,NA,NA,0,0,0,0,NA,"Northeast","FCS"
"Jamaal Brown","RICHMOND",39,32.98,"D",7,"HB",2026,"Patriot",52.2,2,9,36,4,0,1,1,0,3,-1,-0.1,37,4.1,0,0.111,0.33,2,0.222,"RICHMOND",7,"Patriot",53.5,1,17,0,0,0,0,0,0,0,0,0,0,0,0,0,0,0,0,0,0,0,0,0,"0.00%","0.00%","0.00%",0,0,0,0,"0.00%","Patriot","FCS"
"Tyler Lofton","ILL STATE",12,32.92,"D",27,"HB",2026,"Missouri Valley",68.4,5,7,33,4.7,0,3,0,0,3,6,0.9,27,3.9,0,0.429,0.43,1,0.143,NA,NA,NA,0,NA,NA,0,0,0,0,0,0,0,0,NA,NA,0,0,0,NA,NA,NA,0,0,0,NA,0,NA,NA,NA,0,0,0,0,NA,"Missouri Valley","FCS"
"Seth Glatz","ILL STATE",22,32.39,"D",2,"HB",2026,"Missouri Valley",71.4,5,8,42,5.3,1,2,0,0,2,16,2,26,3.3,0,0.25,0.25,1,0,NA,NA,NA,0,NA,NA,0,0,0,0,0,0,0,0,NA,NA,0,0,0,NA,NA,NA,0,0,0,NA,0,NA,NA,NA,0,0,0,0,NA,"Missouri Valley","FCS"
"Jamarie Hostzclaw","ALABAMA ST",18,32.3,"D",2,"HB",2026,"SWAC",70,4,7,40,5.7,1,2,0,0,1,13,1.9,27,3.9,0,0.286,0.14,1,0.143,NA,NA,NA,0,NA,NA,0,0,0,0,0,0,0,0,NA,NA,0,0,0,NA,NA,NA,0,0,0,NA,0,NA,NA,NA,0,0,0,0,NA,"SWAC","FCS"
"BJ Barrow","RHODE ISLD",34,31.97,"D",2,"HB",2026,"CAA",58.2,5,11,33,3,0,2,1,1,1,5,0.5,28,2.5,0,0.182,0.09,2,0.091,"RHODE ISLD",2,"CAA",58.2,1,15,0,2,1,5,5,0,0,0,0,0,1,0,0,10,10,4,0,0.33,-6,0,1,"100%","0.00%","0.00%",56.3,0,0.133,0,"50.00%","CAA","FCS"
"Corey Blair Jr.","S DAK ST",45,31.47,"D",4,"HB",2026,"Missouri Valley",64.9,4,9,31,3.4,0,1,0,0,4,11,1.2,17,1.9,1,0.111,0.44,1,0,"S DAK ST",4,"Missouri Valley",39.5,2,33,0,4,1,0,0,0,0,1,0,0,2,0,0,0,0,0,0,0,5.5,0,0,"50.00%","50.00%","0.00%",39.6,0,0.121,0,"25.00%","Missouri Valley","FCS"
"Jimmyll Williams","ELON",25,31.2,"D",26,"HB",2026,"CAA",59.9,6,10,23,2.3,2,3,0,0,1,5,0.5,18,1.8,0,0.3,0.1,1,0.2,NA,NA,NA,0,NA,NA,0,0,0,0,0,0,0,0,NA,NA,0,0,0,NA,NA,NA,0,0,0,NA,0,NA,NA,NA,0,0,0,0,NA,"CAA","FCS"
"MJ Flowers","TENN TECH",32,31.08,"D",9,"HB",2026,"Southern",47.2,0,9,50,5.6,0,2,0,0,0,30,3.3,20,2.2,0,0.222,0,1,0,"TENN TECH",9,"Southern",56.4,0,16,0,1,1,3,3,0,0,0,0,0,0,0,0,1,1,1,0,0.19,2,0,0,"0.00%","0.00%","0.00%",79.2,0,0.063,0,"100%","Southern","FCS"
"Ken Cherry","SAMFORD",10,31,"D",22,"HB",2026,"Southern",67.2,2,6,44,7.3,0,1,0,0,2,28,4.7,16,2.7,0,0.167,0.33,1,0.167,NA,NA,NA,0,NA,NA,0,0,0,0,0,0,0,0,NA,NA,0,0,0,NA,NA,NA,0,0,0,NA,0,NA,NA,NA,0,0,0,0,NA,"Southern","FCS"
"Gracen Goldsmith","HAMPTON",22,30.95,"D",5,"HB",2026,"CAA",68.2,3,7,26,3.7,0,1,0,0,2,7,1,19,2.7,0,0.143,0.29,1,0.571,NA,NA,NA,0,NA,NA,0,0,0,0,0,0,0,0,NA,NA,0,0,0,NA,NA,NA,0,0,0,NA,0,NA,NA,NA,0,0,0,0,NA,"CAA","FCS"
"Byron Cardwell Jr.","MERCYHURST",26,30.93,"D",21,"HB",2026,"Northeast",63.6,4,8,14,1.8,1,1,0,0,2,-1,-0.1,15,1.9,0,0.125,0.25,0,0,"MERCYHURST",21,"Northeast",52.4,0,16,0,1,0,0,0,0,0,0,0,0,0,0,0,0,0,0,0,0,15,0,0,"0.00%","0.00%","0.00%",39.6,0,0.063,0,"0.00%","Northeast","FCS"
"Ja'briel Mace","VILLANOVA",27,30.91,"D",4,"HB",2026,"Patriot",56.8,5,14,55,3.9,0,3,0,0,1,31,2.2,24,1.7,0,0.214,0.07,3,0.143,NA,NA,NA,0,NA,NA,0,0,0,0,0,0,0,0,NA,NA,0,0,0,NA,NA,NA,0,0,0,NA,0,NA,NA,NA,0,0,0,0,NA,"Patriot","FCS"
"Carson Fletcher","S DAKOTA",21,30.91,"D",33,"HB",2026,"Missouri Valley",71.9,5,7,46,6.6,0,3,0,0,1,23,3.3,23,3.3,0,0.429,0.14,2,0,NA,NA,NA,0,NA,NA,0,0,0,0,0,0,0,0,NA,NA,0,0,0,NA,NA,NA,0,0,0,NA,0,NA,NA,NA,0,0,0,0,NA,"Missouri Valley","FCS"
"Tyler Smith","SCAR STATE",26,30.1,"D",10,"HB",2026,"MEAC",70.1,5,8,50,6.3,0,2,0,0,1,18,2.3,32,4,0,0.25,0.13,3,0,NA,NA,NA,0,NA,NA,0,0,0,0,0,0,0,0,NA,NA,0,0,0,NA,NA,NA,0,0,0,NA,0,NA,NA,NA,0,0,0,0,NA,"MEAC","FCS"
"Rashawn Marshall","MAINE",27,30.01,"D",5,"HB",2026,"CAA",68,5,13,37,2.9,0,1,0,0,4,9,0.7,28,2.1,0,0.077,0.31,1,0.154,NA,NA,NA,0,NA,NA,0,0,0,0,0,0,0,0,NA,NA,0,0,0,NA,NA,NA,0,0,0,NA,0,NA,NA,NA,0,0,0,0,NA,"CAA","FCS"
"Nate Blount IV","JACKSON ST",NA,30,"D",2,"HB",2026,"SWAC",0,0,13,67,5.2,2,4,0,0,0,26,2,41,3.1,0,0.308,0,1,0,NA,NA,NA,0,NA,NA,0,0,0,0,0,0,0,0,NA,NA,0,0,0,NA,NA,NA,0,0,0,NA,0,NA,NA,NA,0,0,0,0,NA,"SWAC","FCS"
"Jameir Gamble","MERCYHURST",30,29.73,"D",2,"HB",2026,"Northeast",59.7,7,13,57,4.4,0,2,1,0,2,14,1.1,43,3.3,0,0.154,0.15,2,0,NA,NA,NA,0,NA,NA,0,0,0,0,0,0,0,0,NA,NA,0,0,0,NA,NA,NA,0,0,0,NA,0,NA,NA,NA,0,0,0,0,NA,"Northeast","FCS"
"Mike Franklin","SOUTHERN U",7,29.63,"D",7,"HB",2026,"SWAC",65.9,5,6,41,6.8,0,2,0,0,2,12,2,29,4.8,0,0.333,0.33,1,0,NA,NA,NA,0,NA,NA,0,0,0,0,0,0,0,0,NA,NA,0,0,0,NA,NA,NA,0,0,0,NA,0,NA,NA,NA,0,0,0,0,NA,"SWAC","FCS"
"Omar Mbakwe","SAN DIEGO",29,29.46,"D",0,"HB",2026,"Pioneer",61.1,4,13,39,3,1,4,0,0,1,6,0.5,33,2.5,0,0.308,0.08,1,0,NA,NA,NA,0,NA,NA,0,0,0,0,0,0,0,0,NA,NA,0,0,0,NA,NA,NA,0,0,0,NA,0,NA,NA,NA,0,0,0,0,NA,"Pioneer","FCS"
"Aaron Crossley","LEHIGH",14,29.4,"D",5,"HB",2026,"Patriot",54.3,5,6,36,6,0,1,1,1,3,18,3,18,3,0,0.167,0.5,1,0.167,NA,NA,NA,0,NA,NA,0,0,0,0,0,0,0,0,NA,NA,0,0,0,NA,NA,NA,0,0,0,NA,0,NA,NA,NA,0,0,0,0,NA,"Patriot","FCS"
"Kevin Lalin","CHATTNOOGA",32,29.3,"D",9,"HB",2026,"Southern",51.8,2,13,64,4.9,0,4,0,0,0,14,1.1,50,3.9,0,0.308,0,2,0,NA,NA,NA,0,NA,NA,0,0,0,0,0,0,0,0,NA,NA,0,0,0,NA,NA,NA,0,0,0,NA,0,NA,NA,NA,0,0,0,0,NA,"Southern","FCS"
"D'Marius Rucker","E TENN ST",10,28.95,"D",26,"HB",2026,"Southern",58.7,2,8,28,3.5,1,2,0,0,3,14,1.8,14,1.8,0,0.25,0.38,1,0,NA,NA,NA,0,NA,NA,0,0,0,0,0,0,0,0,NA,NA,0,0,0,NA,NA,NA,0,0,0,NA,0,NA,NA,NA,0,0,0,0,NA,"Southern","FCS"
"Aziz Foster-Powell","RICHMOND",26,28.72,"D",3,"HB",2026,"Patriot",71.6,6,10,34,3.4,1,3,0,0,0,8,0.8,26,2.6,0,0.3,0,0,0.2,NA,NA,NA,0,NA,NA,0,0,0,0,0,0,0,0,NA,NA,0,0,0,NA,NA,NA,0,0,0,NA,0,NA,NA,NA,0,0,0,0,NA,"Patriot","FCS"
"Keith Jenkins Jr.","MORGAN ST",15,28.53,"D",1,"HB",2026,"MEAC",68.8,3,7,25,3.6,0,2,0,0,3,3,0.4,22,3.1,0,0.286,0.43,1,0.143,NA,NA,NA,0,NA,NA,0,0,0,0,0,0,0,0,NA,NA,0,0,0,NA,NA,NA,0,0,0,NA,0,NA,NA,NA,0,0,0,0,NA,"MEAC","FCS"
"Clyde McClendon Jr.","GRAMBLING",12,28.52,"D",24,"HB",2026,"SWAC",63.6,3,6,16,2.7,1,4,0,0,1,-1,-0.2,17,2.8,0,0.667,0.17,0,0.167,NA,NA,NA,0,NA,NA,0,0,0,0,0,0,0,0,NA,NA,0,0,0,NA,NA,NA,0,0,0,NA,0,NA,NA,NA,0,0,0,0,NA,"SWAC","FCS"
"Calvin Smith Jr.","SE LA",12,28.4,"D",5,"HB",2026,"Southland",59.7,5,8,38,4.8,0,2,0,0,2,21,2.6,17,2.1,0,0.25,0.25,2,0.125,NA,NA,NA,0,NA,NA,0,0,0,0,0,0,0,0,NA,NA,0,0,0,NA,NA,NA,0,0,0,NA,0,NA,NA,NA,0,0,0,0,NA,"Southland","FCS"
"Ezekiel Pour","MOREHEAD",9,27.9,"D",3,"HB",2026,"Pioneer",73.7,4,7,29,4.1,0,3,0,0,2,-6,-0.9,35,5,0,0.429,0.29,1,0,NA,NA,NA,0,NA,NA,0,0,0,0,0,0,0,0,NA,NA,0,0,0,NA,NA,NA,0,0,0,NA,0,NA,NA,NA,0,0,0,0,NA,"Pioneer","FCS"
"Ness Davis","DUQUESNE",21,27.59,"D",32,"HB",2026,"Northeast",58.3,3,11,32,2.9,0,0,0,0,3,-4,-0.4,36,3.3,0,0,0.27,1,0.364,NA,NA,NA,0,NA,NA,0,0,0,0,0,0,0,0,NA,NA,0,0,0,NA,NA,NA,0,0,0,NA,0,NA,NA,NA,0,0,0,0,NA,"Northeast","FCS"
"Joquez Smith","NEW HAMP",13,27.43,"D",24,"HB",2026,"CAA",62.1,2,8,64,8,0,1,0,0,0,8,1,56,7,0,0.125,0,1,0,NA,NA,NA,0,NA,NA,0,0,0,0,0,0,0,0,NA,NA,0,0,0,NA,NA,NA,0,0,0,NA,0,NA,NA,NA,0,0,0,0,NA,"CAA","FCS"
"Galamama Mulbah","MERRIMACK",18,27.27,"D",0,"HB",2026,"IND (FCS)",65.4,4,7,41,5.9,1,2,0,0,0,20,2.9,21,3,0,0.286,0,1,0,NA,NA,NA,0,NA,NA,0,0,0,0,0,0,0,0,NA,NA,0,0,0,NA,NA,NA,0,0,0,NA,0,NA,NA,NA,0,0,0,0,NA,"IND (FCS)","FCS"
"D'Shaun Ford","GRAMBLING",15,27.23,"D",23,"HB",2026,"SWAC",67.3,4,9,38,4.2,1,2,0,0,0,18,2,20,2.2,0,0.222,0,1,0.111,NA,NA,NA,0,NA,NA,0,0,0,0,0,0,0,0,NA,NA,0,0,0,NA,NA,NA,0,0,0,NA,0,NA,NA,NA,0,0,0,0,NA,"SWAC","FCS"
"Mathias Price","N COLORADO",32,27.2,"D",5,"HB",2026,"Big Sky",60.9,3,10,34,3.4,0,2,0,0,0,15,1.5,19,1.9,0,0.2,0,1,0,"N COLORADO",5,"Big Sky",54.1,0,19,0,1,1,2,2,0,0,0,0,0,1,0,0,3,3,0,0,0.11,-1,0,0,"100%","0.00%","0.00%",79.2,0,0.053,0,"100%","Big Sky","FCS"
"Josh Shaw","SCAR STATE",14,27.02,"D",0,"HB",2026,"MEAC",63.5,3,8,18,2.3,2,3,0,0,1,4,0.5,14,1.8,0,0.375,0.13,0,0,NA,NA,NA,0,NA,NA,0,0,0,0,0,0,0,0,NA,NA,0,0,0,NA,NA,NA,0,0,0,NA,0,NA,NA,NA,0,0,0,0,NA,"MEAC","FCS"
"Joey Koch","ALBANY",19,26.82,"D",22,"HB",2026,"CAA",68.7,5,8,40,5,0,2,0,0,0,9,1.1,31,3.9,0,0.25,0,1,0.25,NA,NA,NA,0,NA,NA,0,0,0,0,0,0,0,0,NA,NA,0,0,0,NA,NA,NA,0,0,0,NA,0,NA,NA,NA,0,0,0,0,NA,"CAA","FCS"
"Tyrell Reed Jr.","SE MO ST",16,26.57,"D",29,"HB",2026,"Big South - OVC Football Association",59.1,4,9,27,3,0,1,0,0,4,3,0.3,24,2.7,0,0.111,0.44,1,0.111,NA,NA,NA,0,NA,NA,0,0,0,0,0,0,0,0,NA,NA,0,0,0,NA,NA,NA,0,0,0,NA,0,NA,NA,NA,0,0,0,0,NA,"Big South - OVC Football Association","FCS"
"Breyon Williams","ROB MORRIS",15,26.32,"D",25,"HB",2026,"Northeast",70.5,5,6,27,4.5,0,1,0,0,3,-1,-0.2,28,4.7,0,0.167,0.5,1,0,NA,NA,NA,0,NA,NA,0,0,0,0,0,0,0,0,NA,NA,0,0,0,NA,NA,NA,0,0,0,NA,0,NA,NA,NA,0,0,0,0,NA,"Northeast","FCS"
"Gino Addison","NC CENT",NA,25.96,"D",20,"HB",2026,"MEAC",0,0,10,61,6.1,1,4,0,0,0,12,1.2,49,4.9,0,0.4,0,1,0,NA,NA,NA,0,NA,NA,0,0,0,0,0,0,0,0,NA,NA,0,0,0,NA,NA,NA,0,0,0,NA,0,NA,NA,NA,0,0,0,0,NA,"MEAC","FCS"
"Chase Gillespie","FL A&M",37,25.1,"D",7,"HB",2026,"SWAC",59.2,2,9,0,0,0,0,0,0,1,-14,-1.6,14,1.6,0,0,0.11,0,0.444,"FL A&M",7,"SWAC",57.1,1,15,0,1,1,4,4,0,0,0,0,0,1,0,0,9,9,2,0,0.27,-5,0,1,"100%","0.00%","0.00%",83.3,0.067,0.067,0,"100%","SWAC","FCS"
"Malachi Gamble","LAFAYETTE",14,25.05,"D",34,"HB",2026,"Patriot",69.8,4,6,28,4.7,0,2,0,0,1,9,1.5,19,3.2,0,0.333,0.17,0,0.167,NA,NA,NA,0,NA,NA,0,0,0,0,0,0,0,0,NA,NA,0,0,0,NA,NA,NA,0,0,0,NA,0,NA,NA,NA,0,0,0,0,NA,"Patriot","FCS"
"Robert Giaimo","LNDNWD",15,24.97,"D",21,"HB",2026,"Big South - OVC Football Association",63.4,4,8,26,3.3,0,1,0,0,4,-6,-0.8,32,4,0,0.125,0.5,0,0,NA,NA,NA,0,NA,NA,0,0,0,0,0,0,0,0,NA,NA,0,0,0,NA,NA,NA,0,0,0,NA,0,NA,NA,NA,0,0,0,0,NA,"Big South - OVC Football Association","FCS"
"Matthias Latham","MERRIMACK",29,24.39,"D",34,"HB",2026,"IND (FCS)",61.7,1,6,17,2.8,0,1,0,0,2,-6,-1,23,3.8,0,0.167,0.33,1,0.333,NA,NA,NA,0,NA,NA,0,0,0,0,0,0,0,0,NA,NA,0,0,0,NA,NA,NA,0,0,0,NA,0,NA,NA,NA,0,0,0,0,NA,"IND (FCS)","FCS"
"Andre Crews","GRAMBLING",12,24.38,"D",13,"HB",2026,"SWAC",50.4,3,6,23,3.8,0,2,1,1,2,1,0.2,22,3.7,0,0.333,0.33,1,0.167,NA,NA,NA,0,NA,NA,0,0,0,0,0,0,0,0,NA,NA,0,0,0,NA,NA,NA,0,0,0,NA,0,NA,NA,NA,0,0,0,0,NA,"SWAC","FCS"
"Adam Criter","SAN DIEGO",30,24.14,"D",4,"HB",2026,"Pioneer",55.4,2,14,54,3.9,0,1,0,0,1,12,0.9,42,3,0,0.071,0.07,1,0,NA,NA,NA,0,NA,NA,0,0,0,0,0,0,0,0,NA,NA,0,0,0,NA,NA,NA,0,0,0,NA,0,NA,NA,NA,0,0,0,0,NA,"Pioneer","FCS"
"Jaylen Jennings","ARKAPB",25,24.05,"D",1,"HB",2026,"SWAC",71.2,4,7,24,3.4,0,2,0,0,2,-4,-0.6,28,4,0,0.286,0.29,1,0,NA,NA,NA,0,NA,NA,0,0,0,0,0,0,0,0,NA,NA,0,0,0,NA,NA,NA,0,0,0,NA,0,NA,NA,NA,0,0,0,0,NA,"SWAC","FCS"
"Griffin Broderick","N DAKOTA",NA,22.91,"D",31,"HB",2026,"Missouri Valley",0,0,6,44,7.3,1,3,0,0,0,13,2.2,31,5.2,0,0.5,0,1,0,NA,NA,NA,0,NA,NA,0,0,0,0,0,0,0,0,NA,NA,0,0,0,NA,NA,NA,0,0,0,NA,0,NA,NA,NA,0,0,0,0,NA,"Missouri Valley","FCS"
"Lincoln Cardillo","MARIST",NA,22.69,"D",4,"HB",2026,"Pioneer",0,0,11,45,4.1,1,5,0,0,0,17,1.6,28,2.5,0,0.455,0,1,0,NA,NA,NA,0,NA,NA,0,0,0,0,0,0,0,0,NA,NA,0,0,0,NA,NA,NA,0,0,0,NA,0,NA,NA,NA,0,0,0,0,NA,"Pioneer","FCS"
"Clay Ash","GEORGETOWN",33,22.55,"D",28,"HB",2026,"Patriot",63.5,5,9,28,3.1,0,1,0,0,3,7,0.8,21,2.3,0,0.111,0.33,0,0,NA,NA,NA,0,NA,NA,0,0,0,0,0,0,0,0,NA,NA,0,0,0,NA,NA,NA,0,0,0,NA,0,NA,NA,NA,0,0,0,0,NA,"Patriot","FCS"
"Brayden Latham","E KENTUCKY",18,22.54,"D",14,"HB",2026,"United Athletic",64.5,4,10,32,3.2,0,1,0,0,1,5,0.5,27,2.7,0,0.1,0.1,2,0.1,NA,NA,NA,0,NA,NA,0,0,0,0,0,0,0,0,NA,NA,0,0,0,NA,NA,NA,0,0,0,NA,0,NA,NA,NA,0,0,0,0,NA,"United Athletic","FCS"
"Christian Vann","GARD-WEBB",36,22.39,"D",34,"HB",2026,"Big South - OVC Football Association",63.3,3,8,22,2.8,0,0,0,0,0,14,1.8,8,1,0,0,0,0,0.125,"GARD-WEBB",34,"Big South - OVC Football Association",56.5,1,19,0,2,1,3,3,0,0,0,0,0,1,0,0,5,5,-1,0,0.16,-1.5,0,1,"100%","0.00%","0.00%",16.7,0,0.105,0,"50.00%","Big South - OVC Football Association","FCS"
"Kemarrion Battles","TOWSON",21,22.25,"D",3,"HB",2026,"CAA",59.8,1,8,25,3.1,0,1,0,0,2,3,0.4,22,2.8,0,0.125,0.25,1,0.125,NA,NA,NA,0,NA,NA,0,0,0,0,0,0,0,0,NA,NA,0,0,0,NA,NA,NA,0,0,0,NA,0,NA,NA,NA,0,0,0,0,NA,"CAA","FCS"
"Jojo Uga","LAMAR",22,22.01,"D",0,"HB",2026,"Southland",63.1,4,8,24,3,0,1,0,0,3,-3,-0.4,27,3.4,0,0.125,0.38,0,0,NA,NA,NA,0,NA,NA,0,0,0,0,0,0,0,0,NA,NA,0,0,0,NA,NA,NA,0,0,0,NA,0,NA,NA,NA,0,0,0,0,NA,"Southland","FCS"
"Zion Dobson","NC CENT",1,21.93,"D",22,"HB",2026,"MEAC",0,0,16,69,4.3,0,3,0,0,0,13,0.8,56,3.5,0,0.188,0,2,0,NA,NA,NA,0,NA,NA,0,0,0,0,0,0,0,0,NA,NA,0,0,0,NA,NA,NA,0,0,0,NA,0,NA,NA,NA,0,0,0,0,NA,"MEAC","FCS"
"Colson Coon","MONTANA ST",20,21.83,"D",28,"HB",2026,"Big Sky",67.3,4,7,29,4.1,0,3,0,0,0,12,1.7,17,2.4,0,0.429,0,1,0,NA,NA,NA,0,NA,NA,0,0,0,0,0,0,0,0,NA,NA,0,0,0,NA,NA,NA,0,0,0,NA,0,NA,NA,NA,0,0,0,0,NA,"Big Sky","FCS"
"Camury Reid","SO UTAH",33,21.7,"D",20,"HB",2026,"Big Sky",62.4,6,12,30,2.5,0,1,0,0,2,2,0.2,28,2.3,0,0.083,0.17,0,0.083,NA,NA,NA,0,NA,NA,0,0,0,0,0,0,0,0,NA,NA,0,0,0,NA,NA,NA,0,0,0,NA,0,NA,NA,NA,0,0,0,0,NA,"Big Sky","FCS"
"Colton Brunell","N DAKOTA",NA,21.66,"D",21,"HB",2026,"Missouri Valley",0,0,11,65,5.9,0,3,0,0,0,28,2.5,37,3.4,0,0.273,0,2,0,NA,NA,NA,0,NA,NA,0,0,0,0,0,0,0,0,NA,NA,0,0,0,NA,NA,NA,0,0,0,NA,0,NA,NA,NA,0,0,0,0,NA,"Missouri Valley","FCS"
"Jakyre Henley","LAFAYETTE",31,21.63,"D",5,"HB",2026,"Patriot",57.3,1,7,8,1.1,0,1,0,0,1,-6,-0.9,14,2,0,0.143,0.14,1,0.571,NA,NA,NA,0,NA,NA,0,0,0,0,0,0,0,0,NA,NA,0,0,0,NA,NA,NA,0,0,0,NA,0,NA,NA,NA,0,0,0,0,NA,"Patriot","FCS"
"Robert Freeman IV","IDAHO ST",35,21.49,"D",0,"HB",2026,"Big Sky",63.8,5,10,32,3.2,0,2,0,0,0,16,1.6,16,1.6,0,0.2,0,0,0.2,NA,NA,NA,0,NA,NA,0,0,0,0,0,0,0,0,NA,NA,0,0,0,NA,NA,NA,0,0,0,NA,0,NA,NA,NA,0,0,0,0,NA,"Big Sky","FCS"
"Jaylen Middleton","HOUCHR",17,21.08,"D",4,"HB",2026,"Southland",63.7,2,9,29,3.2,0,1,0,0,1,3,0.3,26,2.9,0,0.111,0.11,1,0.111,NA,NA,NA,0,NA,NA,0,0,0,0,0,0,0,0,NA,NA,0,0,0,NA,NA,NA,0,0,0,NA,0,NA,NA,NA,0,0,0,0,NA,"Southland","FCS"
"Ashton Ashford","ALABAMA ST",9,21.02,"D",6,"HB",2026,"SWAC",61.6,2,7,23,3.3,1,0,0,0,1,15,2.1,8,1.1,0,0,0.14,0,0.143,NA,NA,NA,0,NA,NA,0,0,0,0,0,0,0,0,NA,NA,0,0,0,NA,NA,NA,0,0,0,NA,0,NA,NA,NA,0,0,0,0,NA,"SWAC","FCS"
"Isaiah Ragland","VILLANOVA",26,20.64,"D",20,"HB",2026,"Patriot",56.4,3,13,42,3.2,0,2,0,0,0,19,1.5,23,1.8,0,0.154,0,1,0,NA,NA,NA,0,NA,NA,0,0,0,0,0,0,0,0,NA,NA,0,0,0,NA,NA,NA,0,0,0,NA,0,NA,NA,NA,0,0,0,0,NA,"Patriot","FCS"
"TJ Dement","TXRG",29,20.49,"D",4,"HB",2026,"Southland",59,7,12,29,2.4,0,3,0,0,1,5,0.4,24,2,0,0.25,0.08,0,0,NA,NA,NA,0,NA,NA,0,0,0,0,0,0,0,0,NA,NA,0,0,0,NA,NA,NA,0,0,0,NA,0,NA,NA,NA,0,0,0,0,NA,"Southland","FCS"
"Deuce Young","GARD-WEBB",17,20.33,"D",10,"HB",2026,"Big South - OVC Football Association",58.1,2,6,23,3.8,1,2,0,0,0,18,3,5,0.8,0,0.333,0,0,0,NA,NA,NA,0,NA,NA,0,0,0,0,0,0,0,0,NA,NA,0,0,0,NA,NA,NA,0,0,0,NA,0,NA,NA,NA,0,0,0,0,NA,"Big South - OVC Football Association","FCS"
"Jareese Howard","ALABAMA ST",14,20.05,"D",23,"HB",2026,"SWAC",63.9,3,8,22,2.8,1,2,0,0,0,12,1.5,10,1.3,0,0.25,0,0,0,NA,NA,NA,0,NA,NA,0,0,0,0,0,0,0,0,NA,NA,0,0,0,NA,NA,NA,0,0,0,NA,0,NA,NA,NA,0,0,0,0,NA,"SWAC","FCS"
"Zuberi Mobley","BETH COOK",20,19.91,"F",11,"HB",2026,"SWAC",63.4,2,6,12,2,0,0,0,0,1,-2,-0.3,14,2.3,0,0,0.17,0,0.5,NA,NA,NA,0,NA,NA,0,0,0,0,0,0,0,0,NA,NA,0,0,0,NA,NA,NA,0,0,0,NA,0,NA,NA,NA,0,0,0,0,NA,"SWAC","FCS"
"Dan Frederick","ELON",15,19.84,"F",2,"HB",2026,"CAA",60.5,2,6,28,4.7,0,1,0,0,0,16,2.7,12,2,0,0.167,0,1,0.167,NA,NA,NA,0,NA,NA,0,0,0,0,0,0,0,0,NA,NA,0,0,0,NA,NA,NA,0,0,0,NA,0,NA,NA,NA,0,0,0,0,NA,"CAA","FCS"
"Parker Jenkins","LAMAR",21,19.6,"F",3,"HB",2026,"Southland",54.9,6,10,24,2.4,0,1,1,0,2,-1,-0.1,25,2.5,0,0.1,0.2,0,0.1,NA,NA,NA,0,NA,NA,0,0,0,0,0,0,0,0,NA,NA,0,0,0,NA,NA,NA,0,0,0,NA,0,NA,NA,NA,0,0,0,0,NA,"Southland","FCS"
"Champ Davis","SOUTHERN U",14,19.45,"F",0,"HB",2026,"SWAC",61.4,2,6,22,3.7,0,2,0,0,1,2,0.3,20,3.3,0,0.333,0.17,0,0,NA,NA,NA,0,NA,NA,0,0,0,0,0,0,0,0,NA,NA,0,0,0,NA,NA,NA,0,0,0,NA,0,NA,NA,NA,0,0,0,0,NA,"SWAC","FCS"
"Ernest Temple","ALCORN ST",17,19.07,"F",20,"HB",2026,"SWAC",64.3,3,9,32,3.6,0,2,0,0,0,-4,-0.4,36,4,0,0.222,0,0,0,NA,NA,NA,0,NA,NA,0,0,0,0,0,0,0,0,NA,NA,0,0,0,NA,NA,NA,0,0,0,NA,0,NA,NA,NA,0,0,0,0,NA,"SWAC","FCS"
"Michael Dempsey","STETSON",2,18.64,"F",0,"HB",2026,"Pioneer",54.4,0,7,14,2,1,3,0,0,0,6,0.9,8,1.1,0,0.429,0,0,0,NA,NA,NA,0,NA,NA,0,0,0,0,0,0,0,0,NA,NA,0,0,0,NA,NA,NA,0,0,0,NA,0,NA,NA,NA,0,0,0,0,NA,"Pioneer","FCS"
"Dorian Harris","MORGAN ST",14,18.54,"F",22,"HB",2026,"MEAC",70.3,4,6,24,4,0,2,0,0,0,10,1.7,14,2.3,0,0.333,0,0,0,NA,NA,NA,0,NA,NA,0,0,0,0,0,0,0,0,NA,NA,0,0,0,NA,NA,NA,0,0,0,NA,0,NA,NA,NA,0,0,0,0,NA,"MEAC","FCS"
"Joshua Tate","ALCORN ST",12,18.39,"F",23,"HB",2026,"SWAC",63.9,3,8,33,4.1,0,1,0,0,0,15,1.9,18,2.3,0,0.125,0,1,0,NA,NA,NA,0,NA,NA,0,0,0,0,0,0,0,0,NA,NA,0,0,0,NA,NA,NA,0,0,0,NA,0,NA,NA,NA,0,0,0,0,NA,"SWAC","FCS"
"Jeremiah Coney","STNY BROOK",17,17.99,"F",4,"HB",2026,"CAA",63.7,3,7,17,2.4,0,1,0,0,2,0,0,17,2.4,0,0.143,0.29,0,0,NA,NA,NA,0,NA,NA,0,0,0,0,0,0,0,0,NA,NA,0,0,0,NA,NA,NA,0,0,0,NA,0,NA,NA,NA,0,0,0,0,NA,"CAA","FCS"
"Xavier Goulbourne","ROB MORRIS",16,17.57,"F",0,"HB",2026,"Northeast",56.7,2,6,25,4.2,0,1,0,0,0,8,1.3,17,2.8,0,0.167,0,0,0.167,NA,NA,NA,0,NA,NA,0,0,0,0,0,0,0,0,NA,NA,0,0,0,NA,NA,NA,0,0,0,NA,0,NA,NA,NA,0,0,0,0,NA,"Northeast","FCS"
"Jordan Bennett","BRYANT",13,17.18,"F",28,"HB",2026,"CAA",56.7,2,8,29,3.6,0,2,0,0,0,12,1.5,17,2.1,0,0.25,0,0,0,NA,NA,NA,0,NA,NA,0,0,0,0,0,0,0,0,NA,NA,0,0,0,NA,NA,NA,0,0,0,NA,0,NA,NA,NA,0,0,0,0,NA,"CAA","FCS"
"Carter James","MS VLY ST",21,16.89,"F",9,"HB",2026,"SWAC",59.9,3,10,23,2.3,0,0,0,0,2,-3,-0.3,26,2.6,0,0,0.2,0,0,NA,NA,NA,0,NA,NA,0,0,0,0,0,0,0,0,NA,NA,0,0,0,NA,NA,NA,0,0,0,NA,0,NA,NA,NA,0,0,0,0,NA,"SWAC","FCS"
"Jake Croce","HOLY CROSS",14,16.82,"F",40,"HB",2026,"Patriot",56.8,1,8,15,1.9,0,1,0,0,1,-8,-1,23,2.9,0,0.125,0.13,1,0.125,NA,NA,NA,0,NA,NA,0,0,0,0,0,0,0,0,NA,NA,0,0,0,NA,NA,NA,0,0,0,NA,0,NA,NA,NA,0,0,0,0,NA,"Patriot","FCS"
"Yohan-Li Louis","FORDHAM",16,16.48,"F",13,"HB",2026,"Patriot",61.3,4,9,23,2.6,0,1,0,0,1,4,0.4,19,2.1,0,0.111,0.11,0,0,NA,NA,NA,0,NA,NA,0,0,0,0,0,0,0,0,NA,NA,0,0,0,NA,NA,NA,0,0,0,NA,0,NA,NA,NA,0,0,0,0,NA,"Patriot","FCS"
"Tyler Arrington","JACKSON ST",NA,16.4,"F",12,"HB",2026,"SWAC",0,0,6,40,6.7,0,2,0,0,0,11,1.8,29,4.8,0,0.333,0,2,0,NA,NA,NA,0,NA,NA,0,0,0,0,0,0,0,0,NA,NA,0,0,0,NA,NA,NA,0,0,0,NA,0,NA,NA,NA,0,0,0,0,NA,"SWAC","FCS"
"Zalan Bennett","JACKSON ST",NA,16.4,"F",25,"HB",2026,"SWAC",0,0,7,43,6.1,0,2,0,0,0,8,1.1,35,5,0,0.286,0,2,0,NA,NA,NA,0,NA,NA,0,0,0,0,0,0,0,0,NA,NA,0,0,0,NA,NA,NA,0,0,0,NA,0,NA,NA,NA,0,0,0,0,NA,"SWAC","FCS"
"Michael Dellumo","BUTLER",22,16.12,"F",24,"HB",2026,"Pioneer",57.9,2,10,23,2.3,0,2,0,0,0,13,1.3,10,1,0,0.2,0,1,0,NA,NA,NA,0,NA,NA,0,0,0,0,0,0,0,0,NA,NA,0,0,0,NA,NA,NA,0,0,0,NA,0,NA,NA,NA,0,0,0,0,NA,"Pioneer","FCS"
"Tyren Buggs","E ILLINOIS",14,16.12,"F",22,"HB",2026,"Big South - OVC Football Association",59.2,1,6,2,0.3,0,0,0,0,3,-9,-1.5,11,1.8,0,0,0.5,0,0.167,NA,NA,NA,0,NA,NA,0,0,0,0,0,0,0,0,NA,NA,0,0,0,NA,NA,NA,0,0,0,NA,0,NA,NA,NA,0,0,0,0,NA,"Big South - OVC Football Association","FCS"
"Charles Kellom","E ILLINOIS",21,16.05,"F",4,"HB",2026,"Big South - OVC Football Association",56.6,1,7,20,2.9,0,0,0,0,2,4,0.6,16,2.3,0,0,0.29,0,0,NA,NA,NA,0,NA,NA,0,0,0,0,0,0,0,0,NA,NA,0,0,0,NA,NA,NA,0,0,0,NA,0,NA,NA,NA,0,0,0,0,NA,"Big South - OVC Football Association","FCS"
"Desmin Jackson","BUTLER",29,16.05,"F",25,"HB",2026,"Pioneer",58,2,10,17,1.7,1,1,0,0,0,8,0.8,9,0.9,0,0.1,0,0,0,NA,NA,NA,0,NA,NA,0,0,0,0,0,0,0,0,NA,NA,0,0,0,NA,NA,NA,0,0,0,NA,0,NA,NA,NA,0,0,0,0,NA,"Pioneer","FCS"
"Will Jones","DAVIDSON",34,16.05,"F",28,"HB",2026,"Pioneer",58,2,8,15,1.9,0,0,0,0,1,2,0.3,13,1.6,0,0,0.13,0,0.25,NA,NA,NA,0,NA,NA,0,0,0,0,0,0,0,0,NA,NA,0,0,0,NA,NA,NA,0,0,0,NA,0,NA,NA,NA,0,0,0,0,NA,"Pioneer","FCS"
"Jamal Hailey","FL A&M",26,15.99,"F",2,"HB",2026,"SWAC",62.5,4,11,13,1.2,0,0,0,0,2,-6,-0.6,19,1.7,0,0,0.18,0,0.091,NA,NA,NA,0,NA,NA,0,0,0,0,0,0,0,0,NA,NA,0,0,0,NA,NA,NA,0,0,0,NA,0,NA,NA,NA,0,0,0,0,NA,"SWAC","FCS"
"Koven Smith","LAFAYETTE",17,15.98,"F",20,"HB",2026,"Patriot",64.1,3,7,19,2.7,0,1,0,0,0,1,0.1,18,2.6,0,0.143,0,0,0.143,NA,NA,NA,0,NA,NA,0,0,0,0,0,0,0,0,NA,NA,0,0,0,NA,NA,NA,0,0,0,NA,0,NA,NA,NA,0,0,0,0,NA,"Patriot","FCS"
"Justin Montgomery","W GEORGIA",18,15.88,"F",2,"HB",2026,"United Athletic",46.3,1,7,9,1.3,0,0,1,1,2,-9,-1.3,18,2.6,0,0,0.29,0,0.286,NA,NA,NA,0,NA,NA,0,0,0,0,0,0,0,0,NA,NA,0,0,0,NA,NA,NA,0,0,0,NA,0,NA,NA,NA,0,0,0,0,NA,"United Athletic","FCS"
"Jayden Sumpter","GEORGETOWN",16,15.77,"F",8,"HB",2026,"Patriot",61.2,2,6,16,2.7,0,0,0,0,1,3,0.5,13,2.2,0,0,0.17,0,0.167,NA,NA,NA,0,NA,NA,0,0,0,0,0,0,0,0,NA,NA,0,0,0,NA,NA,NA,0,0,0,NA,0,NA,NA,NA,0,0,0,0,NA,"Patriot","FCS"
"Isaiah Simmons","MARIST",NA,15.73,"F",2,"HB",2026,"Pioneer",0,0,9,32,3.6,0,2,0,0,0,0,0,32,3.6,0,0.222,0,2,0.222,NA,NA,NA,0,NA,NA,0,0,0,0,0,0,0,0,NA,NA,0,0,0,NA,NA,NA,0,0,0,NA,0,NA,NA,NA,0,0,0,0,NA,"Pioneer","FCS"
"Rovaughn Banks Jr.","ABILENE CH",29,15.61,"F",2,"HB",2026,"United Athletic",51,3,12,25,2.1,0,1,1,0,1,0,0,25,2.1,0,0.083,0.08,0,0,NA,NA,NA,0,NA,NA,0,0,0,0,0,0,0,0,NA,NA,0,0,0,NA,NA,NA,0,0,0,NA,0,NA,NA,NA,0,0,0,0,NA,"United Athletic","FCS"
"OJ Ross","BRYANT",26,15.56,"F",4,"HB",2026,"CAA",58,2,8,15,1.9,0,0,0,0,0,6,0.8,9,1.1,0,0,0,0,0.375,NA,NA,NA,0,NA,NA,0,0,0,0,0,0,0,0,NA,NA,0,0,0,NA,NA,NA,0,0,0,NA,0,NA,NA,NA,0,0,0,0,NA,"CAA","FCS"
"Terrence Campbell","RHODE ISLD",25,15.56,"F",27,"HB",2026,"CAA",66.2,3,7,24,3.4,0,1,0,0,0,6,0.9,18,2.6,0,0.143,0,0,0,NA,NA,NA,0,NA,NA,0,0,0,0,0,0,0,0,NA,NA,0,0,0,NA,NA,NA,0,0,0,NA,0,NA,NA,NA,0,0,0,0,NA,"CAA","FCS"
"Emari Matthews","JACKSON ST",NA,15.26,"F",9,"HB",2026,"SWAC",0,0,6,33,5.5,0,3,0,0,0,13,2.2,20,3.3,0,0.5,0,1,0,NA,NA,NA,0,NA,NA,0,0,0,0,0,0,0,0,NA,NA,0,0,0,NA,NA,NA,0,0,0,NA,0,NA,NA,NA,0,0,0,0,NA,"SWAC","FCS"
"Caleb Naumann","COLGATE",8,15.07,"F",28,"HB",2026,"Patriot",64.6,3,7,15,2.1,0,1,0,0,1,-4,-0.6,19,2.7,0,0.143,0.14,0,0,NA,NA,NA,0,NA,NA,0,0,0,0,0,0,0,0,NA,NA,0,0,0,NA,NA,NA,0,0,0,NA,0,NA,NA,NA,0,0,0,0,NA,"Patriot","FCS"
"Troy Flowers","STETSON",9,14.2,"F",8,"HB",2026,"Pioneer",51.8,0,9,31,3.4,0,0,0,0,0,18,2,13,1.4,0,0,0,1,0,NA,NA,NA,0,NA,NA,0,0,0,0,0,0,0,0,NA,NA,0,0,0,NA,NA,NA,0,0,0,NA,0,NA,NA,NA,0,0,0,0,NA,"Pioneer","FCS"
"Tre' Hartwell","CHISTA",13,14.17,"F",0,"HB",2026,"IND (FCS)",58.4,1,6,19,3.2,0,1,0,0,0,6,1,13,2.2,0,0.167,0,1,0,NA,NA,NA,0,NA,NA,0,0,0,0,0,0,0,0,NA,NA,0,0,0,NA,NA,NA,0,0,0,NA,0,NA,NA,NA,0,0,0,0,NA,"IND (FCS)","FCS"
"Marcus Harris II","TENN TECH",12,13.69,"F",26,"HB",2026,"Southern",49.2,0,6,12,2,1,1,0,0,0,3,0.5,9,1.5,0,0.167,0,0,0,NA,NA,NA,0,NA,NA,0,0,0,0,0,0,0,0,NA,NA,0,0,0,NA,NA,NA,0,0,0,NA,0,NA,NA,NA,0,0,0,0,NA,"Southern","FCS"
"Ty Stauffer","BUCKNELL",37,13.59,"F",5,"HB",2026,"Patriot",56.9,3,8,6,0.8,0,1,0,0,2,-4,-0.5,10,1.3,0,0.125,0.25,0,0,NA,NA,NA,0,NA,NA,0,0,0,0,0,0,0,0,NA,NA,0,0,0,NA,NA,NA,0,0,0,NA,0,NA,NA,NA,0,0,0,0,NA,"Patriot","FCS"
"Elijah Harris","HOUCHR",14,13.53,"F",26,"HB",2026,"Southland",59.9,3,6,19,3.2,0,1,0,0,0,4,0.7,15,2.5,0,0.167,0,0,0,NA,NA,NA,0,NA,NA,0,0,0,0,0,0,0,0,NA,NA,0,0,0,NA,NA,NA,0,0,0,NA,0,NA,NA,NA,0,0,0,0,NA,"Southland","FCS"
"Shane Lee","NICHOLLS",23,12.79,"F",4,"HB",2026,"Southland",59.3,2,10,12,1.2,0,1,0,0,0,-11,-1.1,23,2.3,0,0.1,0,0,0.1,NA,NA,NA,0,NA,NA,0,0,0,0,0,0,0,0,NA,NA,0,0,0,NA,NA,NA,0,0,0,NA,0,NA,NA,NA,0,0,0,0,NA,"Southland","FCS"
"Zack Simmons-Brown","TENN STATE",20,12.76,"F",6,"HB",2026,"Big South - OVC Football Association",60.7,1,7,2,0.3,0,0,0,0,0,-2,-0.3,4,0.6,0,0,0,0,0.429,NA,NA,NA,0,NA,NA,0,0,0,0,0,0,0,0,NA,NA,0,0,0,NA,NA,NA,0,0,0,NA,0,NA,NA,NA,0,0,0,0,NA,"Big South - OVC Football Association","FCS"
"Ryder Hooks","E KENTUCKY",14,12.5,"F",24,"HB",2026,"United Athletic",59.3,2,6,16,2.7,0,1,0,0,0,1,0.2,15,2.5,0,0.167,0,0,0,NA,NA,NA,0,NA,NA,0,0,0,0,0,0,0,0,NA,NA,0,0,0,NA,NA,NA,0,0,0,NA,0,NA,NA,NA,0,0,0,0,NA,"United Athletic","FCS"
"Noah Long","STTHOM",NA,12.28,"F",25,"HB",2026,"Pioneer",0,0,7,20,2.9,1,2,0,0,0,8,1.1,12,1.7,0,0.286,0,1,0,NA,NA,NA,0,NA,NA,0,0,0,0,0,0,0,0,NA,NA,0,0,0,NA,NA,NA,0,0,0,NA,0,NA,NA,NA,0,0,0,0,NA,"Pioneer","FCS"
"Hakeem Watters","CHARLES SO",11,12.2,"F",0,"HB",2026,"Big South - OVC Football Association",55.1,3,7,8,1.1,0,0,0,0,2,-3,-0.4,11,1.6,0,0,0.29,0,0,NA,NA,NA,0,NA,NA,0,0,0,0,0,0,0,0,NA,NA,0,0,0,NA,NA,NA,0,0,0,NA,0,NA,NA,NA,0,0,0,0,NA,"Big South - OVC Football Association","FCS"
"Michael Dabney Jr.","CHISTA",24,11.88,"F",28,"HB",2026,"IND (FCS)",53.5,2,9,16,1.8,0,0,0,0,1,1,0.1,15,1.7,0,0,0.11,0,0,NA,NA,NA,0,NA,NA,0,0,0,0,0,0,0,0,NA,NA,0,0,0,NA,NA,NA,0,0,0,NA,0,NA,NA,NA,0,0,0,0,NA,"IND (FCS)","FCS"
"Matt Lawson","N DAKOTA",NA,11.28,"F",4,"HB",2026,"Missouri Valley",0,0,6,34,5.7,0,1,1,1,0,19,3.2,15,2.5,0,0.167,0,1,0,NA,NA,NA,0,NA,NA,0,0,0,0,0,0,0,0,NA,NA,0,0,0,NA,NA,NA,0,0,0,NA,0,NA,NA,NA,0,0,0,0,NA,"Missouri Valley","FCS"
"Leo Boehling","VA MILT IN",39,11.25,"F",9,"HB",2026,"Southern",51.7,2,11,11,1,0,0,0,0,0,-5,-0.5,16,1.4,0,0,0,0,0.182,NA,NA,NA,0,NA,NA,0,0,0,0,0,0,0,0,NA,NA,0,0,0,NA,NA,NA,0,0,0,NA,0,NA,NA,NA,0,0,0,0,NA,"Southern","FCS"
"Fredrick Robertson","ALCORN ST",14,10.94,"F",7,"HB",2026,"SWAC",56.2,0,8,13,1.6,0,0,0,0,0,0,0,13,1.6,0,0,0,0,0.125,NA,NA,NA,0,NA,NA,0,0,0,0,0,0,0,0,NA,NA,0,0,0,NA,NA,NA,0,0,0,NA,0,NA,NA,NA,0,0,0,0,NA,"SWAC","FCS"
"TJ Lane","Argonauts",NA,10.88,"F",8,"HB",2026,"United Athletic",0,0,7,18,2.6,1,2,0,0,0,4,0.6,14,2,0,0.286,0,0,0,NA,NA,NA,0,NA,NA,0,0,0,0,0,0,0,0,NA,NA,0,0,0,NA,NA,NA,0,0,0,NA,0,NA,NA,NA,0,0,0,0,NA,"United Athletic","FCS"
"Dwayne Wright","CHARLES SO",10,10.53,"F",28,"HB",2026,"Big South - OVC Football Association",56.8,1,6,11,1.8,0,1,0,0,0,-4,-0.7,15,2.5,0,0.167,0,0,0,NA,NA,NA,0,NA,NA,0,0,0,0,0,0,0,0,NA,NA,0,0,0,NA,NA,NA,0,0,0,NA,0,NA,NA,NA,0,0,0,0,NA,"Big South - OVC Football Association","FCS"
"Rickey Stewart","STF AUSTIN",12,10.33,"F",25,"HB",2026,"Southland",56.7,1,6,11,1.8,0,1,0,0,0,5,0.8,6,1,0,0.167,0,0,0,NA,NA,NA,0,NA,NA,0,0,0,0,0,0,0,0,NA,NA,0,0,0,NA,NA,NA,0,0,0,NA,0,NA,NA,NA,0,0,0,0,NA,"Southland","FCS"
"Malik Dotson","E WASHGTON",33,9.66,"F",7,"HB",2026,"Big Sky",46.8,0,9,13,1.4,0,1,0,0,0,-5,-0.6,18,2,0,0.111,0,0,0,NA,NA,NA,0,NA,NA,0,0,0,0,0,0,0,0,NA,NA,0,0,0,NA,NA,NA,0,0,0,NA,0,NA,NA,NA,0,0,0,0,NA,"Big Sky","FCS"
"Nathan Gray","LIUSHAR",28,9.59,"F",31,"HB",2026,"Northeast",53.4,1,8,9,1.1,0,0,0,0,0,-11,-1.4,20,2.5,0,0,0,0,0.125,NA,NA,NA,0,NA,NA,0,0,0,0,0,0,0,0,NA,NA,0,0,0,NA,NA,NA,0,0,0,NA,0,NA,NA,NA,0,0,0,0,NA,"Northeast","FCS"
"Kameron Thomas","NWSTATE",16,9.53,"F",18,"HB",2026,"Southland",52.5,0,8,1,0.1,0,0,0,0,1,-13,-1.6,14,1.8,0,0,0.13,0,0.125,NA,NA,NA,0,NA,NA,0,0,0,0,0,0,0,0,NA,NA,0,0,0,NA,NA,NA,0,0,0,NA,0,NA,NA,NA,0,0,0,0,NA,"Southland","FCS"
"Brenton Paul","TENN STATE",14,9.38,"F",15,"HB",2026,"Big South - OVC Football Association",54.9,1,7,-7,-1,0,0,0,0,0,-13,-1.9,6,0.9,0,0,0,0,0.429,NA,NA,NA,0,NA,NA,0,0,0,0,0,0,0,0,NA,NA,0,0,0,NA,NA,NA,0,0,0,NA,0,NA,NA,NA,0,0,0,0,NA,"Big South - OVC Football Association","FCS"
"Mordecai Ford","STTHOM",NA,9.36,"F",23,"HB",2026,"Pioneer",0,0,7,30,4.3,0,1,1,0,0,19,2.7,11,1.6,0,0.143,0,1,0,NA,NA,NA,0,NA,NA,0,0,0,0,0,0,0,0,NA,NA,0,0,0,NA,NA,NA,0,0,0,NA,0,NA,NA,NA,0,0,0,0,NA,"Pioneer","FCS"
"Denzell Gibson","NEW HAMP",10,8.82,"F",29,"HB",2026,"CAA",49,3,6,9,1.5,0,1,1,1,0,-2,-0.3,11,1.8,0,0.167,0,0,0,NA,NA,NA,0,NA,NA,0,0,0,0,0,0,0,0,NA,NA,0,0,0,NA,NA,NA,0,0,0,NA,0,NA,NA,NA,0,0,0,0,NA,"CAA","FCS"
"Markel Townsend","Argonauts",NA,7.8,"F",0,"HB",2026,"United Athletic",0,0,12,29,2.4,0,1,0,0,0,8,0.7,21,1.8,0,0.083,0,0,0,NA,NA,NA,0,NA,NA,0,0,0,0,0,0,0,0,NA,NA,0,0,0,NA,NA,NA,0,0,0,NA,0,NA,NA,NA,0,0,0,0,NA,"United Athletic","FCS"
"Harry Smalls","CHARLES SO",12,7.19,"F",26,"HB",2026,"Big South - OVC Football Association",55.4,0,6,8,1.3,0,0,0,0,0,-3,-0.5,11,1.8,0,0,0,0,0,NA,NA,NA,0,NA,NA,0,0,0,0,0,0,0,0,NA,NA,0,0,0,NA,NA,NA,0,0,0,NA,0,NA,NA,NA,0,0,0,0,NA,"Big South - OVC Football Association","FCS"
"Jah'Kei Chavis","WM & MARY",19,6,"F",1,"HB",2026,"Patriot",52.4,0,7,5,0.7,0,0,0,0,0,-3,-0.4,8,1.1,0,0,0,0,0,NA,NA,NA,0,NA,NA,0,0,0,0,0,0,0,0,NA,NA,0,0,0,NA,NA,NA,0,0,0,NA,0,NA,NA,NA,0,0,0,0,NA,"Patriot","FCS"
"Rashon Brown","BETH COOK",17,5.31,"F",7,"HB",2026,"SWAC",56.5,0,7,1,0.1,0,0,0,0,0,-6,-0.9,7,1,0,0,0,0,0,NA,NA,NA,0,NA,NA,0,0,0,0,0,0,0,0,NA,NA,0,0,0,NA,NA,NA,0,0,0,NA,0,NA,NA,NA,0,0,0,0,NA,"SWAC","FCS"
"Zay Davis","NWSTATE",30,4.4,"F",7,"HB",2026,"Southland",50.7,0,8,-1,-0.1,0,0,0,0,0,-11,-1.4,10,1.3,0,0,0,0,0,NA,NA,NA,0,NA,NA,0,0,0,0,0,0,0,0,NA,NA,0,0,0,NA,NA,NA,0,0,0,NA,0,NA,NA,NA,0,0,0,0,NA,"Southland","FCS"
"Xavier Terrell","N IOWA",NA,1.93,"F",5,"HB",2026,"Missouri Valley",0,0,6,8,1.3,0,1,0,0,0,2,0.3,6,1,0,0.167,0,0,0,NA,NA,NA,0,NA,NA,0,0,0,0,0,0,0,0,NA,NA,0,0,0,NA,NA,NA,0,0,0,NA,0,NA,NA,NA,0,0,0,0,NA,"Missouri Valley","FCS"
"Christian Collins","N IOWA",NA,1.76,"F",22,"HB",2026,"Missouri Valley",0,0,10,12,1.2,0,0,0,0,0,-5,-0.5,17,1.7,0,0,0,0,0,NA,NA,NA,0,NA,NA,0,0,0,0,0,0,0,0,NA,NA,0,0,0,NA,NA,NA,0,0,0,NA,0,NA,NA,NA,0,0,0,0,NA,"Missouri Valley","FCS"
"Gabriel Abel","STTHOM",NA,0,"F",1,"HB",2026,"Pioneer",0,0,6,8,1.3,0,0,0,0,0,-5,-0.8,13,2.2,0,0,0,0,0,NA,NA,NA,0,NA,NA,0,0,0,0,0,0,0,0,NA,NA,0,0,0,NA,NA,NA,0,0,0,NA,0,NA,NA,NA,0,0,0,0,NA,"Pioneer","FCS"
