"Name","Team","Season","Position","Conference","Conference_Level","Offensive.Snaps","Pass.Grade","Dropbacks","Attempts","Completion","Completion.Percentage","Adjusted.Completion.Percentage","Passing.Yards","Yards.per.Attempt.Pass","Yards.After.Catch.per.Completion.Percentage","Passing.Touchdowns","Interceptions","Sacks","Average.Time.to.Throw","Batted.Passes","Pass.Break.Up","Turnover.Worthy.Plays","Turnover.Worthy.Plays.Percentage","Big.Time.Throws","Big.Time.Throw.Percentage","Dropped.Passes","NFL.Passer.Rating","Average.Depth.of.Targets","Short.of.Sticks.Percentage","Percentage.of.Pass.Attempts.passed.First.Down.Markers","Air.Yards.Percentage","First.Downs","Play.Action.Percentage","Accuracy.Attempts","Accurate.Plus.Percentage","Catchable.Innacurate.Percentage","Uncatchable.Innacurage.Percentage","Other.Percentage","Accurate.Throw.Percentage","Rush.Grade","Rush.Yards","Yards.per.Attempt.Rush","Rush.Touchdowns","First.Down.Runs","Fumbles","Fumbles.Lost","Missed.Tackles.on.Runs","Yards.before.Contact.per.Attempt","Yards.after.Contract.per.Attempt","Scrambles","First.down.or.Touchdown.percentage","Missed.Tackles.forced.per.Attempt","Explosive.Runs","Change.of.direction.percentage","Composite_Score","Player_Grade"
"Dante Reno","YALE",2026,"QB","Ivy","FCS",73,92.5,48,43,30,"69.80%","78.00%",454,10.6,"36.30%",5,0,2,2.23,1,2,0,"0.00%",8,"18.60%",2,143,10.6,"46.50%","48.80%","65.20%",17,"27.10%",0,"0","0","0","0","0",50.4,9,2.3,0,0,0,0,0,-0.3,2.5,3,"0.00%",0,0,"0.00%",100,"A"
"Kaden Anderson","TARLETON",2026,"QB","United Athletic","FCS",58,92.9,34,31,23,"74.20%","82.80%",441,14.2,"54.90%",3,0,1,2.86,0,2,0,"0.00%",3,"9.70%",1,148.3,9.7,"54.80%","38.70%","45.10%",16,"64.70%",0,"0","0","0","0","0",73.8,33,8.3,0,0,0,0,0,1.8,0,2,"0.00%",0,2,"0.00%",79.09,"B"
"Destin Wade","N ALABAMA",2026,"QB","United Athletic","FCS",69,87.9,36,31,15,"48.40%","56.70%",296,9.6,"64.20%",3,0,1,2.64,1,0,0,"0.00%",4,"12.90%",2,114.4,10.6,"45.20%","51.60%","35.80%",17,"44.40%",0,"0","0","0","0","0",65.8,35,3.2,1,2,0,0,4,0.7,1.3,4,"18.20%",0.36,1,"0.00%",72.79,"B"
"Kamden Sixkiller","CAMPBELL",2026,"QB","CAA","FCS",64,89.1,35,31,26,"83.90%","86.70%",387,12.5,"45.50%",4,2,2,2.53,0,0,1,"2.90%",2,"6.50%",0,131.4,8.4,"51.60%","45.20%","55.80%",19,"22.90%",0,"0","0","0","0","0",55.1,15,2.5,0,1,1,0,0,-0.3,1.3,2,"16.70%",0,0,"0.00%",68.4,"B"
"Joshua Wood","IDAHO",2026,"QB","Big Sky","FCS",68,85.9,40,36,23,"63.90%","75.00%",328,9.1,"37.20%",1,0,2,2.82,1,3,1,"2.50%",3,"8.30%",1,102.5,11.1,"44.40%","44.40%","62.80%",18,"27.50%",0,"0","0","0","0","0",75.7,63,5.3,4,8,0,0,0,1.3,2.9,2,"66.70%",0,2,"0.00%",63.16,"B"
"Brett Griffis","CENT CT ST",2026,"QB","Northeast","FCS",67,82.7,39,32,18,"56.30%","66.70%",228,7.1,"38.60%",2,1,4,2.75,1,3,1,"2.60%",4,"12.50%",2,86.5,10.5,"40.60%","53.10%","62.70%",14,"41.00%",0,"0","0","0","0","0",70.8,59,4.9,1,4,0,0,1,1.3,3.7,3,"33.30%",0.08,1,"0.00%",61.28,"B"
"Cole Pennington","GARD-WEBB",2026,"QB","Big South - OVC Football Association","FCS",79,86.1,43,41,24,"58.50%","68.40%",309,7.5,"35.30%",2,0,2,2.35,0,3,0,"0.00%",4,"9.80%",2,98.5,9,"51.20%","41.50%","66.70%",15,"34.90%",0,"0","0","0","0","0",59.1,-3,-3,0,0,0,0,0,-3,0,0,"0.00%",0,0,"0.00%",59.93,"C"
"Poochie Snyder","SACR HEART",2026,"QB","CAA","FCS",64,82.1,39,30,22,"73.30%","88.50%",208,6.9,"38.00%",3,0,3,2.71,2,1,0,"0.00%",2,"6.70%",1,125.4,7.1,"60.00%","26.70%","62.00%",12,"10.30%",0,"0","0","0","0","0",67.7,58,5.8,0,4,0,0,2,1.9,3.1,6,"40.00%",0.2,2,"0.00%",59.63,"C"
"Gage Roy","ILL STATE",2026,"QB","Missouri Valley","FCS",43,89.7,22,20,13,"65.00%","77.80%",172,8.6,"29.10%",2,0,2,2.64,0,0,0,"0.00%",2,"10.00%",1,125.4,11.6,"40.00%","50.00%","80.80%",12,"22.70%",0,"0","0","0","0","0",68.3,40,20,0,1,0,0,0,16.5,3.5,0,"50.00%",0,1,"0.00%",58.88,"C"
"Andrew Indorf","TOWSON",2026,"QB","CAA","FCS",81,73.1,58,48,34,"70.80%","81.40%",391,8.2,"51.90%",3,1,5,3.17,0,1,1,"1.70%",1,"2.10%",1,107.2,7.8,"56.30%","33.30%","51.10%",20,"27.60%",0,"0","0","0","0","0",71.2,32,4.6,0,1,0,0,4,1.7,2.9,4,"14.30%",0.57,0,"0.00%",58.78,"C"
"Ui Ale","DELWARE ST",2026,"QB","MEAC","FCS",40,76.4,26,22,16,"72.70%","77.30%",249,11.3,"63.90%",2,0,1,2.52,0,2,1,"3.90%",1,"4.50%",1,140.2,5.4,"72.70%","27.30%","36.10%",11,"26.90%",0,"0","0","0","0","0",73.9,60,20,0,1,0,0,0,16,4,2,"33.30%",0,1,"0.00%",54.34,"C"
"Dom Nankil","SAN DIEGO",2026,"QB","Pioneer","FCS",78,79.2,35,32,25,"78.10%","86.20%",236,7.4,"37.30%",2,0,0,2.27,0,0,0,"0.00%",1,"3.10%",0,118.2,6.6,"56.30%","34.40%","64.40%",17,"34.30%",0,"0","0","0","0","0",77,39,7.8,1,2,0,0,1,2.8,0.2,3,"40.00%",0.2,2,"0.00%",54.1,"C"
"Justin Lamson","MONTANA ST",2026,"QB","Big Sky","FCS",61,79.4,31,28,23,"82.10%","85.70%",239,8.5,"59.40%",2,1,1,2.68,0,2,0,"0.00%",2,"7.10%",1,111.2,5.4,"75.00%","25.00%","40.60%",11,"22.60%",0,"0","0","0","0","0",70.7,40,5,0,2,0,0,0,0.5,4.5,2,"25.00%",0,1,"0.00%",53.98,"C"
"Treynor Cleeland","UC DAVIS",2026,"QB","Big Sky","FCS",61,63.4,42,37,26,"70.30%","72.20%",332,9,"42.80%",2,0,3,2.95,0,4,2,"4.80%",2,"5.40%",0,116,9.9,"56.80%","40.50%","58.70%",13,"38.10%",0,"0","0","0","0","0",60.9,15,5,0,0,0,0,2,-1.3,1.7,2,"0.00%",0.67,1,"0.00%",53.28,"C"
"Anthony Grigsby Jr.","CAL POLY",2026,"QB","Big Sky","FCS",52,70.7,26,24,15,"62.50%","65.20%",215,9,"40.00%",3,0,1,2.62,0,3,1,"3.90%",2,"8.30%",0,131.1,11.9,"41.70%","54.20%","63.70%",12,"26.90%",0,"0","0","0","0","0",42.8,7,1.4,0,1,1,1,0,0.4,1,1,"20.00%",0,1,"0.00%",52.54,"C"
"Ty Pennington","N ARIZONA",2026,"QB","Big Sky","FCS",64,68.7,31,30,20,"66.70%","77.80%",317,10.6,"44.50%",2,1,0,2.68,1,1,2,"6.50%",2,"6.70%",1,110,9.9,"46.70%","43.30%","57.70%",10,"32.30%",0,"0","0","0","0","0",72.2,23,3.3,1,3,0,0,1,2,1,1,"42.90%",0.14,1,"0.00%",51.58,"C"
"Tucker Parks","ABILENE CH",2026,"QB","United Athletic","FCS",65,73.7,27,21,14,"66.70%","73.70%",148,7,"71.00%",2,0,1,2.81,1,0,0,"0.00%",2,"9.50%",0,118.8,7.3,"52.40%","38.10%","30.40%",9,"22.20%",0,"0","0","0","0","0",66.5,80,6.7,1,4,1,0,2,2.2,4.5,5,"33.30%",0.17,3,"0.00%",50.91,"C"
"Austyn Modrzewski","S DAKOTA",2026,"QB","Missouri Valley","FCS",51,64.1,32,29,12,"41.40%","53.60%",243,8.4,"30.00%",3,2,3,2.99,0,5,2,"6.30%",2,"6.90%",3,77.2,17.9,"34.50%","62.10%","71.60%",9,"46.90%",0,"0","0","0","0","0",NA,NA,NA,NA,NA,NA,NA,NA,NA,NA,NA,NA,NA,NA,NA,50.72,"C"
"Miles Teodecki","PENN",2026,"QB","Ivy","FCS",81,66,40,35,19,"54.30%","58.80%",208,5.9,"44.20%",2,1,0,2.75,0,2,1,"2.50%",2,"5.70%",1,79.2,8.1,"48.60%","48.60%","58.20%",9,"30.00%",0,"0","0","0","0","0",65.9,83,5.5,1,6,1,0,4,0.6,3.9,5,"40.00%",0.27,2,"0.00%",50,"C"
"Winston Watkins","WM & MARY",2026,"QB","Patriot","FCS",66,77.9,36,27,20,"74.10%","84.60%",280,10.4,"37.50%",2,0,6,2.75,0,0,0,"0.00%",2,"7.40%",2,131.7,9.7,"48.10%","48.10%","65.70%",16,"22.20%",0,"0","0","0","0","0",53.7,25,3.6,0,0,0,0,2,-3,6.6,3,"0.00%",0.29,0,"0.00%",49.96,"C"
"Lex Thomas","W CAROLINA",2026,"QB","Southern","FCS",75,83.9,37,35,25,"71.40%","84.90%",285,8.1,"44.20%",1,0,1,3.11,0,1,1,"2.70%",3,"8.60%",3,105.1,9.2,"54.30%","40.00%","57.50%",14,"27.00%",0,"0","0","0","0","0",54.8,40,5.7,0,2,0,0,0,2.9,2.9,1,"28.60%",0,1,"0.00%",49.72,"C"
"AJ Hairston Jr.","MERRIMACK",2026,"QB","IND (FCS)","FCS",66,76.8,36,34,18,"52.90%","61.30%",219,6.4,"34.70%",3,1,1,2.3,0,1,1,"2.80%",2,"5.90%",1,90.2,12,"41.20%","50.00%","69.40%",14,"25.00%",0,"0","0","0","0","0",34.7,31,4.4,0,3,2,2,1,1.1,3.6,1,"42.90%",0.14,2,"0.00%",49.41,"C"
"Beau Brungard","YNGTOWN ST",2026,"QB","Missouri Valley","FCS",62,79.6,42,39,27,"69.20%","78.40%",292,7.5,"39.70%",2,1,2,2.8,0,1,0,"0.00%",1,"2.60%",2,97.4,10.6,"46.20%","48.70%","63.00%",16,"16.70%",0,"0","0","0","0","0",64.9,39,3.3,0,3,0,0,1,0.8,2.4,1,"25.00%",0.08,1,"0.00%",49.21,"C"
"Chris Parson","AUSTINPEAY",2026,"QB","United Athletic","FCS",65,70.7,27,18,8,"44.40%","66.70%",198,11,"59.10%",1,0,2,3.41,2,0,0,"0.00%",2,"11.10%",2,103.5,14.2,"22.20%","61.10%","40.90%",8,"25.90%",0,"0","0","0","0","0",69.2,90,6,1,6,0,0,7,1.3,4.7,7,"40.00%",0.47,2,"0.00%",49.13,"C"
"Jack Johnson","GEORGETOWN",2026,"QB","Patriot","FCS",56,60.7,28,24,13,"54.20%","56.50%",191,8,"51.30%",3,0,3,2.39,0,3,1,"3.60%",2,"8.30%",0,120,12.7,"45.80%","50.00%","52.90%",10,"39.30%",0,"0","0","0","0","0",60,-1,-1,0,0,0,0,0,-1,0,0,"0.00%",0,0,"0.00%",48.43,"C"
"Gunnar Smith","FORDHAM",2026,"QB","Patriot","FCS",69,69.9,26,21,12,"57.10%","61.90%",141,6.7,"44.70%",3,0,3,2.74,0,2,0,"0.00%",0,"0.00%",1,117.3,10.3,"47.60%","52.40%","58.90%",9,"26.90%",0,"0","0","0","0","0",63,71,8.9,0,1,0,0,1,4.6,4.3,2,"12.50%",0.13,3,"0.00%",48.06,"C"
"Keali'i Ah Yat","MONTANA",2026,"QB","Big Sky","FCS",67,84.4,41,40,27,"67.50%","79.00%",215,5.4,"39.50%",2,0,1,2.23,0,2,0,"0.00%",2,"5.00%",3,97.4,8.5,"57.50%","37.50%","60.50%",13,"26.80%",0,"0","0","0","0","0",60,-2,-2,0,0,0,0,0,-2,0,0,"0.00%",0,0,"0.00%",47.81,"C"
"Frankie Weaver","MONMOUTH",2026,"QB","CAA","FCS",53,79.5,15,15,11,"73.30%","73.30%",205,13.7,"41.90%",2,2,0,1.95,0,0,1,"6.70%",2,"13.30%",0,115.3,10.1,"46.70%","53.30%","58.10%",5,"40.00%",0,"0","0","0","0","0",60.1,-4,-2,0,0,0,0,0,-2,0,0,"0.00%",0,0,"0.00%",47.39,"C"
"Cameron Edge","MORGAN ST",2026,"QB","MEAC","FCS",55,62.7,28,26,15,"57.70%","68.20%",238,9.2,"45.80%",2,0,1,2.79,2,2,0,"0.00%",2,"7.70%",0,113.9,10.1,"50.00%","34.60%","55.90%",9,"21.40%",0,"0","0","0","0","0",69.2,18,6,0,1,0,0,0,5,1,1,"33.30%",0,1,"0.00%",47,"C"
"Jaylon Tolbert","ALCORN ST",2026,"QB","SWAC","FCS",85,71.4,50,47,22,"46.80%","55.80%",270,5.7,"38.10%",1,1,2,2.57,2,8,0,"0.00%",2,"4.30%",2,63.3,9.8,"51.10%","40.40%","61.90%",15,"42.00%",0,"0","0","0","0","0",70.9,24,3.4,0,2,0,0,0,0.9,1.9,1,"28.60%",0,0,"0.00%",45.42,"C"
"Quinn Boyd","STNY BROOK",2026,"QB","CAA","FCS",80,72.8,27,24,17,"70.80%","77.30%",198,8.3,"50.50%",1,0,1,2.44,0,2,0,"0.00%",1,"4.20%",0,109.4,6.9,"54.20%","37.50%","49.50%",9,"18.50%",0,"0","0","0","0","0",69.1,150,10,0,6,0,0,0,8.3,1.3,2,"40.00%",0,5,"0.00%",45.34,"C"
"Ashton Pannell","CHISTA",2026,"QB","IND (FCS)","FCS",60,75.3,38,28,17,"60.70%","70.40%",183,6.5,"65.00%",2,0,2,2.83,1,2,0,"0.00%",1,"3.60%",2,103.7,6,"71.40%","25.00%","44.30%",8,"13.20%",0,"0","0","0","0","0",62.1,46,3.5,0,4,0,0,2,0.1,2.2,8,"30.80%",0.15,1,"0.00%",44.57,"C"
"Gabe Passini","BUTLER",2026,"QB","Pioneer","FCS",60,72.6,26,23,12,"52.20%","73.70%",109,4.7,"54.10%",3,0,2,2.33,0,1,0,"0.00%",1,"4.30%",2,104.9,4.5,"60.90%","21.70%","50.50%",4,"19.20%",0,"0","0","0","0","0",59.7,43,3.6,1,3,2,0,2,0.9,3.4,1,"25.00%",0.17,2,"9.10%",44.34,"C"
"Gavin Rutherford","STF AUSTIN",2026,"QB","Southland","FCS",52,79.6,28,26,17,"65.40%","92.30%",213,8.2,"51.60%",3,1,2,2.87,0,0,2,"7.10%",1,"3.90%",7,113.1,9,"50.00%","50.00%","52.60%",8,"17.90%",0,"0","0","0","0","0",NA,NA,NA,NA,NA,NA,NA,NA,NA,NA,NA,NA,NA,NA,NA,43.37,"C"
"Jake Stearney","COLGATE",2026,"QB","Patriot","FCS",54,80.8,21,19,12,"63.20%","75.00%",175,9.2,"29.70%",1,1,2,2.86,0,0,0,"0.00%",1,"5.30%",0,88.7,9.7,"52.60%","31.60%","70.30%",5,"66.70%",0,"0","0","0","0","0",60.6,33,16.5,0,1,0,0,0,14.5,2,0,"50.00%",0,1,"0.00%",42.45,"C"
"Kai Colon","ALBANY",2026,"QB","CAA","FCS",51,79,26,20,11,"55.00%","68.80%",163,8.2,"42.30%",1,2,5,3.26,0,1,1,"3.90%",2,"10.00%",0,59,11.3,"35.00%","45.00%","60.70%",8,"26.90%",0,"0","0","0","0","0",59.9,12,6,0,0,0,0,1,1,5,1,"0.00%",0.5,0,"0.00%",41.84,"C"
"Cornelious Brown IV","ALAB A&M",2026,"QB","SWAC","FCS",NA,NA,35,35,26,"74.30%","76.50%",382,10.9,"57.30%",2,0,0,0,0,0,0,"0.00%",0,"0.00%",0,128.5,8.9,"54.30%","42.90%","43.50%",18,"0.00%",0,"0","0","0","0","0",NA,2,2,1,1,0,0,0,2,0,0,"100%",0,0,"0.00%",41.58,"C"
"Zach Wilcke","NWSTATE",2026,"QB","Southland","FCS",NA,NA,58,53,26,"49.10%","53.10%",291,5.5,"12.40%",3,0,3,0,0,0,0,"0.00%",0,"0.00%",0,84.7,12.8,"9.40%","15.10%","25.10%",15,"0.00%",0,"0","0","0","0","0",NA,68,4.9,0,2,0,0,0,4.3,0.6,2,"14.30%",0,0,"0.00%",40.93,"C"
"Wyatt Becker","PRINCETON",2026,"QB","Ivy","FCS",64,63.1,34,32,17,"53.10%","58.10%",209,6.5,"46.90%",1,2,1,2.31,1,3,1,"2.90%",2,"6.30%",1,57.9,9.7,"53.10%","43.80%","56.50%",9,"23.50%",0,"0","0","0","0","0",64,29,9.7,0,2,0,0,2,4.7,5,1,"66.70%",0.67,2,"0.00%",40.91,"C"
"Colton Fitzgerald","W GEORGIA",2026,"QB","United Athletic","FCS",NA,NA,57,54,28,"51.80%","56.00%",330,6.1,"46.10%",3,1,1,0,1,0,0,"0.00%",0,"0.00%",0,81.6,9.8,"40.70%","51.80%","55.80%",18,"0.00%",0,"0","0","0","0","0",NA,17,5.7,0,0,0,0,0,3.7,2,1,"0.00%",0,0,"0.00%",40.82,"C"
"Brady Allen","INDIANA ST",2026,"QB","Missouri Valley","FCS",32,82.2,17,15,10,"66.70%","84.60%",98,6.5,"31.60%",1,1,2,2.91,0,0,1,"5.90%",2,"13.30%",1,79.3,13.3,"40.00%","46.70%","72.50%",7,"64.70%",0,"0","0","0","0","0",NA,NA,NA,NA,NA,NA,NA,NA,NA,NA,NA,NA,NA,NA,NA,40.16,"C"
"Maddox Kopp","HOUCHR",2026,"QB","Southland","FCS",23,69.3,17,17,9,"52.90%","52.90%",166,9.8,"51.20%",1,0,0,2.2,0,2,0,"0.00%",2,"11.80%",0,106.5,12.2,"41.20%","58.80%","48.80%",5,"47.10%",0,"0","0","0","0","0",60,-4,-4,0,0,0,0,0,-4,0,0,"0.00%",0,0,"0.00%",39.62,"D"
"Grayson Saunier","DARTMOUTH",2026,"QB","Ivy","FCS",64,80.7,36,32,17,"53.10%","67.90%",262,8.2,"27.90%",1,1,2,2.75,2,2,1,"2.80%",1,"3.10%",2,77.9,12.9,"40.60%","46.90%","72.10%",13,"13.90%",0,"0","0","0","0","0",54.1,25,3.1,0,3,0,0,1,0.6,2.5,2,"37.50%",0.13,1,"0.00%",39.14,"D"
"Elijah Owens","INDIANA ST",2026,"QB","Missouri Valley","FCS",31,52.6,21,15,7,"46.70%","46.70%",115,7.7,"73.00%",1,0,0,3.35,0,3,1,"4.80%",1,"6.70%",0,95.1,8.9,"46.70%","53.30%","29.60%",7,"33.30%",0,"0","0","0","0","0",72.3,66,6.6,0,4,0,0,4,0.8,5.8,6,"40.00%",0.4,2,"0.00%",39.03,"D"
"Chase Goodwin","COLUMBIA",2026,"QB","Ivy","FCS",NA,NA,47,44,27,"61.40%","67.50%",380,8.6,"16.30%",2,0,2,0,0,0,0,"0.00%",0,"0.00%",0,104.4,13.7,"38.60%","52.30%","85.00%",19,"0.00%",0,"0","0","0","0","0",NA,3,3,0,0,0,0,0,2,1,1,"0.00%",0,0,"0.00%",38.55,"D"
"Casey Bullock","DAVIDSON",2026,"QB","Pioneer","FCS",NA,NA,41,33,20,"60.60%","64.50%",288,8.7,"47.90%",2,0,3,0,1,0,0,"0.00%",0,"0.00%",0,109.2,9.8,"45.50%","48.50%","54.20%",13,"0.00%",0,"0","0","0","0","0",NA,103,4.5,1,7,0,0,0,1.7,2.7,5,"30.40%",0,3,"0.00%",38.41,"D"
"Ashten Snelsire","RICHMOND",2026,"QB","Patriot","FCS",80,66,58,52,30,"57.70%","63.30%",334,6.4,"42.50%",1,0,1,2.55,1,2,0,"0.00%",1,"1.90%",1,83.3,9.2,"48.10%","46.20%","57.50%",24,"31.00%",0,"0","0","0","0","0",58.6,21,7,0,1,0,0,0,0.7,1,3,"33.30%",0,1,"0.00%",38.07,"D"
"Beckham Pellant","ILL STATE",2026,"QB","Missouri Valley","FCS",29,86.9,14,12,9,"75.00%","81.80%",116,9.7,"55.20%",1,0,0,2.66,0,1,0,"0.00%",0,"0.00%",0,132.6,6.8,"41.70%","50.00%","44.80%",6,"7.10%",0,"0","0","0","0","0",51.3,6,2,0,0,0,0,0,1.3,0.7,2,"0.00%",0,0,"0.00%",37.78,"D"
"Thomas Von Grote","STETSON",2026,"QB","Pioneer","FCS",63,73.9,44,40,22,"55.00%","67.60%",219,5.5,"44.80%",1,0,1,2.17,2,4,2,"4.50%",2,"5.00%",3,79.1,8.4,"50.00%","42.50%","55.30%",13,"50.00%",0,"0","0","0","0","0",57.4,38,5.4,0,1,1,1,0,3.7,1.7,3,"14.30%",0,2,"0.00%",37.7,"D"
"Chase Mason","S DAK ST",2026,"QB","Missouri Valley","FCS",39,74.5,19,16,9,"56.30%","60.00%",137,8.6,"32.90%",0,0,0,2.77,0,2,0,"0.00%",0,"0.00%",0,84.6,14.2,"31.30%","62.50%","67.20%",10,"31.60%",0,"0","0","0","0","0",59,45,7.5,1,2,0,0,2,-1.3,8,3,"33.30%",0.33,2,"0.00%",36.92,"D"
"Elijah Guttman","ELON",2026,"QB","CAA","FCS",45,64.4,21,21,12,"57.10%","57.10%",138,6.6,"51.40%",1,0,0,2.41,0,1,0,"0.00%",1,"4.80%",0,93,13,"52.40%","47.60%","48.50%",9,"47.60%",0,"0","0","0","0","0",61.4,19,4.8,2,2,0,0,0,2.3,2.5,0,"50.00%",0,1,"0.00%",36.89,"D"
"Tate Surber","TENN MARTN",2026,"QB","Big South - OVC Football Association","FCS",58,59.8,31,29,17,"58.60%","76.00%",177,6.1,"8.50%",2,0,0,2.75,3,2,2,"6.50%",1,"3.50%",2,99.4,9.5,"44.80%","41.40%","98.30%",10,"32.30%",0,"0","0","0","0","0",67.8,14,3.5,0,1,0,0,0,-3,6.5,2,"25.00%",0,0,"0.00%",36.08,"D"
"Eddie Buehler","MAINE",2026,"QB","CAA","FCS",69,48.6,39,36,23,"63.90%","70.60%",232,6.4,"41.40%",2,2,3,2.52,1,1,3,"7.70%",3,"8.30%",1,77.5,6.1,"66.70%","27.80%","58.60%",13,"30.80%",33,"9.10%","15.20%","27.30%","9.10%","57.60%",57.1,8,2.7,0,0,0,0,0,2,0.7,0,"0.00%",0,0,"0.00%",35.38,"D"
"Armond Parker","FL A&M",2026,"QB","SWAC","FCS",NA,NA,25,24,14,"58.30%","60.90%",267,11.1,"0.00%",2,0,1,0,0,0,0,"0.00%",0,"0.00%",0,124.8,0,"0.00%","0.00%","0.00%",7,"0.00%",0,"0","0","0","0","0",NA,15,7.5,0,1,0,0,0,7.5,0,0,"50.00%",0,1,"0.00%",34.57,"D"
"Alex Gevaudan","MERCYHURST",2026,"QB","Northeast","FCS",55,55,29,26,11,"42.30%","47.80%",190,7.3,"51.60%",2,2,2,2.5,1,1,1,"3.50%",2,"7.70%",0,61.4,11.2,"38.50%","50.00%","48.40%",8,"24.10%",0,"0","0","0","0","0",57.3,3,3,0,0,0,0,0,0,0,1,"0.00%",0,0,"0.00%",33.28,"D"
"Nate Dahle","WEBER ST",2026,"QB","Big Sky","FCS",NA,NA,26,25,14,"56.00%","56.00%",178,7.1,"0.00%",2,1,1,0,0,0,0,"0.00%",0,"0.00%",0,88.4,16.3,"4.00%","8.00%","6.70%",11,"0.00%",0,"0","0","0","0","0",NA,26,6.5,0,2,0,0,0,6.5,0,0,"50.00%",0,1,"0.00%",33.05,"D"
"Jordyn Potts","E KENTUCKY",2026,"QB","United Athletic","FCS",NA,NA,42,37,23,"62.20%","67.70%",273,7.4,"36.60%",1,0,1,0,1,0,0,"0.00%",0,"0.00%",0,93.6,10,"51.30%","40.50%","63.40%",14,"0.00%",0,"0","0","0","0","0",NA,62,7.8,0,2,0,1,0,-1.5,9.3,4,"25.00%",0,4,"0.00%",32.1,"D"
"Benjamin Newman","WAGNER",2026,"QB","Northeast","FCS",45,59.2,32,31,15,"48.40%","60.00%",86,2.8,"48.80%",1,1,0,2.75,0,3,0,"0.00%",0,"0.00%",0,52.2,6.4,"58.10%","22.60%","51.20%",7,"9.40%",24,"0","20.80%","33.30%","29.20%","45.80%",64.9,23,23,0,1,0,0,0,21,2,1,"100%",0,1,"0.00%",31.45,"D"
"Nelson Layne","NC CENT",2026,"QB","MEAC","FCS",47,66.3,26,16,10,"62.50%","71.40%",150,9.4,"29.30%",0,1,5,3.64,0,0,1,"3.90%",3,"18.80%",0,67.2,11.4,"43.80%","43.80%","70.70%",6,"23.10%",0,"0","0","0","0","0",48.8,29,4.8,0,0,0,0,2,1.5,0.7,5,"0.00%",0.33,0,"0.00%",31.29,"D"
"Kyle Lowe","SE LA",2026,"QB","Southland","FCS",55,57.6,26,25,18,"72.00%","82.60%",155,6.2,"52.30%",2,0,1,2.52,0,1,1,"3.90%",1,"4.00%",1,114.6,7,"64.00%","28.00%","49.70%",9,"23.10%",0,"0","0","0","0","0",54,-10,-3.3,0,0,0,0,0,-3.3,0,0,"0.00%",0,0,"0.00%",31.07,"D"
"TJ Crews IV","ELON",2026,"QB","CAA","FCS",23,75.8,12,11,7,"63.60%","63.60%",108,9.8,"39.80%",0,0,0,2.47,0,0,0,"0.00%",1,"9.10%",0,96,12.6,"45.50%","54.50%","60.20%",4,"50.00%",0,"0","0","0","0","0",57.9,15,3,0,0,0,0,0,2.6,0.4,1,"0.00%",0,1,"0.00%",31.03,"D"
"Pat McQuaide","VILLANOVA",2026,"QB","Patriot","FCS",60,59.1,30,27,19,"70.40%","80.00%",220,8.2,"43.20%",1,1,1,2.52,0,1,1,"3.30%",0,"0.00%",1,91.6,8.3,"51.80%","40.70%","56.80%",12,"26.70%",0,"0","0","0","0","0",66.6,31,6.2,0,1,0,0,1,4.4,0.4,2,"20.00%",0.2,2,"0.00%",30.2,"D"
"David Lynch","HOLY CROSS",2026,"QB","Patriot","FCS",71,42.2,42,39,15,"38.50%","45.70%",142,3.6,"73.20%",2,1,2,2.42,0,3,2,"4.80%",2,"5.10%",1,55.7,10.9,"41.00%","48.70%","26.80%",8,"0.00%",0,"0","0","0","0","0",61.8,6,3,1,1,0,0,0,3,0,0,"50.00%",0,0,"0.00%",30.09,"D"
"Daniel Lipovski","LAFAYETTE",2026,"QB","Patriot","FCS",NA,NA,33,32,13,"40.60%","46.40%",127,4,"13.40%",2,2,1,0,1,0,0,"0.00%",0,"0.00%",0,47.3,12.7,"37.50%","50.00%","90.50%",10,"0.00%",0,"0","0","0","0","0",NA,28,7,0,2,0,0,0,1,6,0,"50.00%",0,1,"0.00%",28.91,"D"
"Nick Peipert","STTHOM",2026,"QB","Pioneer","FCS",NA,NA,32,31,17,"54.80%","56.70%",236,7.6,"47.90%",1,1,0,0,0,0,0,"0.00%",0,"0.00%",0,76.8,12.6,"19.40%","41.90%","53.00%",9,"0.00%",0,"0","0","0","0","0",NA,24,2.4,1,2,0,0,0,1.2,1.2,1,"20.00%",0,1,"0.00%",28.81,"D"
"Daylin Lee","TENN STATE",2026,"QB","Big South - OVC Football Association","FCS",NA,NA,27,24,16,"66.70%","66.70%",227,9.5,"6.20%",1,0,3,0,0,0,0,"0.00%",0,"0.00%",0,110.9,12.2,"12.50%","12.50%","12.30%",9,"0.00%",0,"0","0","0","0","0",NA,31,3.9,0,3,0,0,0,3.1,0.8,0,"37.50%",0,1,"0.00%",27.93,"D"
"Tyler Budge","RHODE ISLD",2026,"QB","CAA","FCS",58,54.4,37,29,18,"62.10%","70.40%",209,7.2,"51.20%",1,1,4,2.66,0,1,2,"5.40%",1,"3.50%",1,81,7.9,"48.30%","44.80%","48.80%",10,"18.90%",0,"0","0","0","0","0",59.5,45,6.4,0,3,0,0,1,2.7,1.9,4,"42.90%",0.14,2,"0.00%",27.85,"D"
"Rowan Keefe","VALPO",2026,"QB","Pioneer","FCS",49,72.2,36,32,23,"71.90%","76.70%",182,5.7,"49.50%",1,0,4,2.19,2,1,0,"0.00%",1,"3.10%",0,96.1,6.1,"59.40%","34.40%","50.50%",6,"16.70%",0,"0","0","0","0","0",60,-5,-5,0,0,1,0,0,-5,0,0,"0.00%",0,0,"0.00%",27.75,"D"
"Tre'Von Taylor","HAMPTON",2026,"QB","CAA","FCS",NA,NA,35,25,13,"52.00%","59.10%",193,7.7,"53.90%",2,2,6,0,1,0,0,"0.00%",0,"0.00%",0,70.9,11.7,"44.00%","44.00%","46.10%",9,"0.00%",0,"0","0","0","0","0",NA,33,4.1,0,1,0,0,0,0.9,2.4,4,"12.50%",0,1,"0.00%",27.59,"D"
"Ethan Greenwood","LIUSHAR",2026,"QB","Northeast","FCS",66,59.2,27,22,8,"36.40%","40.90%",113,5.1,"29.20%",0,2,0,3.17,0,2,0,"0.00%",0,"0.00%",1,15.9,10.6,"54.50%","45.50%","70.80%",5,"22.20%",0,"0","0","0","0","0",67.5,142,5.3,0,5,0,0,9,2.7,2.6,5,"18.50%",0.33,5,"18.20%",27.45,"D"
"Will Burns","SO UTAH",2026,"QB","Big Sky","FCS",NA,NA,39,37,25,"67.60%","71.40%",310,8.4,"21.00%",1,0,1,0,2,0,0,"0.00%",0,"0.00%",0,102.3,3.1,"27.00%","8.10%","5.80%",14,"0.00%",0,"0","0","0","0","0",NA,26,3.3,1,2,0,0,0,1,1.1,1,"25.00%",0,0,"0.00%",27.35,"D"
"Garrison Davis","ARKAPB",2026,"QB","SWAC","FCS",NA,NA,23,17,11,"64.70%","64.70%",127,7.5,"41.70%",1,0,1,0,0,0,0,"0.00%",0,"0.00%",0,106.7,11.9,"41.20%","58.80%","59.80%",9,"0.00%",0,"0","0","0","0","0",NA,29,3.6,0,2,0,0,0,0.8,1.9,5,"25.00%",0,1,"0.00%",27.21,"D"
"Mason Mims","E TENN ST",2026,"QB","Southern","FCS",35,59.4,31,26,16,"61.50%","66.70%",200,7.7,"52.00%",2,0,3,0,1,0,0,"0.00%",0,"0.00%",0,111.1,10.5,"53.80%","38.50%","51.00%",9,"0.00%",0,"0","0","0","0","0",49.4,12,2.4,0,2,0,0,0,4.2,-1.8,2,"40.00%",0,0,"0.00%",27.1,"D"
"AJ Duffy","NEWHVN",2026,"QB","Northeast","FCS",77,48.8,55,49,27,"55.10%","63.80%",217,4.4,"71.40%",1,1,3,2.5,0,6,4,"7.30%",1,"2.00%",3,64.8,8.5,"61.20%","34.70%","28.60%",13,"23.60%",0,"0","0","0","0","0",63.9,32,8,0,1,0,0,0,6.5,1.5,3,"25.00%",0,2,"0.00%",26.75,"D"
"Derek Morgan","LEHIGH",2026,"QB","Patriot","FCS",62,61.6,16,15,10,"66.70%","66.70%",73,4.9,"60.30%",1,0,0,2.07,0,1,0,"0.00%",0,"0.00%",0,100.1,7.2,"60.00%","40.00%","45.20%",6,"12.50%",0,"0","0","0","0","0",62.7,28,3.1,0,3,0,0,0,1.8,1.3,1,"33.30%",0,2,"0.00%",26.61,"D"
"Tevin Carter","PRVIEW A&M",2026,"QB","SWAC","FCS",59,63.5,29,22,8,"36.40%","42.10%",126,5.7,"23.80%",0,0,6,2.61,1,5,0,"0.00%",1,"4.50%",0,56.3,13,"40.90%","45.50%","76.20%",5,"24.10%",0,"0","0","0","0","0",54.9,25,2.1,0,1,1,1,3,-0.5,2.6,0,"8.30%",0.25,0,"0.00%",24.44,"D"
"Dustin Fletcher","FL A&M",2026,"QB","SWAC","FCS",NA,NA,14,11,6,"54.50%","54.50%",48,4.4,"100%",1,0,1,0,0,0,0,"0.00%",0,"0.00%",0,96,6.8,"63.60%","36.40%","0.00%",5,"0.00%",0,"0","0","0","0","0",NA,33,8.3,0,3,0,0,0,3.3,5,2,"75.00%",0,3,"0.00%",24.26,"D"
"Cole LaCrue","E ILLINOIS",2026,"QB","Big South - OVC Football Association","FCS",55,69,31,26,15,"57.70%","77.30%",150,5.8,"65.30%",0,0,0,2.88,2,1,0,"0.00%",0,"0.00%",2,74.2,6.4,"50.00%","34.60%","34.70%",10,"19.40%",0,"0","0","0","0","0",61.8,26,4.3,1,1,0,0,1,-0.7,3.2,5,"16.70%",0.17,1,"0.00%",23.89,"D"
"Bryce Schondelmyer","DAYTON",2026,"QB","Pioneer","FCS",NA,NA,35,34,20,"58.80%","60.60%",155,4.6,"63.20%",1,0,0,0,0,0,0,"0.00%",0,"0.00%",0,79.9,8.9,"50.00%","47.10%","37.40%",10,"0.00%",0,"0","0","0","0","0",NA,2,1,0,0,0,0,0,1.5,-0.5,1,"0.00%",0,0,"0.00%",23.82,"D"
"Carson Camp","DUQUESNE",2026,"QB","Northeast","FCS",48,58.2,25,21,9,"42.90%","47.60%",67,3.2,"62.70%",0,0,2,2.66,0,4,1,"4.00%",1,"4.80%",1,51.1,9.2,"61.90%","38.10%","37.30%",6,"40.00%",0,"0","0","0","0","0",66.6,16,5.3,1,2,0,0,0,3.3,2,2,"66.70%",0,1,"0.00%",23.58,"D"
"Deljay Bailey","NORFOLK",2026,"QB","MEAC","FCS",NA,NA,32,28,18,"64.30%","69.20%",199,7.1,"31.70%",0,0,1,0,0,0,0,"0.00%",0,"0.00%",0,85.3,10,"46.40%","46.40%","68.30%",10,"0.00%",0,"0","0","0","0","0",NA,56,4.7,1,4,0,0,0,1.9,2.8,3,"33.30%",0,2,"0.00%",23.55,"D"
"JP Pickles","MERCER",2026,"QB","Southern","FCS",42,58.4,13,12,7,"58.30%","66.70%",82,6.8,"45.10%",0,1,1,2.38,0,0,1,"7.70%",1,"8.30%",1,44.4,9.2,"58.30%","41.70%","54.90%",3,"0.00%",0,"0","0","0","0","0",68.7,78,6.5,0,4,0,0,3,2.7,3.8,0,"33.30%",0.25,4,"8.30%",23.19,"D"
"Ty'ray Davis","Argonauts",2026,"QB","United Athletic","FCS",50,56,22,14,8,"57.10%","71.40%",118,8.4,"49.10%",1,1,4,2.92,0,2,2,"9.10%",1,"7.10%",2,78.9,10.8,"71.40%","28.60%","55.10%",5,"40.90%",0,"0","0","0","0","0",47.1,36,2.4,1,4,2,1,3,0.8,1.1,4,"26.70%",0.2,2,"9.10%",23.08,"D"
"Ian Reynolds","VA MILT IN",2026,"QB","Southern","FCS",NA,NA,21,20,8,"40.00%","40.00%",135,6.8,"49.60%",1,2,1,0,0,0,0,"0.00%",0,"0.00%",0,40.6,14,"35.00%","65.00%","50.40%",6,"0.00%",0,"0","0","0","0","0",NA,6,0.9,1,2,0,0,0,0.3,0.6,0,"28.60%",0,1,"0.00%",22.92,"D"
"Braylen Ragland","SE MO ST",2026,"QB","Big South - OVC Football Association","FCS",65,70.3,33,31,20,"64.50%","76.90%",192,6.2,"62.00%",0,0,0,2.63,2,2,0,"0.00%",0,"0.00%",0,81.7,6.1,"58.10%","25.80%","38.00%",10,"21.20%",0,"0","0","0","0","0",51.2,0,0,0,0,0,0,0,-1,1,2,"0.00%",0,0,"0.00%",22.69,"D"
"Nate Bell","E WASHGTON",2026,"QB","Big Sky","FCS",75,50.4,34,30,16,"53.30%","56.70%",187,6.2,"45.50%",0,0,3,3.35,0,3,1,"2.90%",0,"0.00%",1,72.5,8.9,"43.30%","56.70%","54.50%",12,"32.40%",0,"0","0","0","0","0",61,70,4.7,1,3,0,0,2,3.8,0.7,1,"20.00%",0.13,3,"28.60%",22.57,"D"
"Brennan Myer","BRYANT",2026,"QB","CAA","FCS",63,65,25,21,15,"71.40%","71.40%",154,7.3,"35.70%",0,1,0,2.56,0,0,1,"4.00%",0,"0.00%",0,72.3,9.3,"61.90%","38.10%","64.30%",7,"44.00%",0,"0","0","0","0","0",61.5,10,0.9,1,1,1,0,2,-0.2,1.1,4,"9.10%",0.18,0,"0.00%",22.5,"D"
"Kenny Lueth","N COLORADO",2026,"QB","Big Sky","FCS",NA,NA,15,13,9,"69.20%","69.20%",93,7.2,"79.60%",1,1,1,0,0,0,0,"0.00%",0,"0.00%",0,83.2,7.5,"69.20%","30.80%","20.40%",3,"0.00%",0,"0","0","0","0","0",NA,15,5,0,0,0,0,0,1.7,3.3,1,"0.00%",0,0,"0.00%",22.31,"D"
"Emmett Brown","INCAR WORD",2026,"QB","Southland","FCS",95,61.9,55,51,32,"62.70%","80.80%",285,5.6,"56.10%",0,1,1,2.59,0,0,1,"1.80%",1,"2.00%",6,69.5,6.5,"64.70%","27.50%","43.90%",15,"14.50%",0,"0","0","0","0","0",55.8,35,5,2,2,0,0,1,2.3,2.4,3,"28.60%",0.14,2,"0.00%",21.62,"D"
"DJ Williams","S ILLINOIS",2026,"QB","Missouri Valley","FCS",61,46.8,43,40,20,"50.00%","56.80%",182,4.5,"61.00%",1,1,1,2.49,0,2,1,"2.30%",0,"0.00%",1,60.6,9.8,"57.50%","35.00%","39.00%",12,"30.20%",0,"0","0","0","0","0",63.8,23,3.8,0,3,0,0,0,0.5,1.7,1,"50.00%",0,1,"0.00%",21.31,"D"
"Champ Long","NC A&T",2026,"QB","CAA","FCS",27,60.1,24,21,13,"61.90%","66.70%",148,7,"68.90%",1,1,1,2.35,0,1,2,"8.30%",0,"0.00%",1,79.1,6.3,"61.90%","38.10%","35.80%",8,"4.20%",0,"0","0","0","0","0",53.8,17,8.5,0,0,0,0,0,0,0,2,"0.00%",0,1,"0.00%",20.91,"D"
"Jerry Kaminski","N DAKOTA",2026,"QB","Missouri Valley","FCS",52,53,28,19,9,"47.40%","62.50%",106,5.6,"53.80%",1,0,5,3.19,0,0,0,"0.00%",0,"0.00%",1,82.3,9.2,"42.10%","42.10%","46.20%",5,"28.60%",0,"0","0","0","0","0",59.2,50,5,0,2,0,0,0,1.4,3.4,4,"20.00%",0,1,"0.00%",20.26,"D"
"Cutter Stewart","HOUCHR",2026,"QB","Southland","FCS",54,43.5,25,23,10,"43.50%","54.50%",96,4.2,"58.30%",1,0,1,2.16,0,4,2,"8.00%",1,"4.30%",2,70.2,12.1,"43.50%","52.20%","50.00%",5,"52.00%",0,"0","0","0","0","0",54.6,12,2.4,0,0,0,0,0,1.4,1,1,"0.00%",0,0,"0.00%",19.8,"F"
"Kevin White","NC A&T",2026,"QB","CAA","FCS",37,56,29,22,14,"63.60%","63.60%",141,6.4,"44.00%",1,1,4,2.62,0,1,1,"3.50%",0,"0.00%",0,78,8.5,"45.50%","54.50%","56.00%",8,"6.90%",0,"0","0","0","0","0",49.9,12,4,0,0,0,0,0,1.3,1.3,3,"0.00%",0,0,"0.00%",19.62,"F"
"Ethan Drumm","WOFFORD",2026,"QB","Southern","FCS",41,46.9,26,17,9,"52.90%","58.80%",177,10.4,"44.60%",1,2,7,2.78,0,1,3,"11.50%",1,"5.90%",1,69.6,11.9,"41.20%","58.80%","55.40%",4,"34.60%",0,"0","0","0","0","0",54.1,14,3.5,0,0,0,0,1,2.3,1.3,2,"0.00%",0.25,1,"0.00%",19,"F"
"Jim Ogle","MURRAY ST",2026,"QB","Missouri Valley","FCS",31,60.1,21,21,13,"61.90%","66.70%",79,3.8,"83.50%",0,0,0,2.25,0,1,0,"0.00%",0,"0.00%",1,69.3,5.7,"71.40%","28.60%","16.50%",3,"33.30%",19,"10.50%","21.10%","26.30%","10.50%","52.60%",NA,NA,NA,NA,NA,NA,NA,NA,NA,NA,NA,NA,NA,NA,NA,18.06,"F"
"Jaxon Dailey","N IOWA",2026,"QB","Missouri Valley","FCS",49,51,32,30,11,"36.70%","48.10%",91,3,"40.70%",0,2,2,3.05,0,2,2,"6.30%",2,"6.70%",2,17.5,12.4,"43.30%","46.70%","59.30%",5,"25.00%",0,"0","0","0","0","0",65.9,12,4,0,1,0,0,0,2.3,1.7,0,"33.30%",0,0,"0.00%",16.89,"F"
"Charlie Smith","HARVARD",2026,"QB","Ivy","FCS",61,46.8,26,23,13,"56.50%","56.50%",113,4.9,"60.20%",1,1,2,2.56,0,2,1,"3.90%",0,"0.00%",0,66,10.7,"60.90%","39.10%","45.10%",5,"38.50%",0,"0","0","0","0","0",55.2,1,0.5,0,0,0,0,0,0,0.5,1,"0.00%",0,0,"0.00%",16.74,"F"
"Donovyn Omolo","CENT ARK",2026,"QB","United Athletic","FCS",66,42.3,33,28,12,"42.90%","52.20%",98,3.5,"39.80%",0,2,3,3.22,1,2,2,"6.10%",0,"0.00%",0,22.6,13.9,"39.30%","42.90%","60.20%",6,"42.40%",0,"0","0","0","0","0",69.9,99,9.9,0,5,0,0,3,3.4,6.5,2,"50.00%",0.3,5,"0.00%",16.68,"F"
"Jack O'Connell","STHLSK",2026,"QB","Northeast","FCS",47,42.8,26,24,10,"41.70%","50.00%",69,2.9,"50.70%",1,1,1,2.98,2,1,2,"7.70%",2,"8.30%",0,45.8,7.7,"41.70%","41.70%","55.10%",4,"30.80%",0,"0","0","0","0","0",50.2,8,2.7,0,0,0,0,0,0.7,2,1,"0.00%",0,0,"0.00%",16.34,"F"
"Gabe Downing","PORTLAND",2026,"QB","Big Sky","FCS",35,54.9,24,23,9,"39.10%","52.90%",120,5.2,"45.00%",0,3,1,2.54,2,1,0,"0.00%",1,"4.30%",0,16.8,10.1,"43.50%","30.40%","55.00%",5,"8.30%",15,"20.00%","13.30%","33.30%","53.30%","53.30%",NA,NA,NA,NA,NA,NA,NA,NA,NA,NA,NA,NA,NA,NA,NA,15.91,"F"
"James Murphy","BROWN",2026,"QB","Ivy","FCS",73,57.6,46,40,26,"65.00%","75.70%",343,8.6,"63.80%",0,2,4,2.83,0,1,3,"6.50%",0,"0.00%",2,71.1,8.1,"50.00%","42.50%","36.10%",17,"21.70%",0,"0","0","0","0","0",53.8,-3,-0.8,0,0,0,0,0,-2.5,1.8,2,"0.00%",0,0,"0.00%",15.87,"F"
"Garrett Bass-Sulpizio","CORNELL",2026,"QB","Ivy","FCS",58,38.4,43,42,22,"52.40%","61.50%",157,3.7,"26.80%",0,3,0,2.48,1,3,4,"9.30%",2,"4.80%",2,31.5,7.1,"52.40%","40.50%","73.30%",7,"16.30%",0,"0","0","0","0","0",69.3,49,8.2,0,3,0,0,1,6.3,1.8,1,"50.00%",0.17,2,"0.00%",15.68,"F"
"Landon Sharpe","PRESBYTERN",2026,"QB","Pioneer","FCS",60,44.9,33,28,19,"67.90%","75.00%",162,5.8,"77.20%",1,1,4,2.35,0,1,3,"9.10%",0,"0.00%",2,79.8,5.2,"67.90%","32.10%","22.80%",8,"27.30%",0,"0","0","0","0","0",65.3,46,3.8,0,2,0,0,1,2.1,1.8,1,"16.70%",0.08,0,"0.00%",15.14,"F"
"Joshua Brown","MS VLY ST",2026,"QB","SWAC","FCS",NA,NA,31,31,16,"51.60%","53.30%",105,3.4,"7.60%",0,0,0,0,0,0,0,"0.00%",0,"0.00%",0,59.2,-3,"3.20%","0.00%","-2.90%",6,"0.00%",0,"0","0","0","0","0",NA,22,2.8,0,1,0,0,0,2.8,0,0,"12.50%",0,0,"0.00%",12.7,"F"
"Bronson Barben","UTAHTC",2026,"QB","Big Sky","FCS",65,46,36,34,16,"47.10%","59.40%",143,4.2,"51.70%",1,1,2,2.31,1,1,1,"2.80%",0,"0.00%",3,56.4,8.2,"55.90%","38.20%","48.30%",7,"13.90%",0,"0","0","0","0","0",61,8,2.7,0,1,0,0,0,1.7,1,0,"33.30%",0,0,"0.00%",12.2,"F"
"Emmett Dowling","BUCKNELL",2026,"QB","Patriot","FCS",30,45.3,21,21,8,"38.10%","47.40%",78,3.7,"46.20%",0,1,0,2.55,0,2,1,"4.80%",0,"0.00%",1,29.5,13.8,"28.60%","61.90%","53.80%",3,"9.50%",0,"0","0","0","0","0",NA,NA,NA,NA,NA,NA,NA,NA,NA,NA,NA,NA,NA,NA,NA,10.94,"F"
"Jack Jacobs","TXAMEA",2026,"QB","Southland","FCS",45,54.1,23,21,9,"42.90%","55.60%",78,3.7,"47.40%",0,0,1,2.08,2,1,1,"4.30%",0,"0.00%",1,53.3,4.3,"61.90%","23.80%","52.60%",3,"60.90%",0,"0","0","0","0","0",64.9,9,9,0,0,0,0,0,8,1,1,"0.00%",0,0,"0.00%",10.76,"F"
"Brooks Bentley","NEW HAMP",2026,"QB","CAA","FCS",77,41.5,51,39,19,"48.70%","63.90%",196,5,"27.00%",0,2,7,2.88,0,6,3,"5.90%",0,"0.00%",4,42.3,11.2,"53.80%","38.50%","73.00%",9,"23.50%",0,"0","0","0","0","0",59.3,8,1,1,3,0,0,0,-0.5,1.5,5,"37.50%",0,0,"0.00%",8.11,"F"
"Christopher Dietrich","BUCKNELL",2026,"QB","Patriot","FCS",22,49.7,12,11,4,"36.40%","40.00%",8,0.7,"150%",0,0,1,2.75,0,2,0,"0.00%",0,"0.00%",0,44.9,1.7,"81.80%","9.10%","-50.00%",1,"16.70%",0,"0","0","0","0","0",60,-2,-2,0,0,0,0,0,-2,0,0,"0.00%",0,0,"0.00%",6.35,"F"
"Donovan Leary","Argonauts",2026,"QB","United Athletic","FCS",15,47.9,12,12,4,"33.30%","36.40%",31,2.6,"32.30%",0,1,0,2.23,0,1,1,"8.30%",0,"0.00%",0,7.6,9.9,"41.70%","50.00%","67.70%",2,"0.00%",0,"0","0","0","0","0",58.4,2,2,0,0,0,0,0,2,0,0,"0.00%",0,0,"0.00%",5.84,"F"
"Ean Rodrigue","NICHOLLS",2026,"QB","Southland","FCS",47,34.7,24,22,8,"36.40%","44.40%",41,1.9,"105%",0,2,1,2.24,2,1,1,"4.20%",0,"0.00%",0,7,4.9,"54.50%","27.30%","-4.90%",3,"12.50%",16,"43.80%","6.30%","25.00%","43.80%","68.80%",60.6,7,3.5,0,0,0,0,0,-1,4.5,0,"0.00%",0,0,"0.00%",0.73,"F"
"Reese Mooney","TXAMEA",2026,"QB","Southland","FCS",27,31.6,21,20,11,"55.00%","70.00%",95,4.8,"66.30%",0,1,1,2.23,0,1,2,"9.50%",0,"0.00%",3,46.9,5.5,"60.00%","40.00%","33.70%",4,"38.10%",0,"0","0","0","0","0",NA,NA,NA,NA,NA,NA,NA,NA,NA,NA,NA,NA,NA,NA,NA,0,"F"
