"Name","Team.Name","Offensive.Snaps","Composite_Score","Player_Grade","Jersey.Number.x","Position","Season","Conference","Receiving.Grade","Key.Plays","Receiving.Snaps","Snaps.on.Press.Coverage","Targets","Receptions","Receiving.Yards","Yards.per.Reception","Receiving.Touchdowns","Receiving.First.Downs","Dropped.Passes","Fumbles","Fumbles.Lost","Catchable.Targets","Contested.Targets","Contested.Catches","Yards.after.Catch","Yards.After.Catch.per.Reception","Receiving.Yards.after.Contract","Contested.Catches.Percentage","Yards.per.Route.Run","Average.Depth.of.Target","Explosive.Plays","Missed.Tackles.forced.on.Receptions","Percentage.of.Catchable.Passes.Caught","Dropped.Catchable.Passes.Percentage","Contested.Catches.Caught.Percentage","Passer.Rating.when.Targetted","Slot.Target.Percentage","Deep.Target.Percentage","Completion.Percentage.when.Targeted","Percentage.of.Targets.per.Receiving.Snaps","Jersey.Number.y","Offensive.Grade","Passblock.Grade","Runblock.Grade","Conference_Level"
"ELI FINLEY","LA TECH",83,100,"A",84,"TE",2026,"Sun Belt",67.9,5,45,0,14,8,65,8.1,1,4,0,0,0,8,2,0,44,5.5,9,0,1.44,4.9,2,1,1,0,"14.30%",63.1,0.156,0.311,0.071,0.571,84,65.6,71,52.3,"G5"
"KYLE FRENDT","WYOMING",29,92.85,"A",83,"TE",2026,"MWC",77.2,3,20,1,4,4,95,23.8,0,3,0,0,0,4,0,0,43,10.8,13,0,4.75,13,3,0,1,0,"0.00%",118.8,0,0.2,0,1,83,76.9,66.8,65.9,"G5"
"CADE KEITH","NEW MEXICO",60,81.69,"A",88,"TE",2026,"MWC",73.5,4,31,1,5,5,78,15.6,0,3,0,0,0,5,0,0,44,8.8,10,0,2.52,6.8,1,1,1,0,"0.00%",118.8,0.065,0.161,0.2,1,88,73.1,64.5,62.9,"G5"
"COLE KELLER","JAMES MAD",57,74.1,"B",0,"TE",2026,"Sun Belt",66.6,4,24,0,5,3,40,13.3,2,3,0,0,0,2,0,0,24,8,10,0,1.67,7.4,1,0,1.5,0,"0.00%",125,0.042,0.208,0,0.6,0,65.5,33.7,61.6,"G5"
"JAMEL HOWSE","APP STATE",49,72.22,"B",19,"TE",2026,"Sun Belt",74.3,3,23,1,3,2,50,25,0,2,0,0,0,2,1,0,28,14,16,0,2.17,7.7,1,0,1,0,"33.30%",109.7,0.043,0.13,0,0.667,19,72.6,72.2,56.5,"G5"
"BRODERICK PETERS","SO MISS",29,67.77,"B",84,"TE",2026,"Sun Belt",84.7,3,14,1,4,4,60,15,0,2,0,0,0,4,0,0,16,4,2,0,4.29,11,1,2,1,0,"0.00%",118.8,0,0.286,0,1,84,85.1,70.5,50.4,"G5"
"SAM LEE","TOLEDO",58,64.08,"B",43,"TE",2026,"MAC",61.6,5,33,1,4,3,38,12.7,0,2,0,0,0,3,1,0,32,10.7,15,0,1.15,5.5,1,0,1,0,"25.00%",104.2,0.03,0.121,0,0.75,43,59.7,28.7,58.7,"G5"
"JACOB NEWELL","TOLEDO",33,59.73,"C",88,"TE",2026,"MAC",73.3,5,22,1,3,3,36,12,1,3,0,0,0,3,0,0,22,7.3,2,0,1.64,4.7,1,0,1,0,"0.00%",156.3,0,0.136,0,1,88,78,22.7,80.2,"G5"
"JABARI BUSH","ARK STATE",15,59.66,"C",17,"TE",2026,"Sun Belt",66.4,1,8,2,1,1,46,46,0,1,0,0,0,1,0,0,22,22,6,0,5.75,24,1,0,1,0,"0.00%",118.8,0.125,0.125,1,1,17,65.6,NA,57.3,"G5"
"ROD GIBBS","S ALABAMA",56,57.87,"C",9,"TE",2026,"Sun Belt",79,2,15,0,2,2,33,16.5,1,1,0,0,0,2,0,0,16,8,8,0,2.2,8.5,1,1,1,0,"0.00%",158.3,0,0.133,0,1,9,84.4,66.3,73.1,"G5"
"ERIC OLSEN","OREGON ST",23,54,"C",80,"TE",2026,"Pac-12",78.8,2,16,0,3,2,31,15.5,1,2,0,0,0,2,0,0,10,5,4,0,1.94,11,1,0,1,0,"0.00%",140.3,0.063,0.188,0,0.667,80,76.7,65.3,55.9,"G5"
"LAKELSEY JOHNSON JR.","LIBERTY",26,53.57,"C",87,"TE",2026,"C-USA",80.4,1,9,0,1,1,37,37,0,1,0,0,0,1,0,0,20,20,9,0,4.11,17,1,0,1,0,"0.00%",118.8,0,0.111,0,1,87,71.7,66,56.1,"G5"
"RIVER HELMS","GA SOUTHRN",61,52.93,"C",87,"TE",2026,"Sun Belt",64.9,3,34,0,5,3,36,12,0,2,0,0,0,3,1,0,16,5.3,6,0,1.06,12.2,1,1,1,0,"20.00%",82.1,0.088,0.147,0.2,0.6,87,60.8,NA,50,"G5"
"WITT EDWARDS","MO STATE",17,51.62,"C",87,"TE",2026,"C-USA",71.1,1,9,0,1,1,38,38,1,1,0,0,0,1,0,0,18,18,0,0,4.22,20,1,0,1,0,"0.00%",158.3,0,0.111,1,1,87,58.4,NA,39.8,"G5"
"JOSHUA LONG","E MICHIGAN",52,48.86,"C",9,"TE",2026,"MAC",66.2,4,26,0,5,4,11,2.8,0,1,0,0,0,4,3,2,6,1.5,5,0.667,0.42,3,0,0,1,0,"60.00%",39.6,0.115,0.192,0,0.8,9,67.8,71,65.6,"G5"
"BLAKE SMITH","TEXAS ST",41,47.87,"C",16,"TE",2026,"Pac-12",66.3,1,16,0,1,1,41,41,1,1,0,0,0,1,0,0,26,26,0,0,2.56,15,1,0,1,0,"0.00%",158.3,0,0.063,0,1,16,60.5,65.1,46.3,"G5"
"HUNTER TIPTON","MEMPHIS",33,46.75,"C",0,"TE",2026,"The American",56.4,1,14,0,2,2,16,8,1,1,0,0,0,2,0,0,17,8.5,11,0,1.14,-0.5,0,1,1,0,"0.00%",139.6,0.071,0.143,0,1,0,56.1,72.8,52.2,"G5"
"LOGAN MAULDIN","CHARLOTTE",22,46.33,"C",3,"TE",2026,"The American",62.2,2,17,4,4,3,30,10,0,1,0,0,0,3,0,0,23,7.7,2,0,1.76,1.8,1,1,1,0,"0.00%",56.3,0.176,0.235,0,0.75,3,61.6,69.4,54.1,"G5"
"CC EZIRIM","W KENTUCKY",28,45.17,"C",14,"TE",2026,"C-USA",71.4,2,13,1,2,2,30,15,0,2,0,0,0,2,0,0,5,2.5,3,0,2.31,12.5,1,0,1,0,"0.00%",118.8,0.154,0.154,0,1,14,71.1,67.9,56.2,"G5"
"ISMAEL SMITH FLORES","E CAROLINA",55,45.14,"C",8,"TE",2026,"The American",68.2,5,19,2,4,3,27,9,0,2,0,0,0,3,0,0,7,2.3,2,0,1.42,12,1,0,1,0,"0.00%",92.7,0.105,0.211,0.25,0.75,8,68.3,34.2,67.7,"G5"
"JAMARI HARROLD","KENNESAW",50,44.86,"C",88,"TE",2026,"C-USA",50.7,4,27,5,5,3,25,8.3,0,1,0,1,0,3,0,0,5,1.7,4,0,0.93,9.2,0,1,1,0,"0.00%",72.9,0.074,0.185,0.2,0.6,88,44.3,21.1,39.9,"G5"
"GRANT HOLLIER","GA STATE",44,44.15,"C",85,"TE",2026,"Sun Belt",51.2,6,33,2,8,5,29,5.8,0,1,1,0,0,6,1,0,21,4.2,2,0,0.88,3,0,0,0.833,0.167,"12.50%",69.3,0.061,0.242,0,0.625,85,48.6,69.5,42.2,"G5"
"AIDAN O'CALLAGHAN","MEMPHIS",29,43.4,"C",14,"TE",2026,"The American",62.3,2,15,1,3,3,23,7.7,0,1,0,0,0,3,0,0,10,3.3,8,0,1.53,4.3,0,1,1,0,"0.00%",98.6,0.133,0.2,0,1,14,58.6,70.2,44.2,"G5"
"JERON ASKREN","MO STATE",41,41.94,"C",88,"TE",2026,"C-USA",58.7,5,24,0,3,2,33,16.5,1,1,0,0,0,2,0,0,32,16,0,0,1.38,7.3,1,0,1,0,"0.00%",143.1,0.042,0.125,0.333,0.667,88,47.7,16.4,39.5,"G5"
"KORAUN PERDUE","MIDDLE TN",27,41.91,"C",83,"TE",2026,"C-USA",78.7,1,9,0,2,1,23,23,1,1,0,0,0,1,0,0,0,0,0,0,2.56,18.5,1,0,1,0,"0.00%",131.3,0,0.222,0.5,0.5,83,81.2,NA,70.2,"G5"
"ARMAAD SHARP","E MICHIGAN",12,41.42,"C",14,"TE",2026,"MAC",54.7,3,7,0,2,2,17,8.5,0,1,0,1,0,2,0,0,25,12.5,11,0,2.43,-4,0,2,1,0,"0.00%",102.1,0,0.286,0,1,14,48.9,NA,40.8,"G5"
"BREC LONG","N TEXAS",46,41.4,"C",17,"TE",2026,"The American",60.7,2,17,0,3,2,21,10.5,0,1,0,0,0,2,1,0,11,5.5,9,0,1.24,5,0,0,1,0,"33.30%",86.8,0.059,0.176,0,0.667,17,55.1,48.8,50.8,"G5"
"JAKE WILSON","WYOMING",42,40.61,"C",89,"TE",2026,"MWC",34.9,5,28,1,9,4,31,7.8,0,1,2,1,0,6,2,1,16,4,1,0.5,1.11,7.1,1,0,0.667,0.333,"22.20%",13.9,0.143,0.321,0.111,0.444,89,37.2,67.1,35.9,"G5"
"AJ MILLER","OHIO",18,39.54,"D",84,"TE",2026,"MAC",77.5,3,9,1,2,2,12,6,1,1,0,0,0,2,0,0,0,0,0,0,1.33,13.5,0,0,1,0,"0.00%",131.3,0.111,0.222,0,1,84,72.3,67.6,67.7,"G5"
"TOBY PAYNE","MARSHALL",70,39,"D",81,"TE",2026,"Sun Belt",57.5,4,25,3,4,2,23,11.5,0,1,0,0,0,3,1,0,6,3,1,0,0.92,8.5,1,0,0.667,0,"25.00%",67.7,0.08,0.16,0,0.5,81,59.6,69.2,61.7,"G5"
"JAMES RESAR","FIU",55,37.79,"D",4,"TE",2026,"C-USA",61.9,2,33,2,6,3,20,6.7,0,1,0,0,0,3,1,0,1,0.3,1,0,0.61,7.3,0,0,1,0,"16.70%",57.6,0.061,0.182,0,0.5,4,63.6,69.4,64.2,"G5"
"JORDAN CLARK","RICE",45,37.6,"D",19,"TE",2026,"The American",67.1,2,20,0,3,3,21,7,0,2,0,0,0,3,0,0,5,1.7,3,0,1.05,5.3,1,0,1,0,"0.00%",95.8,0.15,0.15,0,1,19,64.6,NA,59.5,"G5"
"AVION MCBRIDE","GA STATE",35,37.2,"D",81,"TE",2026,"Sun Belt",65.6,1,8,1,1,1,27,27,0,1,0,0,0,1,0,0,8,8,1,0,3.38,19,1,0,1,0,"0.00%",118.8,0,0.125,0,1,81,66.7,71.7,61.6,"G5"
"LUKE GILBERT","JVILLE ST",25,36.94,"D",30,"TE",2026,"C-USA",62.4,2,12,0,2,2,23,11.5,0,0,0,0,0,2,1,1,8,4,2,1,1.92,7.5,1,1,1,0,"50.00%",114.6,0.083,0.167,0,1,30,65.1,66,67.2,"G5"
"LIAM RUSSO","N ILLINOIS",15,36.49,"D",87,"TE",2026,"MWC",72.1,2,5,0,2,2,15,7.5,0,0,0,0,0,2,1,1,9,4.5,2,1,3,3,0,0,1,0,"50.00%",97.9,0.2,0.4,0,1,87,62.5,44.9,47.6,"G5"
"JEREMIAH SCOBY","BOWL GREEN",34,36.02,"D",0,"TE",2026,"MAC",52.8,4,21,1,8,2,17,8.5,0,1,1,0,0,3,2,0,6,3,1,0,0.81,8.6,1,0,0.667,0.333,"25.00%",39.6,0.191,0.381,0,0.25,0,50.8,NA,45.5,"G5"
"ELIJAH SESSOMS","DELAWARE",41,34.14,"D",88,"TE",2026,"C-USA",52.2,3,21,0,2,2,31,15.5,0,1,0,0,0,2,0,0,14,7,4,0,1.48,8.5,1,0,1,0,"0.00%",118.8,0.048,0.095,0,1,88,54.6,NA,61.2,"G5"
"BRYCE ANDERSON","LA MONROE",58,32.83,"D",8,"TE",2026,"Sun Belt",49.7,5,26,0,4,3,26,8.7,0,1,1,0,0,4,0,0,9,3,4,0,1,7,1,1,0.75,0.25,"0.00%",91.7,0.039,0.154,0,0.75,8,48.2,71.7,53.5,"G5"
"TANNER LEMASTER","E MICHIGAN",29,32.2,"D",88,"TE",2026,"MAC",60.5,3,15,1,2,2,23,11.5,0,1,0,0,0,2,0,0,7,3.5,1,0,1.53,8,1,0,1,0,"0.00%",114.6,0.067,0.133,0,1,88,66.9,68.7,72.4,"G5"
"AJ JOHNSON","FAU",64,31.49,"D",1,"TE",2026,"The American",56.5,3,28,3,3,2,10,5,0,1,0,0,0,2,0,0,8,4,4,0,0.36,6.3,0,0,1,0,"0.00%",71.5,0.036,0.107,0,0.667,1,74.6,74.2,84.5,"G5"
"BROCK CHAPPELL","LA LAFAYET",67,30.92,"D",83,"TE",2026,"Sun Belt",65.1,2,23,0,2,2,17,8.5,0,1,0,0,0,2,0,0,11,5.5,5,0,0.74,3,0,0,1,0,"0.00%",102.1,0,0.087,0,1,83,57.4,68,48.5,"G5"
"JACKSON VERDUGO","FIU",50,30.07,"D",9,"TE",2026,"C-USA",62.2,2,18,2,2,2,13,6.5,0,1,0,0,0,2,0,0,4,2,1,0,0.72,4.5,0,1,1,0,"0.00%",93.8,0,0.111,0,1,9,57.7,72.9,47.8,"G5"
"EVAN DANGLER","USF",32,29.84,"D",47,"TE",2026,"The American",62.6,2,14,1,1,1,15,15,0,1,0,0,0,1,0,0,10,10,3,0,1.07,5,1,0,1,0,"0.00%",118.8,0,0.071,0,1,47,63.8,63.9,62.8,"G5"
"ZEKE WIMBUSH","LIBERTY",31,29.58,"D",88,"TE",2026,"C-USA",66.1,1,10,0,1,1,20,20,0,1,0,0,0,1,0,0,0,0,0,0,2,20,1,0,1,0,"0.00%",118.8,0.1,0.1,1,1,88,58.1,69.3,56.3,"G5"
"DAWSON JOHNSON","TULANE",23,29.4,"D",19,"TE",2026,"The American",54,2,11,0,3,1,11,11,0,1,1,0,0,2,1,1,4,4,4,1,1,8,0,1,0.5,0.5,"33.30%",45.1,0.091,0.273,0,0.333,19,54.2,66.9,56.2,"G5"
"JACK PEDERSEN","WASH STATE",58,28.22,"D",28,"TE",2026,"Pac-12",57.1,3,24,0,1,1,11,11,1,1,0,0,0,1,0,0,8,8,0,0,0.46,3,0,0,1,0,"0.00%",152.1,0.042,0.042,0,1,28,45.4,70.4,41.2,"G5"
"LOFTON HOWARD","W KENTUCKY",30,27.93,"D",19,"TE",2026,"C-USA",60.2,3,17,0,2,2,19,9.5,0,1,0,0,0,2,0,0,4,2,2,0,1.12,7.5,0,0,1,0,"0.00%",106.3,0.118,0.118,0,1,19,49.6,67.9,30.3,"G5"
"JAKE APPLEGET","FRESNO ST",63,27.6,"D",87,"TE",2026,"Pac-12",59.2,2,24,0,4,2,22,11,0,0,0,0,0,2,0,0,16,8,4,0,0.92,8.5,1,0,1,0,"0.00%",66.7,0.083,0.167,0,0.5,87,76.5,72,82.1,"G5"
"LEON HAUGHTON JR.","DOMINION",59,27.44,"D",86,"TE",2026,"Sun Belt",62.4,2,19,1,3,2,9,4.5,0,0,0,0,0,2,1,1,2,1,1,1,0.47,7.3,0,0,1,0,"33.30%",70.1,0.053,0.158,0,0.667,86,60.9,73,56,"G5"
"NADER CHIRCHI","COLO STATE",31,27.38,"D",88,"TE",2026,"Pac-12",66.2,3,7,1,1,1,1,1,1,1,0,0,0,1,0,0,0,0,0,0,0.14,8,0,0,1,0,"0.00%",118.8,0,0.143,0,1,88,51.7,73.5,39.6,"G5"
"DARRIN FUGITT","APP STATE",56,27.29,"D",7,"TE",2026,"Sun Belt",49.9,4,20,0,4,1,16,16,0,1,1,0,0,2,1,0,14,14,3,0,0.8,7.8,1,0,0.5,0.5,"25.00%",43.8,0.05,0.2,0.25,0.25,7,52.6,71,55.4,"G5"
"NICK HAMPTON","TROY",59,26.84,"D",19,"TE",2026,"Sun Belt",61.1,2,19,0,2,2,13,6.5,0,1,0,0,0,2,0,0,6,3,4,0,0.68,3.5,0,0,1,0,"0.00%",93.8,0,0.105,0,1,19,54.7,71.6,46.8,"G5"
"TATE HOOVER","BALL ST",44,25.74,"D",24,"TE",2026,"MAC",65.1,1,11,0,1,1,13,13,0,1,0,0,0,1,0,0,5,5,2,0,1.18,8,0,0,1,0,"0.00%",118.8,0.091,0.091,0,1,24,63,69.3,57.3,"G5"
"JASON FOWLER","N ILLINOIS",27,24.87,"D",83,"TE",2026,"MWC",69,1,8,0,2,2,8,4,0,0,0,0,0,2,0,0,8,4,5,0,1,0,0,0,1,0,"0.00%",83.3,0,0.25,0,1,83,74.4,73.4,67.8,"G5"
"MATT WAGNER","BOISE ST",62,24.77,"D",88,"TE",2026,"Pac-12",47.1,3,23,0,4,1,14,14,0,1,1,0,0,2,1,0,9,9,4,0,0.61,6.3,0,0,0.5,0.5,"25.00%",41.7,0,0.174,0,0.25,88,55.7,70,65.1,"G5"
"BEN VERGES","COAST CAR",24,24.57,"D",85,"TE",2026,"Sun Belt",70.4,1,11,0,1,1,13,13,0,1,0,0,0,1,0,0,6,6,0,0,1.18,7,0,0,1,0,"0.00%",118.8,0,0.091,0,1,85,67.6,NA,60.6,"G5"
"JUICE VEREEN","COLO STATE",25,24.27,"D",5,"TE",2026,"Pac-12",46.1,3,22,3,3,2,8,4,0,0,1,0,0,3,1,0,5,2.5,1,0,0.36,2.3,0,0,0.667,0.333,"33.30%",70.1,0.091,0.136,0,0.667,5,47,67.5,58.9,"G5"
"MAX REESE","N TEXAS",68,23.29,"D",7,"TE",2026,"The American",48.8,1,34,1,2,2,15,7.5,0,1,0,0,0,2,0,0,4,2,1,0,0.44,5.5,0,0,1,0,"0.00%",97.9,0.029,0.059,0,1,7,47.6,72,57.5,"G5"
"ADAM PARKS","W MICHIGAN",45,22.92,"D",15,"TE",2026,"MAC",55.8,2,12,0,2,2,11,5.5,0,1,0,0,0,2,0,0,10,5,2,0,0.92,0.5,0,0,1,0,"0.00%",89.6,0,0.167,0,1,15,66.2,65.4,72,"G5"
"GAVIN CORREIA","FRESNO ST",48,21.77,"D",86,"TE",2026,"Pac-12",51.1,2,19,1,3,1,4,4,0,0,0,0,0,1,1,0,2,2,0,0,0.21,10.7,0,3,1,0,"33.30%",42.4,0.053,0.158,0.333,0.333,86,54.9,70.2,60.6,"G5"
"MAX WHISNER","SM HOUSTON",31,19.47,"F",87,"TE",2026,"C-USA",59.1,1,16,0,1,1,10,10,0,0,0,0,0,1,0,0,5,5,2,0,0.63,5,0,1,1,0,"0.00%",108.3,0.063,0.063,0,1,87,70.7,69.5,82.7,"G5"
"DOMINIC TOY","COLO STATE",17,18.9,"F",30,"TE",2026,"Pac-12",55.8,1,8,1,2,1,7,7,0,0,0,0,0,1,0,0,6,6,3,0,0.88,3,0,0,1,0,"0.00%",58.3,0.125,0.25,0,0.5,30,60.4,67.9,77.6,"G5"
"ELIJAH ALEXANDER","AKRON",38,18.08,"F",83,"TE",2026,"MAC",58.7,1,23,1,1,1,9,9,0,0,0,0,0,1,0,0,7,7,1,0,0.39,2,0,0,1,0,"0.00%",104.2,0,0.043,0,1,83,52.6,23,58,"G5"
"CLINT WALKER","BUFFALO",60,17.22,"F",5,"TE",2026,"MAC",39.8,6,22,0,7,2,7,3.5,0,0,0,1,0,2,1,0,2,1,1,0,0.32,8,0,0,1,0,"14.30%",39.6,0.182,0.318,0,0.286,5,38.3,70.9,45.9,"G5"
"SCOTT ISACKS","UAB",31,16.21,"F",44,"TE",2026,"The American",56.6,1,9,1,1,1,4,4,0,0,0,0,0,1,0,0,4,4,2,0,0.44,0,0,0,1,0,"0.00%",83.3,0.111,0.111,0,1,44,69.6,69.8,75.6,"G5"
"JEREMIAH BECK JR.","SO MISS",23,16.08,"F",88,"TE",2026,"Sun Belt",55.1,0,12,3,3,1,4,4,0,0,0,0,0,1,0,0,0,0,0,0,0.33,6.3,0,0,1,0,"0.00%",2.8,0.083,0.25,0,0.333,88,53.2,NA,51.9,"G5"
"TEDDY GAWLIK","LA LAFAYET",33,15.57,"F",44,"TE",2026,"Sun Belt",55,1,9,0,1,1,1,1,0,0,0,0,0,1,1,1,0,0,0,1,0.11,1,0,0,1,0,"100%",79.2,0,0.111,0,1,44,53,65.3,52.8,"G5"
"BEN GRICE","RICE",58,15.16,"F",6,"TE",2026,"The American",48.5,3,22,0,3,1,12,12,0,1,1,0,0,2,0,0,10,10,0,0,0.55,9,0,0,0.5,0.5,"0.00%",46.5,0,0.136,0,0.333,6,47.3,NA,47.9,"G5"
"TYLER LITTLE","ARK STATE",30,15.06,"F",11,"TE",2026,"Sun Belt",50.9,0,10,0,3,1,2,2,0,0,0,0,0,1,1,1,0,0,0,1,0.2,7.3,0,0,1,0,"33.30%",42.4,0,0.3,0,0.333,11,44,55.8,45.5,"G5"
"WYATT SULLIVAN","USF",19,14.52,"F",8,"TE",2026,"The American",38.9,2,16,0,2,2,14,7,0,0,0,1,1,2,0,0,7,3.5,1,0,0.88,3.5,0,0,1,0,"0.00%",95.8,0.063,0.125,0,1,8,41.9,NA,73,"G5"
"MAX MOSEY","RICE",20,12.97,"F",13,"TE",2026,"The American",57.9,0,5,0,1,1,5,5,0,0,0,0,0,1,0,0,0,0,0,0,1,5,0,0,1,0,"0.00%",87.5,0,0.2,0,1,13,59.9,NA,53,"G5"
"MYLES PETERS","C MICHIGAN",19,12.65,"F",85,"TE",2026,"MAC",55.8,1,6,0,2,1,3,3,0,0,0,0,0,1,0,0,3,3,2,0,0.5,2.5,0,0,1,0,"0.00%",56.3,0,0.333,0,0.5,85,58,64.5,60.7,"G5"
"DECORION TEMPLE","OREGON ST",24,12.22,"F",8,"TE",2026,"Pac-12",50.5,2,15,1,1,1,5,5,0,0,0,0,0,1,0,0,0,0,0,0,0.33,5,0,0,1,0,"0.00%",87.5,0,0.067,0,1,8,65.5,17.2,72.1,"G5"
"RYAN WOLFER","S DIEGO ST",35,11.72,"F",88,"TE",2026,"Pac-12",53.4,0,18,1,3,1,6,6,0,0,0,0,0,1,0,0,1,1,0,0,0.33,7.3,0,0,1,0,"0.00%",2.8,0.111,0.167,0,0.333,88,54.4,71.7,58.2,"G5"
"CALEB RYAN","LIBERTY",17,11.34,"F",48,"TE",2026,"C-USA",58.4,1,3,0,1,1,2,2,0,0,0,0,0,1,0,0,2,2,0,0,0.67,0,0,0,1,0,"0.00%",79.2,0,0.333,0,1,48,53.5,69.9,51.1,"G5"
"HUNTER HOPPERTON","KENT STATE",23,11.27,"F",18,"TE",2026,"MAC",53.5,1,8,1,1,0,0,0,0,0,0,0,0,0,1,0,0,0,0,0,0,7,0,0,0,0,"100%",39.6,0.125,0.125,0,0,18,52.3,77.1,47.9,"G5"
"ELI JACON-DUFFY","BOWL GREEN",40,11.27,"F",8,"TE",2026,"MAC",54.8,2,13,1,1,1,-3,-3,0,0,0,0,0,1,0,0,4,4,2,0,-0.23,-7,0,0,1,0,"0.00%",79.2,0,0.077,0,1,8,48.9,67.9,46.8,"G5"
"TERIK MULDER","KENT STATE",16,11.25,"F",89,"TE",2026,"MAC",55,1,9,0,2,1,3,3,0,0,0,0,0,1,0,0,3,3,2,0,0.33,4.5,0,0,1,0,"0.00%",16.7,0.111,0.222,0,0.5,89,50.2,64.5,48.9,"G5"
"DJ ASIASI","NEVADA",42,10.57,"F",16,"TE",2026,"MWC",52.1,0,12,1,1,1,1,1,0,0,0,0,0,1,0,0,1,1,0,0,0.08,0,0,0,1,0,"0.00%",79.2,0.083,0.083,0,1,16,49.4,70.7,49.4,"G5"
"CONNER CRAVAACK","AKRON",24,10.19,"F",85,"TE",2026,"MAC",52.4,1,14,0,1,1,3,3,0,0,0,0,0,1,0,0,1,1,1,0,0.21,2,0,0,1,0,"0.00%",79.2,0,0.071,0,1,85,49,69.3,45.9,"G5"
"PETER CLARKE","TEMPLE",67,9.25,"F",0,"TE",2026,"The American",54.4,1,25,0,2,1,3,3,0,0,0,0,0,1,0,0,0,0,0,0,0.12,8,0,0,1,0,"0.00%",56.3,0,0.08,0,0.5,0,55.9,69.4,58.3,"G5"
"PEARCE SPURLIN III","COLO STATE",13,8.43,"F",18,"TE",2026,"Pac-12",54,1,11,3,0,0,0,0,0,0,0,0,0,0,0,0,0,0,0,0,0,0,0,0,0,0,"0.00%",0,0,0,0,0,18,54.1,67.8,59.2,"G5"
"CAMERON ROBERTS","TULANE",14,8.37,"F",87,"TE",2026,"The American",54.6,1,8,0,1,0,0,0,0,0,0,0,0,0,1,0,0,0,0,0,0,3,0,0,0,0,"100%",39.6,0,0.125,0,0,87,68.2,NA,81.8,"G5"
"KADE CATON","USF",24,8.29,"F",85,"TE",2026,"The American",52,3,11,2,1,0,0,0,0,0,0,0,0,0,0,0,0,0,0,0,0,9,0,0,0,0,"0.00%",39.6,0,0.091,0,0,85,59.6,NA,67.5,"G5"
"ZY'AIRE FLETCHER","KENT STATE",25,8.25,"F",11,"TE",2026,"MAC",55.8,1,5,1,1,0,0,0,0,0,0,0,0,0,0,0,0,0,0,0,0,16,0,0,0,0,"0.00%",39.6,0.2,0.2,0,0,11,38.8,74.2,39,"G5"
"WESLEY CAMPBELL VI","GA STATE",20,8.12,"F",6,"TE",2026,"Sun Belt",37.4,3,14,2,4,1,2,2,0,0,1,0,0,2,0,0,0,0,0,0,0.14,12.8,0,0,0.5,0.5,"0.00%",0,0.071,0.286,0.25,0.25,6,34.7,NA,49.5,"G5"
"JADEN HAMM","ARK STATE",12,7.77,"F",19,"TE",2026,"Sun Belt",55.1,0,2,0,1,0,0,0,0,0,0,0,0,0,0,0,0,0,0,0,0,26,0,0,0,0,"0.00%",39.6,0,0.5,1,0,19,63,67.8,65.1,"G5"
"CARTER ECK","NEVADA",13,7.09,"F",83,"TE",2026,"MWC",55.5,0,3,1,1,0,0,0,0,0,0,0,0,0,0,0,0,0,0,0,0,9,0,0,0,0,"0.00%",39.6,0,0.333,0,0,83,46,NA,48,"G5"
"DILLON HIPP","MO STATE",25,6.19,"F",85,"TE",2026,"C-USA",52.3,1,13,0,1,1,0,0,0,0,0,0,0,1,0,0,-1,-1,-1,0,0,1,0,0,1,0,"0.00%",79.2,0,0.077,0,1,85,44.8,12,45.6,"G5"
"PRESTON KILGORE","SO MISS",27,5.93,"F",81,"TE",2026,"Sun Belt",50.6,1,21,1,1,0,0,0,0,0,0,0,0,0,0,0,0,0,0,0,0,11,0,0,0,0,"0.00%",39.6,0.048,0.048,0,0,81,44.9,NA,41.1,"G5"
"KAMAEHU KOPA-KAAWALAUOLE","S JOSE ST",13,4.9,"F",83,"TE",2026,"MWC",54.1,0,4,0,1,0,0,0,0,0,0,0,0,0,0,0,0,0,0,0,0,16,0,0,0,0,"0.00%",39.6,0,0.25,0,0,83,51.9,65.5,54.4,"G5"
"ARVIS BATTLE JR.","TEXAS ST",12,4.77,"F",9,"TE",2026,"Pac-12",59.1,0,1,1,0,0,0,0,0,0,0,0,0,0,0,0,0,0,0,0,0,0,0,0,0,0,"0.00%",0,0,0,0,0,9,61.4,NA,64.3,"G5"
"RYAN BROTHERTON","W MICHIGAN",15,4.26,"F",83,"TE",2026,"MAC",51,1,13,0,1,0,0,0,0,0,0,0,0,0,0,0,0,0,0,0,0,20,0,0,0,0,"0.00%",0,0,0.077,1,0,83,46.6,NA,42.1,"G5"
"COLESON ARENDS","W KENTUCKY",15,4.19,"F",87,"TE",2026,"C-USA",56.7,0,3,1,0,0,0,0,0,0,0,0,0,0,0,0,0,0,0,0,0,0,0,0,0,0,"0.00%",0,0,0,0,0,87,54.4,69.7,54.7,"G5"
"BEAU BAKER","WASH STATE",14,4.18,"F",86,"TE",2026,"Pac-12",56.6,0,4,1,0,0,0,0,0,0,0,0,0,0,0,0,0,0,0,0,0,0,0,0,0,0,"0.00%",0,0,0,0,0,86,62.6,63.1,68.1,"G5"
"JAKE FURTNEY","OHIO",23,3.97,"F",33,"TE",2026,"MAC",55.6,1,7,1,0,0,0,0,0,0,0,0,0,0,0,0,0,0,0,0,0,0,0,0,0,0,"0.00%",0,0,0,0,0,33,60.6,61.1,68.8,"G5"
"CASH CHEEKS","UTEP",40,3.84,"F",4,"TE",2026,"MWC",54.8,1,12,1,0,0,0,0,0,0,0,0,0,0,0,0,0,0,0,0,0,0,0,0,0,0,"0.00%",0,0,0,0,0,4,53.3,70.3,54.3,"G5"
"JP MIKHAEL","GA SOUTHRN",17,3.81,"F",84,"TE",2026,"Sun Belt",55,0,6,1,0,0,0,0,0,0,0,0,0,0,0,0,0,0,0,0,0,0,0,0,0,0,"0.00%",0,0,0,0,0,84,48.3,NA,47.3,"G5"
"CHRIS GACAYAN II","TULSA",18,3.69,"F",82,"TE",2026,"The American",54.6,1,5,1,0,0,0,0,0,0,0,0,0,0,0,0,0,0,0,0,0,0,0,0,0,0,"0.00%",0,0,0,0,0,82,64.4,67.8,71.6,"G5"
"ISAAC SCHOENFELD","WYOMING",19,3.52,"F",87,"TE",2026,"MWC",53.9,0,5,1,0,0,0,0,0,0,0,0,0,0,0,0,0,0,0,0,0,0,0,0,0,0,"0.00%",0,0,0,0,0,87,51.5,44.6,56.1,"G5"
"RYDER KUSCH","TEMPLE",26,3.5,"F",33,"TE",2026,"The American",52.6,0,6,0,1,0,0,0,0,0,0,0,0,0,0,0,0,0,0,0,0,7,0,0,0,0,"0.00%",39.6,0,0.167,0,0,33,51.1,69.6,51.4,"G5"
"REED JESIOLOWSKI","KENNESAW",15,3.41,"F",19,"TE",2026,"C-USA",53.3,1,8,1,0,0,0,0,0,0,0,0,0,0,0,0,0,0,0,0,0,0,0,0,0,0,"0.00%",0,0,0,0,0,19,40.6,NA,34.5,"G5"
"GABE MILBOURN","OREGON ST",22,3.33,"F",82,"TE",2026,"Pac-12",53.2,0,4,1,0,0,0,0,0,0,0,0,0,0,0,0,0,0,0,0,0,0,0,0,0,0,"0.00%",0,0,0,0,0,82,57.6,68.6,61.7,"G5"
"JACKSON FORD","S DIEGO ST",42,3.21,"F",15,"TE",2026,"Pac-12",52.4,0,10,1,0,0,0,0,0,0,0,0,0,0,0,0,0,0,0,0,0,0,0,0,0,0,"0.00%",0,0,0,0,0,15,56.4,74.5,60.2,"G5"
"TAYVION GALLOWAY","MIDDLE TN",20,2.93,"F",88,"TE",2026,"C-USA",51.4,0,8,1,0,0,0,0,0,0,0,0,0,0,0,0,0,0,0,0,0,0,0,0,0,0,"0.00%",0,0,0,0,0,88,53.9,65.3,59.8,"G5"
"LUKE CLYBURN","USF",26,2.87,"F",87,"TE",2026,"The American",51.1,2,9,1,0,0,0,0,0,0,0,0,0,0,0,0,0,0,0,0,0,0,0,0,0,0,"0.00%",0,0,0,0,0,87,62.1,17.1,72.8,"G5"
"ALEX SCHERLE","BALL ST",35,2.82,"F",88,"TE",2026,"MAC",48.9,0,16,0,1,0,0,0,0,0,0,0,0,0,0,0,0,0,0,0,0,10,0,0,0,0,"0.00%",39.6,0,0.063,0,0,88,47.7,NA,52.3,"G5"
"CHRISTIAN ROSS","MIAMI OH",35,2.74,"F",15,"TE",2026,"MAC",41.2,2,16,0,1,0,0,0,0,0,1,0,0,1,0,0,0,0,0,0,0,32,0,0,0,1,"0.00%",39.6,0.063,0.063,1,0,15,38.7,71.3,48.1,"G5"
"JUDAH EZINWA","UTEP",11,2.57,"F",82,"TE",2026,"MWC",59.9,0,1,0,0,0,0,0,0,0,0,0,0,0,0,0,0,0,0,0,0,0,0,0,0,0,"0.00%",0,0,0,0,0,82,56.3,NA,57.1,"G5"
"JACKSON BOWERS","OREGON ST",18,2.39,"F",87,"TE",2026,"Pac-12",59.2,0,1,0,0,0,0,0,0,0,0,0,0,0,0,0,0,0,0,0,0,0,0,0,0,0,"0.00%",0,0,0,0,0,87,57.8,66,57.8,"G5"
"EMILIANO SOLDEVILLA","LA LAFAYET",12,2.39,"F",46,"TE",2026,"Sun Belt",59.2,0,1,0,0,0,0,0,0,0,0,0,0,0,0,0,0,0,0,0,0,0,0,0,0,0,"0.00%",0,0,0,0,0,46,53.4,NA,53.7,"G5"
"BLANE CLEAVER","BOWL GREEN",25,2.25,"F",89,"TE",2026,"MAC",58.6,0,2,0,0,0,0,0,0,0,0,0,0,0,0,0,0,0,0,0,0,0,0,0,0,0,"0.00%",0,0,0,0,0,89,60.1,69.1,59.6,"G5"
"LANE WADLE","CHARLOTTE",18,2.1,"F",88,"TE",2026,"The American",58,0,2,0,0,0,0,0,0,0,0,0,0,0,0,0,0,0,0,0,0,0,0,0,0,0,"0.00%",0,0,0,0,0,88,70.2,64.5,71.2,"G5"
"KANEN HAMLETT","E CAROLINA",17,2.04,"F",6,"TE",2026,"The American",29.2,1,4,0,1,1,1,1,0,0,0,1,1,1,0,0,0,0,0,0,0.25,1,0,0,1,0,"0.00%",79.2,0,0.25,0,1,6,34.7,68.3,57.5,"G5"
"COLLIN REMENOWSKY","UTAH ST",14,2,"F",11,"TE",2026,"Pac-12",57.6,0,2,0,0,0,0,0,0,0,0,0,0,0,0,0,0,0,0,0,0,0,0,0,0,0,"0.00%",0,0,0,0,0,11,52.8,73.1,47.3,"G5"
"JOE STEIN","N ILLINOIS",11,1.85,"F",85,"TE",2026,"MWC",57,0,2,0,0,0,0,0,0,0,0,0,0,0,0,0,0,0,0,0,0,0,0,0,0,0,"0.00%",0,0,0,0,0,85,51.7,71.8,49.1,"G5"
"RYAN BOULTWOOD","S JOSE ST",11,1.85,"F",88,"TE",2026,"MWC",57,0,2,0,0,0,0,0,0,0,0,0,0,0,0,0,0,0,0,0,0,0,0,0,0,0,"0.00%",0,0,0,0,0,88,68.1,66.6,71.3,"G5"
"BRAYDEN BOCKLER","LA TECH",14,1.77,"F",87,"TE",2026,"Sun Belt",56.6,0,3,0,0,0,0,0,0,0,0,0,0,0,0,0,0,0,0,0,0,0,0,0,0,0,"0.00%",0,0,0,0,0,87,51.8,46.3,52.9,"G5"
"ISAIAH BUTLER-TANNER","UTSA",13,1.55,"F",86,"TE",2026,"The American",55.7,0,4,0,0,0,0,0,0,0,0,0,0,0,0,0,0,0,0,0,0,0,0,0,0,0,"0.00%",0,0,0,0,0,86,52,NA,50.7,"G5"
"NATE LEVICKI","W MICHIGAN",28,1.5,"F",88,"TE",2026,"MAC",55.4,2,6,0,0,0,0,0,0,0,0,0,0,0,0,0,0,0,0,0,0,0,0,0,0,0,"0.00%",0,0,0,0,0,88,74.4,65.5,81.2,"G5"
"JEWLYEN ROBERTS","TULSA",21,1.49,"F",84,"TE",2026,"The American",55.5,0,3,0,0,0,0,0,0,0,0,0,0,0,0,0,0,0,0,0,0,0,0,0,0,0,"0.00%",0,0,0,0,0,84,59.1,66.9,61.8,"G5"
"CYRUS ELLISON","COAST CAR",40,1.35,"F",9,"TE",2026,"Sun Belt",33.6,1,15,0,1,0,0,0,0,0,1,0,0,1,1,0,0,0,0,0,0,3,0,0,0,1,"100%",39.6,0,0.067,0,0,9,43.3,71.6,54.9,"G5"
"WILL SWARTZ","RICE",26,1.34,"F",84,"TE",2026,"The American",54.9,1,3,0,0,0,0,0,0,0,0,0,0,0,0,0,0,0,0,0,0,0,0,0,0,0,"0.00%",0,0,0,0,0,84,67.6,34.5,69.7,"G5"
"GABE LOVORN","TULANE",14,1.25,"F",86,"TE",2026,"The American",54.5,0,4,0,0,0,0,0,0,0,0,0,0,0,0,0,0,0,0,0,0,0,0,0,0,0,"0.00%",0,0,0,0,0,86,52.8,69.9,53.4,"G5"
"ANDREW METZGER","OHIO",21,1.13,"F",86,"TE",2026,"MAC",53.8,0,8,0,0,0,0,0,0,0,0,0,0,0,0,0,0,0,0,0,0,0,0,0,0,0,"0.00%",0,0,0,0,0,86,52.2,71.2,52.1,"G5"
"CARTER KUCHENBUCH","BOISE ST",16,1.02,"F",46,"TE",2026,"Pac-12",53.6,0,4,0,0,0,0,0,0,0,0,0,0,0,0,0,0,0,0,0,0,0,0,0,0,0,"0.00%",0,0,0,0,0,46,60.8,66.4,64.3,"G5"
"LUKE TEVIS","TULSA",16,1.01,"F",86,"TE",2026,"The American",53.5,0,5,0,0,0,0,0,0,0,0,0,0,0,0,0,0,0,0,0,0,0,0,0,0,0,"0.00%",0,0,0,0,0,86,54.3,NA,56.9,"G5"
"TREVOR WILSON","BUFFALO",40,0.96,"F",87,"TE",2026,"MAC",53.3,1,5,0,0,0,0,0,0,0,0,0,0,0,0,0,0,0,0,0,0,0,0,0,0,0,"0.00%",0,0,0,0,0,87,44.5,69.4,46,"G5"
"TY STAMEY","TEXAS ST",52,0.94,"F",18,"TE",2026,"Pac-12",53.1,1,7,0,0,0,0,0,0,0,0,0,0,0,0,0,0,0,0,0,0,0,0,0,0,0,"0.00%",0,0,0,0,0,18,55.8,71.5,46.4,"G5"
"MILES CAMPBELL","UTSA",22,0.92,"F",81,"TE",2026,"The American",52.8,0,11,0,0,0,0,0,0,0,0,0,0,0,0,0,0,0,0,0,0,0,0,0,0,0,"0.00%",0,0,0,0,0,81,49.4,70.7,62.4,"G5"
"JT TANG","TROY",23,0.84,"F",80,"TE",2026,"Sun Belt",52.8,0,5,0,0,0,0,0,0,0,0,0,0,0,0,0,0,0,0,0,0,0,0,0,0,0,"0.00%",0,0,0,0,0,80,55.1,69.5,56.9,"G5"
"MATT SMITH","SM HOUSTON",13,0.65,"F",80,"TE",2026,"C-USA",52,1,6,0,0,0,0,0,0,0,0,0,0,0,0,0,0,0,0,0,0,0,0,0,0,0,"0.00%",0,0,0,0,0,80,46.3,NA,44.3,"G5"
"KACHE KAIO","UTAH ST",28,0.64,"F",18,"TE",2026,"Pac-12",51.5,0,15,0,0,0,0,0,0,0,0,0,0,0,0,0,0,0,0,0,0,0,0,0,0,0,"0.00%",0,0,0,0,0,18,46.5,26.4,57.5,"G5"
"JAMESON SCISSUM","JVILLE ST",34,0.64,"F",44,"TE",2026,"C-USA",51.8,1,9,0,0,0,0,0,0,0,0,0,0,0,0,0,0,0,0,0,0,0,0,0,0,0,"0.00%",0,0,0,0,0,44,49.3,62.1,62.1,"G5"
"THATCHER MILLER","JAMES MAD",22,0.62,"F",82,"TE",2026,"Sun Belt",51.9,0,6,0,0,0,0,0,0,0,0,0,0,0,0,0,0,0,0,0,0,0,0,0,0,0,"0.00%",0,0,0,0,0,82,45.8,NA,49.6,"G5"
"EZRA BURGESS","ARK STATE",16,0.61,"F",82,"TE",2026,"Sun Belt",51.9,0,5,0,0,0,0,0,0,0,0,0,0,0,0,0,0,0,0,0,0,0,0,0,0,0,"0.00%",0,0,0,0,0,82,51.2,NA,53.9,"G5"
"SCOTT MOORE","DELAWARE",25,0.58,"F",40,"TE",2026,"C-USA",51.5,0,10,0,0,0,0,0,0,0,0,0,0,0,0,0,0,0,0,0,0,0,0,0,0,0,"0.00%",0,0,0,0,0,40,59.1,NA,71.8,"G5"
"KD MOSLEY","JAMES MAD",16,0.56,"F",13,"TE",2026,"Sun Belt",51.5,2,9,0,0,0,0,0,0,0,0,0,0,0,0,0,0,0,0,0,0,0,0,0,0,0,"0.00%",0,0,0,0,0,13,49.5,28.8,57.8,"G5"
"EVERETT HUNTER","S ALABAMA",49,0.31,"F",83,"TE",2026,"Sun Belt",50.5,2,9,0,0,0,0,0,0,0,0,0,0,0,0,0,0,0,0,0,0,0,0,0,0,0,"0.00%",0,0,0,0,0,83,68.8,48.4,76,"G5"
"LONDON DEYON","SM HOUSTON",15,0.16,"F",14,"TE",2026,"C-USA",50,0,7,0,0,0,0,0,0,0,0,0,0,0,0,0,0,0,0,0,0,0,0,0,0,0,"0.00%",0,0,0,0,0,14,50.6,66,55.9,"G5"
"AUSTIN TERRY","BOISE ST",23,0.13,"F",86,"TE",2026,"Pac-12",49.9,0,7,0,0,0,0,0,0,0,0,0,0,0,0,0,0,0,0,0,0,0,0,0,0,0,"0.00%",0,0,0,0,0,86,48,67.6,50.8,"G5"
"GRANT MCATEE","TULSA",21,0.1,"F",11,"TE",2026,"The American",49.6,1,10,0,0,0,0,0,0,0,0,0,0,0,0,0,0,0,0,0,0,0,0,0,0,0,"0.00%",0,0,0,0,0,11,65.3,68.8,83.5,"G5"
"ANTONIO FERGUSON","UAB",30,0,"F",85,"TE",2026,"The American",49.1,0,12,0,0,0,0,0,0,0,0,0,0,0,0,0,0,0,0,0,0,0,0,0,0,0,"0.00%",0,0,0,0,0,85,42.8,36.9,49.2,"G5"
