"Name","Team","Defensive.Snaps","Composite_Score","Player_Grade","Defensive.Grades","Coverage.Grade","Run.Defense.Grade","Pass.Rush.Grade","Total.Tackles","Assistant","Stops","Interception","Assist.Tackles.on.Run.Plays","Passer.Rating.Allowed","Receiving.Yards.Allowed.per.Snap","Average.Depth.of.Target.per.Coverage","Average.Depth.of.Tackle","Yards.per.Reception.Allowed","Pass.Stop","Lined.up.in.Press.Coverage","Drops...Off.Targets.Receptions.Forced","Missed.Tackles.on.Run.Plays","Assist.on.Pass.Plays","Pass.Break.Up","Run.Tackle.for.Losss.or.No.Gain","Plays.of.15..Yards.Allowed","Unblocked.Pass.Rush","Pass.Rush.Productivity","Missed.Tackles.on.Pass.Plays","Forced.Fumble","Touchdowns.Allowed","Pass.Tackle.for.Loss.or.No.Gain","Pursuit.Pressure","Hits","Dropped.Int","Sacks","Beaten.Defender","Fumble.Recovery","Batted.Passes","Missed.Tackle.Percentage","Run.Stop","Tackle.for.Loss.or.No.Gain","Hurries","Total.Pressures.Generated","Assist.Tackles","Negative.Plays","Total.Negative.Plays","Total.Positive.Plays","Receptions.Allowed","Completion.Percentage.Allowed","Pass.Yards.Allowed","First.Downs.Allowed","Forced.Incompletions","Sacks.per.Throwaway","Open.Targets","X15..Yards.Allowed.Percentage","Percentage.of.Open.Targets","Percentage.of.First.Down.or.Touchdown.Allowed","Interceptions.per.Target.Coverage.Percentage","Receiving.Yards.per.Coverage.Target","Forced.Incompletion.Percentage","Missed.Tackle.Percentage.on.Run.Plays","Pass.Missed.Tackles.Percentage"
"GREG SMITH","N CAROLINA",70,100,"A",90.1,91.8,52.2,NA,9,2,2,2,2,0,0,8,6,0,2,NA,0,2,0,0,0,0,0,NA,0,0,0,0,0,0,1,0,0,0,0,0.182,0,0,0,0,2,3,0,5,0,0,0,0,1,0,0,0,0,0,2,0,1,0.222,0
"KP PRICE","BOSTON COL",69,95.55,"A",80,81,67.9,67.1,6,3,3,2,2,39.6,0.43,5.2,0,3.8,3,NA,1,0,1,0,0,0,1,12.5,0,0,0,2,0,1,0,0,0,0,0,0,0,2,0,1,3,2,2,5,4,0.8,15,1,0,0,4,0,0.8,0.2,0.4,3,0,0,0
"KALEB BEASLEY","LOUISVILLE",65,90.96,"A",83.9,86.8,71.5,59.2,8,4,0,2,4,21.5,0.74,10.8,21,8.3,0,NA,2,1,0,0,0,1,0,0,0,0,0,0,0,0,0,0,0,0,0,0.111,0,0,0,0,5,3,2,3,3,0.5,25,2,0,0,0,0.029,0,0.333,0.333,4.2,0,0.143,0
"ALEX MCLAUGHLIN","WASHINGTON",75,89.18,"A",85.5,87,77.7,54.9,11,4,2,0,4,39.6,0,18,13.4,0,0,NA,0,0,0,1,0,0,1,25,1,1,0,0,0,0,1,0,0,0,0,0.083,2,0,1,1,4,3,1,2,0,0,0,0,1,0,0,0,0,0,0,0,1,0,0.333
"RABBIT EVANS","UTAH",55,88.62,"A",84.6,84.4,67.1,74.1,4,2,1,1,1,0,0,0,11,0,1,NA,0,0,1,0,0,0,0,33.3,0,0,0,0,4,2,0,1,0,0,0,0,0,0,1,4,2,0,0,3,0,0,0,0,0,0,0,0,0,0,0,0,0,0,0
"DEMARI HENDERSON","UCF",65,86.46,"A",79,78.2,75.7,58.8,8,1,4,2,1,0,0,8.6,6.4,0,0,NA,4,0,0,1,0,0,0,0,1,0,0,0,0,0,0,0,0,0,0,0.111,4,0,0,0,1,4,3,4,0,0,0,0,1,0,1,0,0.2,0,0.4,0,0.2,0,0.333
"DEVIN VAUGHT","MICH STATE",66,78.44,"B",75.3,72.7,74.6,NA,9,3,1,1,2,0,0,0,9.4,0,0,NA,0,0,1,0,1,0,0,NA,0,0,0,0,0,0,0,0,0,0,0,0,1,1,0,0,3,2,0,1,0,0,0,0,0,0,0,0,0,0,0,0,0,0,0
"CHRISTIAN PIERCE","USC",71,77.65,"B",79.1,77.6,75.3,NA,11,3,1,1,2,47.2,1.43,8.7,4.33,10.5,0,NA,1,0,1,2,1,0,0,NA,1,0,0,0,0,0,0,0,0,0,0,0.083,1,1,0,0,3,3,3,3,6,0.667,63,2,2,0,4,0,0.444,0.222,0.111,7,0.222,0,0.143
"ADRIAN WILSON","ARIZONA ST",42,74.07,"B",73.4,73.8,80.4,57.7,6,2,2,0,0,39.6,0,47,5,0,1,NA,0,1,2,1,1,0,0,0,0,1,0,1,0,0,0,0,0,0,0,0.143,1,2,0,0,2,3,1,2,0,0,0,0,1,0,0,0,0,0,0,0,1,0.333,0
"MATTHEW BAILEY","ILLINOIS",59,72.03,"B",77.4,73.5,68.6,79.1,2,1,0,1,1,0,0,0,9,0,0,NA,0,0,0,0,0,0,1,50,1,0,0,0,0,0,0,0,0,0,0,0.333,0,0,3,3,1,1,0,1,0,0,0,0,0,0,0,0,0,0,0,0,0,0,1
"JOHN SLAUGHTER","PURDUE",69,70.94,"B",74.2,67.4,76.7,60,11,2,1,0,2,0,0,0,17.22,0,0,NA,0,1,0,0,1,0,1,50,0,0,0,0,0,0,0,0,0,0,0,0.083,1,1,1,1,2,1,0,0,0,0,0,0,0,0,0,0,0,0,0,0,0,0.083,0
"SANTANA BANNER","MISSOURI",64,70.3,"B",73.6,72,79.2,NA,15,4,7,0,4,158.3,2.91,5.7,3.67,18.6,3,NA,0,0,0,0,1,1,0,NA,1,0,1,1,0,0,1,0,0,0,0,0.063,4,2,0,0,4,3,1,2,5,0.833,93,1,0,0,0,0.031,0,0.167,0,15.5,0,0,0.167
"DAVAUGHN PATTERSON","WAKE",68,69.86,"B",77.6,74.8,72.9,70.3,8,4,1,0,4,71.5,0.29,7,5,5,0,NA,0,0,0,1,0,0,1,25,0,0,0,0,0,1,0,0,0,0,0,0,1,0,0,1,4,1,0,1,2,0.667,10,0,1,0,2,0,0.667,0,0,3.3,0.333,0,0
"CRUCE BROOKINS","PITTSBURGH",44,69.5,"B",81.2,77.4,82,NA,10,3,3,0,2,68.8,0.5,0.5,10.25,12,1,NA,0,0,1,1,0,0,0,NA,1,0,0,1,0,0,0,0,0,0,0,0.091,2,1,0,0,3,1,1,2,1,0.5,12,1,1,0,1,0,0.5,0.5,0,6,0.5,0,0.2
"PEYTON BOWEN","OKLAHOMA",54,66.56,"B",76.6,77.8,62.9,69.8,4,1,2,0,1,39.6,0,-2,2,0,1,NA,1,0,0,1,0,0,1,50,0,0,0,0,0,0,0,1,0,0,0,0,1,0,0,1,1,2,0,2,0,0,0,0,2,0,0,0,0,0,0,0,1,0,0
"TYREN POLLEY JR.","SMU",62,66.52,"B",66.2,69.7,61.4,56.7,8,0,3,0,0,42.4,-0.19,14.7,6.5,-5,1,NA,0,1,0,1,1,0,1,50,0,0,0,1,0,0,0,0,0,0,0,0.111,2,2,1,1,0,5,1,2,1,0.333,-5,0,2,0,0,0,0,0,0,-1.7,0.667,0.143,0
"MATTHEW JUNG","WISCONSIN",46,66.35,"B",90.5,90.5,62.2,63.7,4,1,2,1,1,52.1,0.92,14.5,8,23,1,NA,1,1,0,0,0,1,0,0,0,1,0,0,0,0,0,0,0,0,0,0.2,1,0,0,0,1,2,1,2,1,0.5,23,1,0,0,0,0.04,0,0.5,0.5,11.5,0,0.25,0
"PEYTON WILLIAMS","S CAROLINA",66,66.05,"B",72.4,74.9,63,NA,7,0,2,1,0,0,0,0,6.33,0,1,NA,0,1,0,0,1,0,0,NA,0,0,0,0,0,0,0,0,0,0,0,0.125,1,1,0,0,0,2,0,1,0,0,0,0,0,0,0,0,0,0,0,0,0,0.143,0
"MARCUS WILLIAMS","MISS STATE",53,65.74,"B",77.2,74.7,77.3,NA,5,2,3,0,1,39.6,0,14,2.5,0,1,NA,0,0,1,1,0,0,0,NA,0,0,0,0,0,0,1,0,0,0,0,0,2,0,0,0,2,0,0,1,0,0,0,0,1,0,0,0,0,0,0,0,1,0,0
"LYRIK RAWLS","ARIZONA ST",51,64.59,"B",74.6,80.6,71.5,NA,7,1,3,0,1,39.6,0,10,8,0,1,NA,0,0,0,1,0,0,0,NA,0,0,0,0,0,0,0,0,0,0,0,0,2,0,0,0,1,3,0,2,0,0,0,0,1,0,0,0,0,0,0,0,1,0,0
"RICARDO JONES","VANDERBILT",61,63.96,"B",69.8,76,62.9,59.5,11,2,2,0,2,70.1,0.15,4.7,7.33,2.5,1,NA,0,1,0,1,0,0,0,0,0,0,0,1,0,0,1,0,0,0,0,0.083,1,1,0,0,2,2,1,2,2,0.667,5,1,1,0,1,0,0.333,0.333,0,1.7,0.333,0.167,0
"WESLEY FAIR","KANSAS ST",51,63.86,"B",68,68.8,66,55.2,10,2,6,0,1,91.7,0.23,3,3.67,6,2,NA,0,0,1,0,1,0,1,16.7,0,0,0,0,0,0,0,0,0,0,0,0,4,1,1,1,2,2,0,0,1,1,6,0,0,0,0,0,0,0,0,6,0,0,0
"JORDAN CASTELL","KENTUCKY",83,63.02,"B",67.7,63,72.6,68,12,4,1,1,1,94.3,0.98,15.3,7,11,0,NA,1,0,3,1,0,1,0,0,1,0,1,0,0,0,0,0,0,0,1,0.077,1,0,0,0,4,6,5,4,5,0.714,55,3,1,0,4,0.018,0.571,0.429,0.143,7.9,0.143,0,0.167
"KAJ SANDERS","RUTGERS",68,63,"B",69.9,70.6,65.1,NA,8,6,0,0,6,118.8,0.46,17,27,17,0,NA,0,1,0,1,0,1,0,NA,0,0,0,0,0,0,0,0,0,0,0,0.111,0,0,0,0,6,3,1,1,1,1,17,1,1,0,1,0.027,1,1,0,17,1,0.125,0
"MARCUS NEAL JR.","PENN STATE",30,62.57,"B",91.6,79.6,95.3,NA,2,0,2,0,0,0,0,0,0,0,1,NA,0,0,0,0,1,0,0,NA,0,2,0,0,0,0,0,0,0,1,0,0,1,1,0,0,0,0,0,1,0,0,0,0,0,0,0,0,0,0,0,0,0,0,0
"NATE RITCHIE","UTAH",40,62.2,"B",73.5,69.4,66.9,73.2,6,0,4,0,0,0,0,0,2,0,3,NA,0,0,0,0,0,0,0,25,0,0,0,0,1,0,0,1,0,0,0,0,1,0,1,2,0,0,0,1,0,0,0,0,0,0,0,0,0,0,0,0,0,0,0
"ROBERT FITZGERALD","NWESTERN",64,61.38,"B",66.7,58.8,77.3,NA,11,7,3,0,6,91.7,0.18,6,2.75,6,0,NA,0,1,1,0,0,0,0,NA,2,0,0,0,0,0,0,0,0,1,0,0.214,3,0,0,0,7,5,2,0,1,1,6,0,0,0,0,0,0,0,0,6,0,0.091,0.667
"VABOUE TOURE","PENN STATE",18,61.31,"B",86.8,88,65.3,NA,1,1,0,0,1,39.6,0,8.5,0,0,0,NA,0,0,0,1,0,0,0,NA,0,0,0,0,0,0,1,0,0,0,0,0,0,0,0,0,1,0,0,2,0,0,0,0,2,0,0,0,0,0,0,0,1,0,0
"PRESTON ZACHMAN","INDIANA",48,61.29,"B",76.1,73.8,74.7,NA,9,4,0,0,3,83.3,0.29,-0.5,8,4,0,NA,0,0,1,0,0,0,0,NA,0,0,0,0,0,0,0,0,0,0,0,0,0,0,0,0,4,0,0,1,2,1,8,0,0,0,0,0,0,0,0,4,0,0,0
"DAVIEN KERR","SYRACUSE",42,58.81,"C",84.9,89.9,59.6,NA,5,0,1,1,0,34.4,1.32,9.5,6.33,14.5,0,NA,0,1,0,1,0,1,0,NA,0,0,0,0,0,0,0,0,0,0,0,0.167,1,0,0,0,0,2,1,2,2,0.5,29,2,1,0,2,0.045,0.5,0.5,0.25,7.3,0.25,0.25,0
"JADEN MANGHAM","PURDUE",47,58.52,"C",58.5,77.8,31.3,NA,6,3,1,0,3,39.6,0,7,-3,0,0,NA,1,2,0,1,1,0,0,NA,0,0,0,0,0,0,0,0,0,0,0,0.25,1,1,0,0,3,6,0,1,0,0,0,0,1,0,0,0,0,0,0,0,0.5,0.333,0
"JELANI MCDONALD","TEXAS",41,58.03,"C",79.9,81.8,64.4,NA,4,1,3,0,1,79.2,0.13,-0.3,0,1,3,NA,0,0,0,0,0,0,0,NA,0,0,0,1,0,0,0,0,0,0,0,0,0,1,0,0,1,0,0,3,3,1,3,0,0,0,0,0,0,0,0,1,0,0,0
"KJ BOLDEN","GEORGIA",39,57.16,"C",74.7,71.6,71,66.8,5,0,4,0,0,56.3,0.21,13.5,4.33,6,1,NA,0,0,0,1,0,0,1,25,0,0,0,0,0,0,0,0,0,0,0,0,3,0,1,1,0,2,1,2,1,0.5,6,0,1,0,0,0,0,0,0,3,0.5,0,0
"EARL LITTLE JR.","OHIO STATE",31,56.67,"C",73.8,73,68,60,3,2,0,0,2,39.6,0,7,4,0,0,NA,0,0,0,1,0,0,0,0,0,0,0,0,0,0,0,0,0,0,0,0,0,0,0,0,2,0,0,1,0,0,0,0,1,0,0,0,0,0,0,0,1,0,0
"COREY MYRICK","CLEMSON",67,56.54,"C",65,61.1,69.5,59.7,14,5,3,0,4,110.4,0.64,1,10.29,10.5,1,NA,0,2,1,0,0,0,0,0,1,0,0,0,0,0,0,0,0,0,0,0.176,2,0,0,0,5,4,2,0,2,1,21,1,0,0,0,0,0,0.5,0,10.5,0,0.154,0.25
"IVAN TAYLOR","ALABAMA",18,55.96,"C",74.7,75.4,63.4,NA,2,0,0,1,0,0,0,0,10,0,0,NA,0,0,0,0,0,0,0,NA,0,0,0,0,0,0,0,0,0,0,0,0,0,0,0,0,0,0,0,1,0,0,0,0,0,0,0,0,0,0,0,0,0,0,0
"JORDAN ALLEN","HOUSTON",63,55.77,"C",63.5,68.2,55.2,58.8,7,2,1,0,2,39.6,0,18,16.5,0,0,NA,1,2,0,0,1,0,0,0,0,0,0,0,0,0,0,0,0,0,0,0.222,1,1,0,0,2,3,0,0,0,0,0,0,0,0,0,0,0,0,0,0,0,0.25,0
"CHRISTIAN ELLIS","VIRGINIA",24,55.68,"C",74.8,75.8,66,NA,2,2,0,0,1,39.6,0,26,0,0,0,NA,0,0,1,0,0,0,0,NA,0,0,0,0,0,0,0,0,0,0,0,0,0,0,0,0,2,0,0,1,0,0,0,0,1,0,0,0,0,0,0,0,1,0,0
"BRYCE FITZGERALD","MIAMI FL",67,55.66,"C",78.9,79.2,61.2,NA,2,0,2,0,0,42.4,0,11.7,0,0,2,NA,1,0,0,0,0,0,0,NA,0,0,0,1,0,0,0,0,0,0,0,0,0,1,0,0,0,0,0,4,1,0.333,0,0,1,0,1,0,0.333,0,0,0,0.333,0,0
"COREY GORDON","KANSAS",65,55.6,"C",65.9,68.1,60.6,NA,9,3,2,0,3,118.8,0.62,7,11.5,16,1,NA,0,2,0,1,1,1,0,NA,0,0,0,0,0,0,0,0,0,0,0,0.182,1,1,0,0,3,5,2,2,1,1,16,1,1,0,0,0.039,0,1,0,16,1,0.222,0
"DWAYNE MCDOUGLE III","NEBRASKA",39,55.15,"C",76.9,67,86.4,NA,7,1,2,0,1,39.6,0,19,7.6,0,0,NA,1,0,0,0,0,0,0,NA,0,0,0,0,0,0,0,0,0,0,0,0,2,0,0,0,1,0,0,0,0,0,0,0,0,0,0,0,0,0,0,0,0,0,0
"DRE RILEY","MISS STATE",32,54.87,"C",72,72.5,60.6,NA,NA,0,0,1,NA,2.8,0.04,6.3,0,1,NA,NA,0,NA,NA,1,NA,0,0,NA,NA,0,0,NA,0,0,1,0,0,0,0,NA,NA,0,0,0,NA,1,1,2,1,0.333,1,0,1,0,0,0,0,0,0.333,0.3,0.333,NA,NA
"CAM SIDNEY","CAL",42,54.37,"C",80,81.5,61.9,58.6,1,0,1,0,0,42.4,0.23,8.5,0,3.5,1,NA,2,0,0,2,0,0,0,0,0,0,0,0,0,0,0,0,0,0,0,0,0,0,0,0,0,0,0,3,2,0.333,7,0,2,0,2,0,0.333,0,0,1.2,0.333,0,0
"JHASE THOMAS","LSU",30,54.29,"C",80.1,81.2,64.5,NA,5,1,3,0,0,83.3,0.2,4,4,4,2,NA,0,0,1,0,0,0,0,NA,0,0,0,0,0,0,0,0,0,0,0,0,1,0,0,0,1,0,0,2,1,1,4,0,0,0,0,0,0,0,0,4,0,0,0
"BRENDEN JORDAN","TEXAS TECH",67,53.84,"C",76,71.4,80.7,NA,10,2,2,0,2,95.8,0.57,4,2,7,2,NA,0,0,0,0,0,0,0,NA,0,0,0,0,0,0,0,0,0,0,0,0,0,0,0,0,2,1,1,1,3,1,21,2,0,0,1,0,0.333,0.667,0,7,0,0,0
"BRODY BARNHARDT","NC STATE",24,53.58,"C",78.6,79.7,60,NA,1,0,0,1,0,12.5,0.84,17.3,0,16,0,NA,1,0,0,0,0,1,0,NA,0,0,0,0,0,0,0,0,0,0,0,0,0,0,0,0,0,1,1,2,1,0.333,16,1,1,0,0,0.053,0,0.333,0.333,5.3,0.333,0,0
"MICAH GIFFORD","BAYLOR",54,53.18,"C",72.2,61.7,84.1,68.3,9,3,2,0,2,109.7,1.33,14.7,2,20,0,NA,0,0,1,0,1,1,0,0,0,0,0,0,0,0,0,0,1,0,0,0,2,1,0,0,3,2,2,1,2,0.667,40,1,1,0,0,0.033,0,0.333,0,13.3,0.333,0,0
"DARRIUS DAVIS","STANFORD",54,53.18,"C",62.3,60.9,63.8,NA,8,2,0,1,2,37.5,1.39,15.3,17.33,16,0,NA,2,1,0,0,0,1,0,NA,0,0,0,0,0,0,0,0,0,0,0,0.111,0,0,0,0,2,4,3,2,2,0.5,32,2,0,0,1,0.043,0.25,0.5,0.25,8,0,0.167,0
"TAYLOR DAVIS","KANSAS",55,53.09,"C",58.4,61,54.9,NA,8,4,1,0,3,0,0,0,5.33,0,0,NA,0,1,1,0,0,0,0,NA,0,0,0,0,0,0,0,0,0,0,0,0.111,1,0,0,0,4,4,1,0,0,0,0,0,0,0,0,0,0,0,0,0,0,0.143,0
"ANDREW POWDRELL","W VIRGINIA",44,52.54,"C",70.2,69.9,64.5,NA,6,3,1,0,0,56.3,0.3,4.5,6,4.5,0,NA,1,0,3,0,0,0,0,NA,0,0,0,0,0,0,0,0,0,0,0,0,1,0,0,0,3,1,1,2,2,0.5,9,0,0,0,1,0,0.25,0,0,2.3,0,0,0
"KINGSTON LOPA","CAL",34,52.38,"C",72.1,68.1,74.7,59.2,4,0,2,1,0,68.8,0.4,3,1,10,0,NA,0,0,0,0,1,0,0,0,0,0,0,0,0,0,0,0,0,0,0,0,2,1,0,0,0,1,1,1,1,1,10,1,1,0,1,0,1,1,1,10,1,0,0
"RONAN HANAFIN","CLEMSON",60,52.36,"C",59.3,62.2,55.9,58.4,5,3,1,0,3,91.7,1.05,13.5,0,23,1,NA,1,1,0,0,0,1,1,12.5,0,0,0,0,2,0,0,0,0,0,0,0.167,0,0,3,3,3,3,1,0,1,0.5,23,1,0,0,0,0.045,0,0.5,0,11.5,0,0.25,0
"TAE HARRIS","GA TECH",51,52.28,"C",67.6,67,66.1,NA,8,4,0,0,3,104.2,0.6,5,10.5,9,0,NA,0,2,1,0,0,0,0,NA,0,0,0,0,0,0,0,0,0,0,0,0.2,0,0,0,0,4,2,0,0,1,1,9,0,0,0,0,0,0,0,0,9,0,0.222,0
"ERIC WINTERS","AUBURN",73,51.72,"C",62,64.7,64.6,NA,6,2,1,0,2,0,0,0,11.75,0,0,NA,0,2,0,0,0,0,0,NA,0,0,0,0,1,0,0,0,0,0,0,0.25,1,0,1,1,2,5,1,1,0,0,0,0,0,0,0,0,0,0,0,0,0,0.25,0
"JAY TIMMONS","OHIO STATE",28,51.66,"C",74.9,77.6,61.2,58.2,1,0,1,0,0,56.3,0.19,11.5,0,3,1,NA,1,0,0,0,0,0,0,25,1,0,0,0,1,0,0,0,0,0,0,0.5,0,0,2,2,0,1,1,2,1,0.5,3,0,0,0,0,0,0,0,0,1.5,0,0,0.5
"BO ONU","BAYLOR",35,51.61,"C",79.1,71.1,42.8,94.7,5,0,4,0,0,81.7,0.95,1,0,4.5,4,NA,1,1,0,0,0,0,0,25,0,1,0,1,1,0,0,1,0,0,0,0.167,0,1,0,1,0,3,1,2,4,0.8,18,1,0,0,0,0,0,0.2,0,3.6,0,1,0
"ISAAC SMITH","MISS STATE",58,51,"C",66,64.6,66.1,60,8,3,3,0,2,77.1,0.5,7,1.67,16,0,NA,1,1,1,0,1,1,0,0,0,0,0,0,0,0,0,0,0,0,0,0.111,3,1,0,0,3,2,1,0,1,0.5,16,1,0,0,0,0.031,0,0.5,0,8,0,0.167,0
"ELIJAH DOTSON","MISSOURI",64,50.16,"C",74.3,69.8,78.3,NA,7,1,1,0,1,91.7,0.32,4,3.5,6,0,NA,0,0,0,0,1,0,0,NA,0,0,0,0,0,0,0,0,0,0,0,0,1,1,0,0,1,0,0,0,2,1,12,0,0,0,0,0,0,0,0,6,0,0,0
"MARCUS UPTON","BOSTON COL",69,50.11,"C",66.8,67.9,60.8,NA,9,1,3,0,1,81.3,0.87,5,9,8.5,3,NA,1,1,0,0,0,1,0,NA,0,0,0,1,0,0,0,0,0,0,0,0.1,0,1,0,0,1,3,2,2,4,0.667,34,2,1,0,2,0.026,0.333,0.333,0,5.7,0.167,0.333,0
"KING MACK","NC STATE",27,49.94,"C",68.6,69.2,61.6,59.1,3,2,1,0,0,0,0,0,0,0,1,NA,0,0,2,0,0,0,0,0,0,0,0,0,0,0,0,0,0,0,0,0,0,0,0,0,2,0,0,0,0,0,0,0,0,0,0,0,0,0,0,0,0,0,0
"MATT SIEG","W VIRGINIA",17,49.86,"C",74.2,74.2,63.5,NA,4,0,2,0,0,39.6,0,20,3,0,1,NA,1,0,0,0,0,0,0,NA,0,0,0,0,0,0,0,0,0,0,0,0,1,0,0,0,0,0,0,1,0,0,0,0,0,0,0,0,0,0,0,0,0,0,0
"JUSTIN DENSON JR.","PURDUE",52,48.8,"C",68.9,76.9,53.8,60,7,0,2,0,0,85.4,0.38,4.5,8,4.5,2,NA,0,2,0,0,0,0,0,0,0,0,0,1,0,0,0,0,0,0,0,0.222,0,1,0,0,0,2,0,2,2,1,9,0,0,0,0,0,0,0,0,4.5,0,0.333,0
"AMARE FERRELL","INDIANA",58,48.73,"C",69.8,68,69.6,NA,3,1,1,0,1,56.3,0,3,5,0,1,NA,1,0,0,0,0,0,0,NA,0,0,0,1,0,0,0,0,0,0,0,0,0,1,0,0,1,1,1,1,1,0.5,0,0,0,0,0,0,0,0,0,0,0,0,0
"CALEB FLAGG","UCF",21,48.64,"C",79.4,77.7,67.5,NA,3,0,3,0,0,91.7,0.38,5,0,6,2,NA,0,0,0,0,1,0,0,NA,0,0,0,0,0,0,0,0,0,0,0,0,1,1,0,0,0,0,0,2,1,1,6,0,0,0,1,0,1,0,0,6,0,0,0
"MESSIAH DELHOMME","MARYLAND",73,47.96,"C",72.2,73.4,66.6,58.6,9,2,4,0,1,132.3,0.68,-0.3,6.5,6.3,1,NA,0,1,1,0,0,0,0,0,0,0,1,0,0,0,0,0,0,0,0,0.1,3,0,0,0,2,2,1,2,4,1,25,1,0,0,0,0,0,0.25,0,6.3,0,0.167,0
"COLBY MCCALISTER","BAYLOR",61,47.77,"C",64.8,60.1,74.7,60,9,3,3,0,1,91.7,0.76,4.3,8.5,8.7,1,NA,0,0,2,0,0,0,0,0,0,0,0,0,0,0,0,0,0,0,0,0,2,0,0,0,3,2,2,0,3,0.75,26,2,0,0,0,0,0,0.5,0,6.5,0,0,0
"TY HUDKINS","IOWA",27,47.59,"C",69.6,69.3,63.3,NA,1,0,0,0,0,39.6,0,24,6,0,0,NA,1,0,0,1,0,0,0,NA,0,0,0,0,0,0,0,0,0,0,0,0,0,0,0,0,0,1,1,2,0,0,0,0,2,0,0,0,0,0,0,0,0.667,0,0
"ISAIAH CROSBY","CAL",26,47.31,"C",72.2,72.1,62,NA,5,1,2,0,1,77.1,0.52,7.3,0,3.7,2,NA,0,0,0,0,0,0,0,NA,0,0,0,1,0,0,0,0,0,0,0,0,0,1,0,0,1,1,1,2,3,0.75,11,1,0,0,3,0,0.75,0.25,0,2.8,0,0,0
"ZACK HARDEN","MINNESOTA",50,47.27,"C",67,66.9,50,79.7,2,0,1,0,0,61.5,0.5,16,10,8.5,1,NA,1,0,0,1,0,1,1,16.7,0,0,0,1,0,1,0,0,0,0,0,0,0,1,0,1,0,3,2,3,2,0.5,17,1,1,0,1,0.029,0.25,0.25,0,4.3,0.25,0,0
"NIKAI MARTINEZ","MICH STATE",68,47.08,"C",62.8,59.6,67.8,59.2,9,3,1,0,3,84.4,0.7,8.8,8.5,6.3,1,NA,0,0,0,0,0,0,0,0,1,0,0,0,0,0,0,0,0,0,0,0.1,0,0,0,0,3,5,3,1,3,0.75,19,2,1,0,0,0,0,0.5,0,4.8,0.25,0,0.2
"KENNAN PULA","BYU",37,46.68,"C",72,70.3,69.1,59.8,4,2,2,0,0,97.9,0.54,-1,0,7.5,1,NA,0,0,2,0,1,0,0,0,1,0,0,0,0,0,0,0,0,0,0,0.2,1,1,0,0,2,1,1,1,2,1,15,0,0,0,2,0,1,0,0,7.5,0,0,0.25
"KELVIN HILL","GA TECH",26,46.62,"C",72.2,72,65.9,59.5,2,0,1,0,0,56.3,0,16.5,6,0,1,NA,0,0,0,0,0,0,0,0,0,0,0,1,0,0,0,0,0,0,0,0,0,1,0,0,0,0,0,1,1,0.5,0,0,0,0,0,0,0,0,0,0,0,0,0
"ZION BRANCH","GEORGIA",22,46.31,"C",77.1,81,60.5,57.1,1,0,1,0,0,60.4,0.62,10,0,8,1,NA,0,0,0,1,0,0,0,0,0,0,0,0,0,0,0,0,0,0,0,0,0,0,0,0,0,0,0,1,1,0.5,8,0,1,0,1,0,0.5,0,0,4,0.5,0,0
"TY BARTRUM","UCF",18,46.27,"C",65.9,65.9,63,59.1,3,2,1,0,1,0,0,0,2,0,0,NA,0,0,1,0,0,0,0,0,0,0,0,0,0,0,0,0,0,0,0,0,1,0,0,0,2,1,0,0,0,0,0,0,0,0,0,0,0,0,0,0,0,0,0
"RANDON FONTENETTE","COLORADO",73,46.09,"C",55.3,40.8,70.6,56.1,14,3,6,0,3,106.9,1.38,3.7,3.63,9.7,0,NA,0,1,0,0,2,0,0,0,0,0,0,0,0,0,0,0,0,0,0,0.067,6,2,0,0,3,6,2,0,3,1,29,1,0,0,0,0,0,0.333,0,9.7,0,0.083,0
"SHARIF DENSON","OLE MISS",70,45.92,"C",64.6,59.8,74.1,NA,9,1,3,0,1,78.9,0.81,6.9,11.67,5.8,2,NA,2,0,0,0,0,0,0,NA,1,0,0,1,0,0,0,0,0,0,0,0.1,1,1,0,0,1,4,4,2,5,0.714,29,2,0,0,3,0,0.429,0.286,0,4.1,0,0,0.167
"CORNELL PERRY","SYRACUSE",24,45.79,"C",70.3,64.3,71.7,NA,4,1,2,0,1,0,0,0,3,0,0,NA,0,0,0,0,0,0,0,NA,0,0,0,0,0,0,0,0,0,0,0,0,2,0,0,0,1,0,0,0,0,0,0,0,0,0,0,0,0,0,0,0,0,0,0
"JOSIAH ZAYAS","PENN STATE",31,45.67,"C",68.6,71,60.5,58.2,3,0,3,0,0,56.3,0.15,3.5,1,2,1,NA,1,1,0,0,0,0,1,16.7,0,0,0,0,0,0,0,0,0,0,0,0.25,2,0,1,1,0,1,0,1,1,0.5,2,0,0,0,1,0,0.5,0,0,1,0,0.333,0
"SCOTTY EDWARDS","STANFORD",36,45.49,"C",57.1,61.1,52,NA,6,3,1,0,2,0,0,0,3,0,0,NA,0,1,1,0,0,0,0,NA,1,0,0,0,0,0,0,0,0,0,0,0.25,1,0,0,0,3,3,1,0,0,0,0,0,0,0,0,0,0,0,0,0,0,0.25,0.25
"CAM CHAPA","ARIZONA",34,45.44,"C",69.4,66.9,70.1,59.6,4,0,2,0,0,81.3,0.27,0.5,3,3.5,1,NA,0,0,0,0,1,0,0,0,1,0,0,0,1,0,0,0,0,0,0,0.2,1,1,1,1,0,1,1,1,2,1,7,0,0,0,0,0,0,0,0,3.5,0,0,0.333
"JA'MARLEY RIDDLE","GEORGIA",26,45.43,"C",64.1,62.6,64.5,59.2,4,2,0,0,0,0,0,0,8,0,0,NA,0,0,2,0,0,0,0,0,1,0,0,0,0,0,0,0,0,0,0,0.2,0,0,0,0,2,1,1,0,0,0,0,0,0,0,0,0,0,0,0,0,0,0,0.25
"TYSON FLOWERS","VA TECH",70,45.35,"C",57.4,56.1,67,67.4,4,1,1,0,0,61.8,0.98,18.2,5,23,1,NA,3,0,1,0,0,1,2,25,1,0,0,0,0,0,0,0,0,0,0,0.2,0,0,2,2,1,4,4,1,2,0.333,46,1,0,0,0,0.021,0,0.167,0,7.7,0,0,0.333
"TYLER TURNER","BAYLOR",48,45.34,"C",68.6,67.1,67.5,NA,5,1,0,0,0,79.2,0.53,10.5,12,17,0,NA,0,0,1,1,0,1,0,NA,0,0,0,0,1,1,0,0,0,0,0,0,0,0,0,1,1,2,2,1,1,0.5,17,1,1,0,0,0.031,0,0.5,0,8.5,0.5,0,0
"JAYLEN MCCLAIN","OHIO STATE",34,45.28,"C",71,70.5,64.8,NA,2,0,2,0,0,0,0,0,9,0,1,NA,0,0,0,0,0,0,0,NA,0,0,0,0,0,0,0,0,0,0,0,0,1,0,0,0,0,0,0,1,0,0,0,0,0,0,0,0,0,0,0,0,0,0,0
"DAVON BENJAMIN","OREGON",19,45.26,"C",60.9,60.9,60,60,1,0,0,1,0,0,0,12.5,0,0,0,NA,1,0,0,0,0,0,0,0,0,0,0,0,0,0,0,0,0,0,0,0,0,0,0,0,0,1,1,0,0,0,0,0,0,0,1,0,0.5,0,0.5,0,0,0,0
"RONNIE ROYAL III","NC STATE",41,45.23,"C",80.8,66.7,69,94.4,3,0,2,0,0,118.8,0.93,10.5,-1,13,1,NA,0,0,0,0,1,1,0,0,0,0,0,0,0,1,0,0,0,0,0,0.25,1,1,0,1,0,1,1,2,2,1,26,1,0,0,0,0.036,0,0.5,0,13,0,0,0
"JARDIN GILBERT","MISS STATE",66,45.1,"C",57.8,62,44.8,72.1,9,2,3,0,2,142.9,1.16,4.4,7,11,2,NA,0,3,0,0,1,1,1,100,0,0,1,0,0,0,0,1,0,0,0,0.25,1,1,0,1,2,6,2,0,4,0.8,44,3,0,0,0,0.026,0,0.6,0,8.8,0,0.429,0
"KENTRELL WEBB","HOUSTON",63,44.82,"C",69.4,69.5,64.9,63,4,0,3,0,0,62.5,0.31,17.5,3.5,9,1,NA,0,1,0,0,0,0,1,16.7,0,0,0,0,0,0,0,0,1,0,0,0.2,2,0,1,1,0,1,0,0,1,0.5,9,0,0,0,1,0,0.5,0,0,4.5,0,0.333,0
"TRISTAN TEASDELL","NC STATE",38,44.53,"C",69.2,64.5,77.8,NA,5,1,3,0,1,82.6,0.62,21,3.5,9,1,NA,1,0,0,0,0,0,0,NA,1,0,0,0,0,0,0,0,0,0,0,0.167,2,0,0,0,1,1,1,0,2,0.667,18,0,0,0,0,0,0,0,0,6,0,0,0.333
"JAMEL JOHNSON","TCU",50,43.88,"C",65.5,64.3,65,NA,8,1,2,0,2,88.5,0.88,4,4.67,7.7,0,NA,0,2,0,0,0,0,0,NA,0,0,0,0,1,0,0,0,0,0,0,0.2,1,0,1,1,2,3,1,0,3,0.75,23,1,0,0,0,0,0,0.25,0,5.8,0,0.333,0
"COLE WOODSON","PITTSBURGH",22,43.77,"C",71,77.6,51.8,NA,3,0,2,0,0,79.2,0.2,-0.5,11,1.5,2,NA,0,1,0,0,0,0,0,NA,0,0,0,1,0,0,0,0,0,0,0,0.25,0,1,0,0,0,1,0,2,2,1,3,0,0,0,2,0,1,0,0,1.5,0,0.5,0
"JONAH WILLIAMS","TEXAS",19,43.73,"C",67.7,62.9,69,NA,3,1,0,0,1,0,0,0,9,0,0,NA,0,0,0,0,0,0,0,NA,0,0,0,0,0,0,0,0,0,0,0,0,0,0,0,0,1,0,0,0,0,0,0,0,0,0,0,0,0,0,0,0,0,0,0
"CANNON DEVRIES","BYU",42,43.57,"C",66.3,66.2,60,NA,4,1,3,0,0,129.6,0.78,5.4,0,5.6,3,NA,0,0,1,0,0,1,0,NA,0,0,1,3,0,0,0,0,0,0,0,0,0,3,0,0,1,2,2,4,5,1,28,2,0,0,4,0.028,0.8,0.4,0,5.6,0,0,0
"MARVIN BURKS JR.","WISCONSIN",45,43.37,"C",67.7,76.4,53.4,NA,3,0,0,0,0,56.3,0.19,3.5,4,5,0,NA,1,1,0,1,0,0,0,NA,0,0,0,0,0,0,0,0,0,0,0,0.25,0,0,0,0,0,2,1,2,1,0.5,5,0,1,0,0,0,0,0,0,2.5,0.5,0.5,0
"JULIUS SIMMS","TCU",39,43.3,"C",64.9,73.7,51,58.4,3,0,1,0,0,39.6,0,6,7.5,0,0,NA,0,0,0,1,0,0,0,0,1,0,0,0,0,0,0,0,0,0,0,0.25,1,0,0,0,0,2,0,1,0,0,0,0,1,0,0,0,0,0,0,0,1,0,1
"MOSE PHILLIPS III","OKLA STATE",19,43.12,"C",66.3,62.2,69.3,NA,3,1,1,0,1,39.6,0,14,4,0,0,NA,0,0,0,0,0,0,0,NA,1,0,0,0,0,0,0,0,0,0,0,0.25,1,0,0,0,1,1,1,1,0,0,0,0,1,0,0,0,0,0,0,0,1,0,1
"JOSH GUERRIER","PITTSBURGH",74,43.11,"C",60.5,66,45.6,NA,9,3,3,0,3,105,1.12,6.8,0,11.5,3,NA,1,1,0,0,0,2,0,NA,1,0,0,0,0,0,0,0,0,0,0,0.182,0,0,0,0,3,6,3,3,4,0.8,46,1,0,0,4,0.049,0.8,0.2,0,9.2,0,0.25,0.143
"TY BRYANT","KENTUCKY",58,42.47,"C",68.2,66.7,69.5,59,9,2,1,0,2,115.3,1,6.7,10,11.7,1,NA,0,0,0,0,0,1,0,0,0,0,0,0,0,0,0,0,0,0,0,0,0,0,0,0,2,2,2,1,3,1,35,2,0,0,2,0.029,0.667,0.667,0,11.7,0,0,0
"MARKEITH WILLIAMS","OKLA STATE",15,42.42,"C",71.6,64.3,74,NA,5,1,1,0,1,56.3,1.25,6.5,9,5,0,NA,0,0,0,0,0,0,0,NA,0,0,0,0,0,0,0,0,0,0,0,0,1,0,0,0,1,0,0,0,1,0.5,5,0,0,0,1,0,0.5,0,0,2.5,0,0,0
"EVAN JACKSON","OKLA STATE",22,42.3,"C",68.2,65.7,58.5,60,3,0,2,0,0,0,0,0,2,0,0,NA,0,1,0,0,0,0,0,NA,0,0,0,0,0,0,0,0,0,0,0,0.25,2,0,1,1,0,1,0,1,0,0,0,0,0,0,0,0,0,0,0,0,0,0.333,0
"SAVION RILEY","GA TECH",53,42.27,"C",67,65.8,67,59.8,6,0,1,0,0,39.6,0,-4,10.17,0,0,NA,0,1,0,0,0,0,0,0,0,0,0,0,0,0,0,0,0,0,0,0.143,1,0,0,0,0,1,0,0,0,0,0,0,0,0,0,0,0,0,0,0,0,0.143,0
"CHRIS JOINES","RUTGERS",68,42.26,"C",67.3,68.8,60.9,60,5,1,2,0,0,58.3,0.19,9,8,7,1,NA,1,1,1,0,0,0,0,0,1,0,0,0,0,0,0,0,0,0,0,0.286,1,0,0,0,1,2,1,1,1,0.5,7,0,0,0,2,0,1,0,0,3.5,0,0.333,0.25
"MICHAEL RICHARD","MICH STATE",29,42.16,"C",68.2,65.2,69.8,60,1,0,1,0,0,0,0,0,-2,0,0,NA,0,0,0,0,1,0,0,0,0,0,0,0,0,0,0,0,0,0,0,0,1,1,0,0,0,0,0,0,0,0,0,0,0,0,0,0,0,0,0,0,0,0,0
"DEJUAN LANE","TENNESSEE",52,42,"C",70.2,67,72.8,60,3,2,1,0,1,112.5,0.42,11,2,11,0,NA,0,0,1,0,0,0,0,0,0,0,0,0,0,0,0,0,0,0,0,0,1,0,0,0,2,0,0,0,1,1,11,0,0,0,0,0,0,0,0,11,0,0,0
"DAVID BUCEY","S CAROLINA",40,41.72,"C",63.1,60.5,66.4,NA,2,2,0,0,1,0,0,0,0,0,0,NA,0,0,1,0,0,0,0,NA,1,0,0,0,0,0,0,0,0,0,0,0.333,0,0,0,0,2,1,1,0,0,0,0,0,0,0,0,0,0,0,0,0,0,0,0.5
"DQ SMITH","VA TECH",27,41.58,"C",71.6,68.3,70.9,NA,4,0,1,0,0,100,0.4,4,7.5,8,0,NA,0,0,0,0,1,0,0,NA,0,0,0,0,0,0,0,0,0,0,0,0,1,1,0,0,0,0,0,0,1,1,8,0,0,0,0,0,0,0,0,8,0,0,0
"JEROME CARTER III","CLEMSON",68,41.53,"C",61.5,56.9,69.1,60,7,2,1,0,1,88.5,0.66,12,7.75,7.7,1,NA,1,1,1,0,0,0,0,0,0,0,0,0,0,0,0,0,0,0,0,0.125,0,0,0,0,2,4,3,2,3,0.75,23,1,0,0,0,0,0,0.25,0,5.8,0,0.167,0
"DUHRON GOODMAN","IOWA STATE",24,41.33,"C",70.5,71.1,60.4,NA,1,0,0,0,0,39.6,0,9,0,0,0,NA,2,0,0,0,0,0,0,NA,0,0,0,0,0,0,0,0,0,0,0,0,0,0,0,0,0,0,0,1,0,0,0,0,0,0,0,0,0,0,0,0,0,0,0
"FALETAU SATUALA","BYU",42,41.16,"C",69.4,68.8,66.4,58.8,4,1,0,0,1,62.5,0.32,-4,12,9,0,NA,1,0,0,0,0,0,0,0,0,0,0,0,0,0,0,0,0,0,0,0,0,0,0,0,1,0,0,0,1,0.5,9,0,0,0,2,0,1,0,0,4.5,0,0,0
"MICHAEL HURST JR.","CAL",26,41.14,"C",62.1,64.5,52.8,61.9,1,1,0,0,1,0,0,0,0,0,0,NA,0,1,0,0,0,0,0,NA,0,0,0,0,0,1,0,0,0,0,0,0.5,0,0,0,1,1,1,0,1,0,0,0,0,0,0,0,0,0,0,0,0,0,0.5,0
"BRYCE THORNTON","FLORIDA",69,41.05,"C",65.6,62.2,72.6,NA,6,2,0,0,1,106.3,0.46,11,11.33,11,0,NA,2,0,1,0,0,0,0,NA,0,0,1,0,0,0,0,0,0,0,0,0,0,0,0,0,2,3,3,2,2,0.5,22,2,0,0,1,0,0.25,0.5,0,5.5,0,0,0
"KEON SABB","ALABAMA",51,41.02,"C",64.2,63.5,56.9,70.2,4,1,1,0,0,109.7,0.28,16.3,0,4,1,NA,0,1,1,1,0,0,0,50,0,0,1,0,1,0,0,1,0,0,0,0.2,0,0,0,1,1,3,2,1,2,0.667,8,1,1,0,0,0,0,0.333,0,2.7,0.333,1,0
"JAY GREEN","STANFORD",61,41.02,"C",52,59.4,44.1,NA,5,1,2,0,1,39.6,0,18,5,0,0,NA,1,2,0,1,1,0,0,NA,1,0,0,0,0,0,0,0,0,0,0,0.375,2,1,0,0,1,7,2,1,0,0,0,0,1,0,0,0,0,0,0,0,0.5,0.286,1
"KAMARI WILSON","W VIRGINIA",64,40.87,"C",58,62.6,58.8,58.6,7,3,0,0,3,102.1,0.84,16,0,16,0,NA,1,0,0,0,0,1,0,0,0,0,0,0,0,0,0,0,0,0,0,0,0,0,0,0,3,3,2,0,2,0.667,32,1,0,0,0,0.026,0,0.333,0,10.7,0,0,0
"ROD MOORE JR.","MICHIGAN",22,40.84,"C",71.5,65.4,73.5,NA,4,1,0,0,1,91.7,0.75,4,13,6,0,NA,0,0,0,0,0,0,0,NA,0,0,0,0,0,0,0,0,0,0,0,0,0,0,0,0,1,0,0,0,1,1,6,0,0,0,0,0,0,0,0,6,0,0,0
"JEREMIAH COOPER","PENN STATE",26,40.46,"C",66.1,74.6,49.7,NA,0,0,0,0,0,42.4,0.29,6.7,0,4,0,NA,1,1,0,1,0,0,0,NA,0,0,0,0,0,0,0,0,0,0,0,1,0,0,0,0,0,1,0,1,1,0.333,4,0,1,0,2,0,0.667,0,0,1.3,0.333,1,0
"CAIRO SKANES","WISCONSIN",21,40.38,"C",65.7,65.8,60.3,NA,1,1,0,0,0,0,0,0,0,0,0,NA,0,0,1,0,0,0,0,NA,1,0,0,0,0,0,0,0,0,0,0,0.5,0,0,0,0,1,1,1,1,0,0,0,0,0,0,0,0,0,0,0,0,0,0,0.5
"DEREK WILLIAMS JR.","TEXAS",36,40.16,"C",58.8,64.7,46.4,60,4,1,1,0,0,47.9,0.61,1.6,5,7,0,NA,2,0,1,1,0,0,0,0,1,0,0,0,0,0,0,0,0,0,0,0.333,1,0,0,0,1,4,2,1,2,0.4,14,0,1,0,0,0,0,0,0,2.8,0.2,0,0.333
"TY BENEFIELD","LSU",77,39.71,"D",52.7,50.5,52,75.1,6,1,1,0,1,89.6,0.83,21,10.5,22,1,NA,2,1,0,0,0,1,2,75,1,0,0,0,0,1,0,1,0,0,0,0.25,0,0,0,2,1,5,3,0,2,0.5,44,1,0,0,1,0.019,0.25,0.25,0,11,0,0.25,0.25
"JIMMY WYRICK","SMU",51,39.6,"D",56.1,62.8,45.5,NA,5,1,2,0,1,39.6,0,2,8,0,1,NA,1,3,0,0,0,0,0,NA,0,0,0,0,0,0,0,0,0,0,0,0.375,1,0,0,0,1,4,1,0,0,0,0,0,0,0,0,0,0,0,0,0,0,0.5,0
"JESSIAH MCGREW","ARIZONA ST",59,39.44,"D",49.9,41.5,70.3,NA,6,2,0,0,1,70.4,1.4,24.2,11.5,21,0,NA,1,0,1,1,0,1,0,NA,0,0,0,0,1,0,0,0,0,0,0,0,0,0,1,1,2,4,4,2,2,0.4,42,1,2,0,0,0.033,0,0.2,0,8.4,0.4,0,0
"NIKO JANDREAU","OKLAHOMA",15,39.39,"D",72.5,72.5,62.4,NA,2,0,1,0,0,83.3,0.57,3,7,4,1,NA,0,0,0,0,0,0,0,NA,0,0,0,0,0,0,0,0,0,0,0,0,0,0,0,0,0,0,0,1,1,1,4,0,0,0,0,0,0,0,0,4,0,0,0
"GEIMERE LATIMER II","W VIRGINIA",73,39.33,"D",63.2,56.1,67.6,81.3,8,0,4,0,0,113,0.97,6.5,4.2,7.4,2,NA,1,0,0,1,0,1,1,25,2,1,1,0,0,0,1,1,0,0,0,0.2,2,0,0,1,0,6,5,2,5,0.625,37,4,1,0,4,0.026,0.5,0.5,0,4.6,0.125,0,0.4
"ZACH LUTMER","IOWA",23,39.19,"D",74.9,74.6,64.1,NA,1,0,1,0,0,79.2,0.07,-4,0,1,1,NA,0,0,0,0,0,0,0,NA,0,0,0,0,0,0,0,0,0,0,0,0,0,0,0,0,0,0,0,1,1,1,1,0,0,0,0,0,0,0,0,1,0,0,0
"MALCOLM HARTZOG JR.","ARIZONA",59,39.14,"D",69.4,70.2,62.5,56.2,2,0,0,0,0,39.6,0.5,17.9,0,10.5,0,NA,3,0,0,0,0,0,0,0,0,0,0,0,0,0,0,0,0,0,0,0,0,0,0,0,0,2,2,3,2,0.286,21,1,0,0,0,0,0,0.143,0,3,0,0,0
"MASON CURTIS","MICHIGAN",23,39.05,"D",68,63.7,70.4,58.5,2,0,1,0,0,0,0,0,3.5,0,0,NA,0,0,0,0,0,0,0,0,0,0,0,0,0,0,0,0,0,0,0,0,1,0,0,0,0,0,0,0,0,0,0,0,0,0,0,0,0,0,0,0,0,0,0
"DASHAWN STONE","DUKE",31,39,"D",68,63.7,69.9,NA,3,0,3,0,0,78.1,0.57,4.3,-4,4.3,2,NA,0,0,0,0,1,0,0,NA,0,0,0,0,0,0,0,0,0,0,0,0,1,1,0,0,0,1,1,2,3,0.75,13,1,0,0,3,0,0.75,0.25,0,3.3,0,0,0
"MAC RESETICH","ILLINOIS",59,39,"D",64,63.3,64.4,59.4,2,0,0,0,0,39.6,0,15.7,0,0,0,NA,3,0,0,0,0,0,0,0,1,0,0,0,0,0,0,0,0,0,0,0.333,0,0,0,0,0,2,2,1,0,0,0,0,0,0,0,0,0,0,0,0,0,0,0.333
"TYLER BROWN","IOWA",26,38.45,"D",77.8,65.7,85,NA,2,0,0,0,0,91.7,0.35,6,6,6,0,NA,0,0,0,0,0,0,0,NA,0,1,0,0,0,0,0,0,0,0,0,0,0,0,0,0,0,0,0,0,1,1,6,0,0,0,0,0,0,0,0,6,0,0,0
"RAHSHAWN CLARK","WASHINGTON",70,37.76,"D",56.2,53.8,65.1,56,2,0,1,0,0,57.6,0.67,24,0,20,0,NA,1,0,0,0,1,1,1,16.7,1,0,0,0,1,1,0,0,0,0,0,0.333,1,1,1,2,0,3,2,0,1,0.333,20,0,0,0,0,0.033,0,0,0,6.7,0,0,0.5
"JAYDEN WILLIAMS","UCF",68,37.74,"D",59.1,50.8,71.3,80.8,8,1,1,0,1,83.6,1.33,11.4,14,14.3,1,NA,1,0,0,0,0,2,0,50,0,0,0,0,0,0,1,0,1,0,0,0,0,0,1,1,1,5,5,3,4,0.571,57,2,0,0,5,0.047,0.714,0.286,0,8.1,0,0,0
"KENDEL DOLBY","MISS STATE",25,37.7,"D",66.8,65.9,62.2,NA,1,0,1,0,0,0,0,0,4,0,0,NA,0,0,0,0,0,0,0,NA,0,0,0,0,0,0,0,0,0,0,0,0,1,0,0,0,0,0,0,0,0,0,0,0,0,0,0,0,0,0,0,0,0,0,0
"ANTHONY HAWKINS","IOWA",23,37.7,"D",59.4,64.4,51.8,NA,1,1,0,0,1,0,0,0,0,0,0,NA,0,1,0,0,0,0,0,NA,0,0,0,0,0,0,0,0,0,0,0,0.5,0,0,0,0,1,1,0,0,0,0,0,0,0,0,0,0,0,0,0,0,0,0.5,0
"KERRY BROWN","MINNESOTA",55,37.53,"D",59.5,57.5,65.9,NA,6,0,2,0,0,58.3,0.35,8.8,3,7,1,NA,2,0,0,0,0,1,0,NA,0,0,0,1,0,0,0,0,0,0,0,0,1,1,0,0,0,3,3,1,2,0.5,14,1,0,0,1,0.025,0.25,0.25,0,3.5,0,0,0
"LEE MOLETTE III","ARIZONA",39,37.32,"D",63.4,66.6,51,NA,5,0,2,0,0,91.7,1.03,2,20,6,2,NA,0,1,0,0,0,0,0,NA,0,0,0,1,0,0,0,0,0,0,0,0.167,0,1,0,0,0,2,1,1,5,1,30,1,0,0,0,0,0,0.2,0,6,0,0.5,0
"JAMIR CONN","NEBRASKA",49,37.24,"D",55.5,50.5,67.3,NA,4,1,1,0,0,39.6,0,2,11.5,0,0,NA,2,0,1,0,0,0,0,NA,0,0,0,0,0,0,0,0,0,0,0,0,1,0,0,0,1,2,2,0,0,0,0,0,0,0,0,0,0,0,0,0,0,0,0
"LAVAIN SCRUGGS","MARYLAND",58,36.95,"D",57.2,53.9,63.8,59.5,8,2,1,0,1,89.6,0.38,5,4.67,5.5,0,NA,0,1,1,0,1,0,0,0,0,0,0,0,0,0,0,0,0,0,0,0.111,1,1,0,0,2,4,3,0,2,1,11,2,0,0,0,0,0,1,0,5.5,0,0.2,0
"XAVIER SCOTT","ILLINOIS",59,36.91,"D",63,62.2,63.2,NA,4,1,0,0,0,81.9,0.33,19.2,0,7,0,NA,3,0,1,0,0,0,0,NA,0,0,1,0,0,0,0,0,0,0,0,0,0,0,0,0,1,4,4,4,2,0.333,14,2,0,0,0,0,0,0.333,0,2.3,0,0,0
"BRODY MILLER","IOWA STATE",25,36.84,"D",60.1,63.7,54.5,NA,2,0,1,0,0,39.6,0,24.5,-0.5,0,0,NA,1,1,0,0,0,0,0,NA,0,0,0,0,0,0,0,0,0,0,0,0.333,1,0,0,0,0,1,0,0,0,0,0,0,0,0,0,0,0,0,0,0,0,0.333,0
"CARTER DAVIS","BOSTON COL",69,36.55,"D",59.2,56.3,65.5,60,9,2,2,0,1,157.3,1.29,9.5,5.33,12.3,1,NA,0,1,1,0,1,1,0,0,0,0,2,1,0,0,0,0,0,0,0,0.1,1,2,0,0,2,4,3,1,4,1,49,2,0,0,3,0.026,0.75,0.5,0,12.3,0,0.2,0
"SYLVESTER SMITH-REED","AUBURN",29,36.08,"D",65.4,64.6,58.3,65.5,1,1,0,0,1,87.5,0.38,-4,0,5,0,NA,0,1,0,0,0,0,0,50,0,0,0,0,0,0,0,0,0,0,0,0.5,0,0,1,1,1,1,0,0,1,1,5,0,0,0,1,0,1,0,0,5,0,0.5,0
"TAMARCUS COOLEY","LSU",75,36.06,"D",60.3,63.5,49.6,60,5,1,3,0,0,97.2,1.06,6.7,2.5,14.3,1,NA,1,0,1,1,0,2,0,0,0,0,0,0,1,0,0,0,0,0,0,0,2,0,1,1,1,4,2,2,4,0.667,57,2,1,0,4,0.037,0.667,0.333,0,9.5,0.167,0,0
"KALEB HARRIS","AUBURN",67,36.02,"D",50.4,42.2,65.2,47.5,10,3,2,0,2,118.8,3.05,25.5,5.5,32,0,NA,0,1,1,0,1,2,2,33.3,1,0,0,0,0,0,0,0,0,0,0,0.167,2,1,2,2,3,7,3,0,2,1,64,2,0,0,1,0.095,0.5,1,0,32,0,0.143,0.2
"JACKSON BENNEE","UTAH",52,35.74,"D",57.1,59.5,62.9,NA,3,0,1,0,0,42.4,0.37,11.3,0,6.5,1,NA,3,0,0,0,0,0,0,NA,0,0,0,0,0,0,0,0,0,0,0,0,0,0,0,0,0,4,4,1,2,0.333,13,1,1,0,0,0,0,0.167,0,2.2,0.167,0,0
"ANDREW PELLICCIOTTA","DUKE",37,35.5,"D",66,61.9,72,NA,5,0,1,0,0,60.4,0.29,6.5,5.75,8,0,NA,1,0,0,0,0,0,0,NA,1,0,0,0,0,0,0,0,0,0,0,0.167,1,0,0,0,0,1,1,0,1,0.5,8,0,0,0,1,0,0.5,0,0,4,0,0,0.5
"CHRISTIAN HARRISON","ARKANSAS",43,35.42,"D",50.4,50.8,63.1,58,6,2,0,0,2,56.3,0.33,7,12,5,0,NA,0,0,0,0,0,0,0,0,0,0,0,0,0,0,0,0,0,0,0,0,0,0,0,0,2,3,2,0,1,0.5,5,1,0,0,0,0,0,0.5,0,2.5,0,0,0
"MARCUS RATCLIFFE","TEXAS A&M",50,35.42,"D",58,57.6,58.7,59.8,7,2,3,0,1,114.6,1.35,1.5,8,11.5,2,NA,0,2,1,0,0,1,0,0,1,0,0,1,0,0,0,0,0,0,0,0.3,1,1,0,0,2,4,2,1,2,1,23,1,0,0,2,0.059,1,0.5,0,11.5,0,0.333,0.25
"MALIK ESQUERRA","TEXAS TECH",57,35.35,"D",59.1,58.5,60.1,NA,8,1,2,0,1,80.2,1,9.5,7.4,17.5,0,NA,2,2,0,0,1,2,0,NA,0,0,0,0,0,0,0,0,0,0,0,0.2,2,1,0,0,1,4,2,0,2,0.5,35,2,0,0,2,0.057,0.5,0.5,0,8.8,0,0.25,0
"K.J. KIRKLAND","FLORIDA ST",22,35.05,"D",64.6,65,61,59.4,NA,0,0,0,NA,0,0,0,0,0,NA,NA,0,NA,NA,0,NA,0,0,0,NA,0,0,NA,0,0,0,0,0,0,0,NA,NA,0,0,0,NA,0,0,0,0,0,0,0,0,0,0,0,0,0,0,0,0,NA,NA
"BRAY HUBBARD","ALABAMA",61,34.97,"D",62.1,56.2,74.6,NA,2,0,0,1,0,79.2,1.65,52,7.5,56,0,NA,0,0,0,0,0,1,0,NA,0,0,0,0,0,0,0,0,0,0,0,0,0,0,0,0,0,1,1,1,1,1,56,1,0,0,0,0.029,0,1,1,56,0,0,0
"CARSON VAN DINTER","WISCONSIN",20,34.97,"D",59.6,65.1,51.3,NA,1,0,1,0,0,0,0,0,3,0,0,NA,0,1,0,0,0,0,0,NA,0,0,0,0,0,0,0,0,0,0,0,0.5,1,0,0,0,0,1,0,0,0,0,0,0,0,0,0,0,0,0,0,0,0,0.5,0
"JAMISON PATTON","PENN STATE",21,34.81,"D",69.2,66.2,66.9,NA,2,1,0,0,1,79.2,0.17,-5,0,2,0,NA,0,0,0,0,0,0,0,NA,0,0,0,0,0,0,0,0,0,0,0,0,0,0,0,0,1,0,0,0,1,1,2,0,0,0,1,0,1,0,0,2,0,0,0
"MICAH HARPER","IOWA STATE",15,34.74,"D",62.9,62.2,61,NA,1,0,0,0,0,0,0,0,0,0,0,NA,0,0,0,0,0,0,0,NA,0,0,0,0,0,0,0,0,0,0,0,0,0,0,0,0,0,0,0,0,0,0,0,0,0,0,0,0,0,0,0,0,0,0,0
"LADARIAN CLARDY","OLE MISS",16,34.74,"D",64.6,64,61.7,NA,NA,0,0,0,NA,0,0,0,0,0,NA,NA,0,NA,NA,0,NA,0,0,NA,NA,0,0,NA,0,0,0,0,0,0,0,NA,NA,0,0,0,NA,0,0,0,0,0,0,0,0,0,0,0,0,0,0,0,0,NA,NA
"COREY COSTNER","VIRGINIA",38,34.69,"D",64.5,53.3,77.4,57.8,6,2,1,0,2,118.8,4.2,35,12.67,42,0,NA,0,0,0,0,1,1,0,0,0,0,0,0,0,0,0,0,0,0,0,0,1,1,0,0,2,1,1,0,1,1,42,1,0,0,0,0.1,0,1,0,42,0,0,0
"CYRUS REYES","KENTUCKY",27,34.45,"D",58.7,56.4,63,60,2,0,1,0,0,56.3,0.2,23.5,9,4,1,NA,0,0,0,0,0,0,0,0,0,0,0,0,0,0,0,0,0,0,0,0,0,0,0,0,0,1,1,1,1,0.5,4,0,0,0,0,0,0,0,0,2,0,0,0
"T.J. BANKS","LOUISVILLE",49,34.31,"D",47.7,46,55.4,NA,9,0,2,0,0,56.3,0.37,14,3.6,5.5,1,NA,2,2,0,0,1,0,0,NA,0,0,0,0,0,0,0,0,0,0,0,0.182,1,1,0,0,0,7,4,1,2,0.5,11,0,0,0,0,0,0,0,0,2.8,0,0.286,0
"JOHN CURRY","TEXAS TECH",78,34.01,"D",59.8,55.4,69.3,55.7,8,3,3,0,1,118.8,1.16,-1,2.5,14.7,0,NA,0,1,2,0,1,1,0,0,0,0,0,0,0,0,0,0,0,0,0,0.111,3,1,0,0,3,5,3,1,3,1,44,3,0,0,3,0.026,1,1,0,14.7,0,0.167,0
"CJ HEARD","VANDERBILT",77,33.99,"D",66.7,59.8,73.1,66.1,9,2,1,0,2,151.5,2.24,9,13,12.7,1,NA,1,0,0,0,0,2,0,0,0,0,1,0,0,0,0,0,1,0,0,0,0,0,0,0,2,3,2,1,6,0.857,76,3,0,0,4,0.059,0.571,0.429,0,10.9,0,0,0
"QUA MOSS","TENNESSEE",52,33.98,"D",69,69.8,62.5,NA,3,0,1,0,0,90.6,0.93,-3.3,16,8.3,1,NA,1,0,0,0,0,0,0,NA,0,0,0,0,0,0,0,0,0,0,0,0,0,0,0,0,0,2,1,2,3,0.75,25,2,0,0,3,0,0.75,0.5,0,6.3,0,0,0
"KOY BEASLEY","KANSAS ST",57,33.98,"D",57,62.9,46.4,NA,5,0,1,0,0,0,0,0,13.67,0,0,NA,0,2,0,0,0,0,0,NA,1,0,0,0,0,0,0,0,0,0,0,0.375,1,0,0,0,0,4,1,0,0,0,0,0,0,0,0,0,0,0,0,0,0,0.4,0.333
"XXAVIER THOMAS","PENN STATE",18,33.97,"D",63.7,62.5,61.7,NA,NA,0,0,0,NA,0,0,0,0,0,NA,NA,0,NA,NA,0,NA,0,0,NA,NA,0,0,NA,0,0,0,0,0,0,0,NA,NA,0,0,0,NA,0,0,0,0,0,0,0,0,0,0,0,0,0,0,0,0,NA,NA
"JORDAN LESTER","TCU",32,33.78,"D",66.3,66.5,62.3,NA,1,0,0,0,0,58.3,0.47,2.5,0,7,0,NA,1,0,0,0,0,0,0,NA,0,0,0,0,0,0,0,0,0,0,0,0,0,0,0,0,0,0,0,0,1,0.5,7,0,0,0,0,0,0,0,0,3.5,0,0,0
"QUAN SANKS","INDIANA",24,33.3,"D",56.6,56.2,61,57.7,1,0,0,0,0,39.6,0,32,0,0,0,NA,1,0,0,0,0,0,0,0,0,0,0,0,0,0,0,0,0,0,0,0,0,0,0,0,0,1,1,1,0,0,0,0,0,0,0,0,0,0,0,0,0,0,0
"JORDAN YOUNG","MICHIGAN",25,33.28,"D",63.6,65.7,58.3,NA,2,0,1,0,0,91.7,0.55,4,10,6,1,NA,0,1,0,0,0,0,0,NA,0,0,0,0,0,0,0,0,0,0,0,0.333,0,0,0,0,0,1,0,0,1,1,6,0,0,0,0,0,0,0,0,6,0,0.5,0
"OMARION ROBINSON","OKLAHOMA",46,32.6,"D",58.7,55.3,70.8,47.7,4,0,2,0,0,39.6,0,13,5,0,0,NA,1,0,0,0,0,0,0,0,2,0,0,0,0,0,0,0,0,0,0,0.333,2,0,0,0,0,3,2,0,0,0,0,0,0,0,0,0,0,0,0,0,0,0,0.667
"TRAJEN GRECO","MISSOURI",76,32.56,"D",61.8,57.9,69.5,NA,4,1,1,0,1,104.2,0.23,-3,3,9,0,NA,0,0,0,1,0,0,0,NA,2,0,0,0,0,0,0,0,0,0,0,0.333,1,0,0,0,1,3,3,1,1,1,9,1,1,0,0,0,0,1,0,9,1,0,0.667
"CJ RICHARD JR.","FLORIDA ST",58,32.12,"D",48.5,57.9,36.3,57.3,11,1,3,0,0,100,0.57,7.5,5.2,8,0,NA,0,3,1,0,0,0,1,25,0,0,0,0,0,0,0,0,0,0,0,0.214,3,0,1,1,1,7,2,0,2,1,16,2,0,0,0,0,0,1,0,8,0,0.375,0
"LOGAN BARTLEY","KANSAS ST",16,31.18,"D",54.5,52.5,59,NA,3,0,1,0,0,0,0,0,9,0,0,NA,0,1,0,0,0,0,0,NA,0,0,0,0,0,0,0,0,0,0,0,0.25,1,0,0,0,0,2,1,0,0,0,0,0,0,0,0,0,0,0,0,0,0,0.333,0
"QUAY'SHEED SCOTT","S CAROLINA",32,31.13,"D",55.7,60.2,46.1,NA,0,0,0,0,0,39.6,0,8,0,0,0,NA,1,0,0,0,0,0,0,NA,1,0,0,0,0,0,0,0,0,0,0,1,0,0,0,0,0,2,1,0,0,0,0,0,0,0,0,0,0,0,0,0,0,0,1
"TA'SHAWN JAMES","UCLA",46,30.99,"D",62.9,56.4,74.6,57.4,5,1,2,0,1,84,0.86,9.7,3.33,9.5,0,NA,0,0,0,0,0,1,0,0,1,0,0,0,0,0,0,0,0,0,0,0.167,2,0,0,0,1,2,2,0,2,0.667,19,1,0,0,0,0.045,0,0.333,0,6.3,0,0,0.5
"MIGUEL MITCHELL","ARKANSAS",34,30.87,"D",53,64.6,37.3,60,0,0,0,0,0,0,0,0,0,0,0,NA,0,1,0,0,0,0,0,0,0,0,0,0,0,0,0,0,0,0,0,1,0,0,0,0,0,3,0,0,0,0,0,0,0,0,0,0,0,0,0,0,0,1,0
"MEKHAI SMITH","MINNESOTA",22,30.85,"D",62,58.7,65.9,60,3,1,0,0,1,70.8,0.87,-0.5,7,13,0,NA,1,0,0,0,0,0,0,0,0,0,0,0,0,0,0,0,0,0,0,0,0,0,0,0,1,1,1,0,1,0.5,13,1,0,0,2,0,1,0.5,0,6.5,0,0,0
"KYLIN JACKSON","TCU",16,30.67,"D",54,64,46.3,58,NA,0,0,0,NA,0,0,0,0,0,NA,NA,0,NA,NA,0,NA,0,0,0,NA,0,0,NA,0,0,0,0,0,0,0,NA,NA,0,0,0,NA,1,0,0,0,0,0,0,0,0,0,0,0,0,0,0,0,NA,NA
"BRAYLON JOHNSON","WAKE",47,30.36,"D",58.4,60,68.5,55.9,6,1,3,0,0,112.5,2.04,3.6,1,13.8,1,NA,1,0,1,0,1,1,0,0,2,0,0,0,1,0,0,0,1,0,0,0.25,2,1,1,1,1,5,4,2,4,0.8,55,4,0,0,5,0.037,1,0.8,0,11,0,0,0.333
"AIDEN MANUTAI","CAL",28,30.21,"D",62.2,60.6,63.1,NA,1,0,0,0,0,68.8,1,8,0,12,0,NA,0,0,0,1,0,0,0,NA,0,0,0,0,0,0,0,0,0,0,0,0,0,0,0,0,0,1,1,1,1,0.5,12,1,1,0,1,0,0.5,0.5,0,6,0.5,0,0
"RYLON DILLARD-ALLEN","WASHINGTON",75,30.17,"D",60,53.6,61.4,80.8,5,1,1,0,1,118.8,1,22,0,33,1,NA,0,1,0,0,0,1,0,0,0,0,0,0,1,0,0,1,0,0,0,0.167,0,0,0,1,1,3,2,1,1,1,33,1,0,0,0,0.03,0,1,0,33,0,0.5,0
"DAMON WALTERS","NWESTERN",64,30.14,"D",49.6,42.5,66.6,NA,7,2,0,0,1,79.2,0.09,-1,13.25,3,0,NA,0,1,1,0,0,0,0,NA,1,0,0,0,0,0,0,0,0,0,0,0.222,0,0,0,0,2,4,3,0,1,1,3,0,0,0,0,0,0,0,0,3,0,0.167,0.333
"CHE OJARIKRE","DUKE",23,30.02,"D",65,60.3,69.9,NA,5,2,1,0,1,118.8,2.41,4,4,13.7,0,NA,0,0,1,0,0,1,0,NA,0,0,0,0,0,0,0,0,0,0,0,0,1,0,0,0,2,1,1,0,3,1,41,2,0,0,2,0.059,0.667,0.667,0,13.7,0,0,0
"TOMMY PRASSAS","BYU",49,29.5,"D",62.4,64.4,56.4,59.8,5,1,0,0,1,81.9,1.52,3.7,6,50,0,NA,1,1,0,0,0,1,0,0,0,0,0,0,0,0,0,0,0,0,0,0.167,0,0,0,0,1,2,1,0,1,0.333,50,1,0,0,1,0.03,0.333,0.333,0,16.7,0,0.333,0
"TJ METCALF","TENNESSEE",46,29.47,"D",59.1,57.5,57.1,60,2,0,1,0,0,100,0.36,4,1,8,0,NA,0,0,0,0,0,0,1,50,0,0,0,0,0,0,0,0,0,0,0,0,1,0,1,1,0,2,1,0,1,1,8,0,0,0,1,0,1,0,0,8,0,0,0
"EMMANUEL KARMO","MINNESOTA",18,29.38,"D",52.1,52.5,62.1,55.2,0,0,0,0,0,0,0,0,0,0,0,NA,0,0,0,0,0,0,0,0,1,0,0,0,0,0,0,0,0,0,0,1,0,0,0,0,0,1,1,0,0,0,0,0,0,0,0,0,0,0,0,0,0,0,1
"PATRICK SMITH-YOUNG","DUKE",28,29.32,"D",51,54.9,49.7,NA,0,0,0,0,0,39.6,0,7.5,0,0,0,NA,2,1,0,0,0,0,0,NA,0,0,0,0,0,0,0,0,0,0,0,1,0,0,0,0,0,2,1,0,0,0,0,0,0,0,0,0,0,0,0,0,0,1,0
"PEYTON MORGAN","TEXAS TECH",32,29.19,"D",60.4,60.2,60.3,NA,4,1,0,0,0,104.2,0.86,8.5,9,9,0,NA,0,0,1,0,0,1,0,NA,1,0,0,0,0,0,0,0,0,0,0,0.2,0,0,0,0,1,3,2,1,2,1,18,0,0,0,1,0.048,0.5,0,0,9,0,0,0.333
"ZECHARIAH POYSER","MIAMI FL",62,29.04,"D",63.4,62.8,62.7,NA,4,0,0,0,0,75.7,0.51,0.8,0,6.5,0,NA,2,0,0,0,0,0,0,NA,1,0,0,0,0,0,0,0,0,0,0,0.2,0,0,0,0,0,2,2,0,4,0.667,26,1,0,0,3,0,0.5,0.167,0,4.3,0,0,0.2
"KOI PERICH","OREGON",21,28.8,"D",56,53.9,60.9,NA,1,1,0,0,0,66.7,1,15,0,11,0,NA,0,0,1,1,0,0,0,NA,0,0,0,0,0,0,0,0,0,0,0,0,0,0,0,0,1,1,1,0,1,0.5,11,1,1,0,2,0,1,0.5,0,5.5,0.5,0,0
"EDWIN JOSEPH","OLE MISS",72,28.4,"D",61.3,58.2,69,NA,5,0,2,0,0,71.5,0.28,5,5.25,5,0,NA,1,0,0,0,0,0,0,NA,0,0,0,0,0,0,0,0,0,0,0,0,2,0,0,0,0,4,3,0,2,0.667,10,2,0,0,2,0,0.667,0.667,0,3.3,0,0,0
"NAETEN MITCHELL","COLORADO",71,27.34,"D",45.4,38,57.2,59.4,10,1,3,0,1,85.4,0.83,30,5.43,20,1,NA,1,1,0,0,0,1,0,0,1,0,0,0,0,0,0,0,0,1,0,0.167,2,0,0,0,1,6,3,1,1,0.5,20,1,0,0,0,0.042,0,0.5,0,10,0,0.111,0.5
"BRAHEEM LONG JR.","SYRACUSE",50,26.32,"D",43.9,60.7,26.9,61,3,1,1,0,1,0,0,0,18,0,0,NA,0,3,0,0,0,0,0,0,1,0,0,0,0,0,0,0,1,0,0,0.571,1,0,0,0,1,7,1,0,0,0,0,0,0,0,0,0,0,0,0,0,0,0.5,1
"KENNEDY URLACHER","USC",55,26.3,"D",61.7,66.4,44.6,59.2,2,0,0,0,0,68.8,0.35,5.5,0,12,0,NA,0,1,0,1,0,0,0,0,1,0,0,0,0,0,0,0,0,0,0,0.5,0,0,0,0,0,4,2,1,1,0.5,12,1,1,0,1,0,0.5,0.5,0,6,0.5,1,0.333
"RASEAN DINKINS","GEORGIA",45,26.2,"D",55.1,56.4,61.7,47.3,3,1,0,0,0,118.8,0.86,8.5,0,15,0,NA,0,0,1,0,0,1,1,50,1,0,0,0,0,0,0,0,0,0,0,0.25,0,0,1,1,1,3,2,0,2,1,30,2,0,0,0,0.029,0,1,0,15,0,0,0.333
"KENNY WOSELEY JR.","VA TECH",17,26.04,"D",57.7,55.8,64.2,NA,4,2,0,0,1,118.8,2,8.5,0,13,0,NA,0,0,1,0,0,1,0,NA,0,0,0,0,0,0,0,0,0,0,0,0,0,0,0,0,2,2,2,0,2,1,26,2,0,0,0,0.077,0,1,0,13,0,0,0
"AARON GATES","KENTUCKY",73,25.25,"D",59.3,58.1,64.8,57.2,1,0,0,0,0,62.2,0.26,2.4,0,3,0,NA,3,0,0,0,0,0,0,0,1,0,0,0,0,0,0,0,0,0,0,0.5,0,0,0,0,0,3,3,0,4,0.571,12,0,0,0,7,0,1,0,0,1.7,0,0,0.5
"J'ZAVIEN CURRENCE","S CAROLINA",29,25.12,"D",61.7,60.7,61.8,NA,3,1,1,0,0,158.3,1.32,5,0,12.5,1,NA,0,0,1,0,0,1,0,NA,0,0,1,0,0,0,0,0,0,0,0,0,0,0,0,0,1,2,2,2,2,1,25,2,0,0,0,0.053,0,1,0,12.5,0,0,0
"JJ DUNNIGAN","MIAMI FL",68,24.95,"D",42.4,35.1,69.6,61.5,8,0,1,0,0,118.8,1.76,14.4,3.33,22.5,0,NA,1,0,0,0,1,3,2,40,3,0,0,0,1,1,0,0,0,0,0,0.273,1,1,3,4,0,8,6,0,4,0.8,90,2,0,0,5,0.059,1,0.4,0,18,0,0,0.375
"LAGONZA HAYWARD","FLORIDA",17,24.39,"D",59.8,59.3,60.8,60,2,0,0,0,0,104.2,0.82,9,0,9,0,NA,0,0,0,0,0,0,0,0,0,0,0,0,0,0,0,0,0,0,0,0,0,0,0,0,0,1,1,0,1,1,9,0,0,0,1,0,1,0,0,9,0,0,0
"DASHAWN SPEARS","LSU",23,23.52,"D",51.2,59.6,38.8,NA,1,1,0,0,0,79.2,0.13,-5,0,2,0,NA,0,0,1,0,0,0,0,NA,1,0,0,0,0,0,0,0,0,0,0,0.5,0,0,0,0,1,3,1,0,1,1,2,0,0,0,1,0,1,0,0,2,0,0,0.5
"GARRISON MONROE","MINNESOTA",36,23.45,"D",58,57.5,60.4,59,1,0,1,0,0,87.5,0.43,-2,3,5,0,NA,0,1,0,0,0,0,0,25,1,0,0,0,1,0,0,0,0,0,0,0.667,1,0,1,1,0,3,2,1,2,1,10,0,0,0,2,0,1,0,0,5,0,0.5,1
"DEVYN HIDROGO","TCU",23,23.17,"D",49.2,42.5,66.7,NA,4,0,1,0,0,78.5,1.25,9.7,19,7.5,0,NA,1,0,0,0,0,0,0,NA,0,0,0,0,0,0,0,0,0,0,0,0,1,0,0,0,0,2,2,0,2,0.667,15,1,0,0,0,0,0,0.333,0,5,0,0,0
"KYAN MCDONALD","ARIZONA ST",19,22.75,"D",63.1,56.4,75,57.8,1,0,0,0,0,118.8,1.75,13,6,14,0,NA,0,0,0,0,0,0,0,0,0,0,0,0,0,0,0,0,0,0,0,0,0,0,0,0,0,1,1,0,1,1,14,1,0,0,0,0,0,1,0,14,0,0,0
"MA'KHI JONES","FLORIDA ST",58,22.5,"D",53.7,51.7,61.3,57.1,6,1,0,0,1,143.8,3.85,15,10.67,33.3,0,NA,0,1,0,1,0,2,0,0,0,0,1,0,0,0,0,0,0,0,0,0.143,0,0,0,0,1,5,3,2,3,0.6,100,2,2,0,0,0.077,0,0.4,0,20,0.4,0.2,0
"BRANDYN HILLMAN","VIRGINIA",57,21.93,"D",46.8,48.1,56.2,58.4,3,2,1,0,2,118.8,2.18,32,2,37,0,NA,0,2,0,0,0,1,0,0,0,0,0,0,0,0,0,0,0,0,0,0.4,1,0,0,0,2,4,1,0,1,1,37,0,0,0,0,0.059,0,0,0,37,0,0.4,0
"COLE MARTIN","UCLA",16,21.61,"D",52.3,51.7,60,NA,4,2,1,0,0,109.7,5.08,18.3,0,30.5,1,NA,0,0,2,0,0,2,0,NA,0,0,0,0,0,0,0,0,0,0,0,0,0,0,0,0,2,2,2,0,2,0.667,61,2,0,0,0,0.167,0,0.667,0,20.3,0,0,0
"DAYLEN AUSTIN","ARIZONA",16,21.5,"D",59.5,59,60,NA,1,1,0,0,0,118.8,2.17,-1.5,0,13,0,NA,0,0,1,0,0,1,0,NA,0,0,0,0,0,0,0,0,0,0,0,0,0,0,0,0,1,1,1,0,2,1,26,1,0,0,0,0.083,0,0.5,0,13,0,0,0
"PROPHET BROWN","USC",72,21.21,"D",52,53.8,48.7,NA,3,0,0,1,0,84.7,1.34,13.2,11,19.7,0,NA,0,1,0,0,0,2,0,NA,1,0,1,0,0,0,0,0,0,0,0,0.4,0,0,0,0,0,7,5,1,3,0.5,59,3,0,0,2,0.045,0.333,0.5,0.167,9.8,0,0.5,0.333
"QUINTON HAMMONDS","OKLA STATE",28,20.99,"D",63.3,60.7,65.2,NA,1,0,0,0,0,109.7,2.15,2.3,0,21.5,0,NA,1,0,0,0,0,1,0,NA,0,0,0,0,0,0,0,0,0,0,0,0,0,0,0,0,0,1,1,1,2,0.667,43,1,0,0,2,0.05,0.667,0.333,0,14.3,0,0,0
"ETHAN MINTER","VIRGINIA",49,20.7,"D",41,41.8,44.5,NA,6,2,1,0,0,127.1,1.11,28.5,1.5,21,0,NA,1,1,2,0,0,1,0,NA,0,0,1,0,0,0,0,0,0,0,0,0.143,1,0,0,0,2,5,2,0,1,0.5,21,1,0,0,0,0.053,0,0.5,0,10.5,0,0.2,0
"GERALD KILGORE","S CAROLINA",37,20.56,"D",63.2,61.6,65,NA,3,1,0,0,0,118.8,2.89,5,0,18.3,0,NA,0,0,1,0,0,3,0,NA,2,0,0,0,0,0,0,0,0,0,0,0.4,0,0,0,0,1,2,2,1,3,1,55,2,0,0,0,0.158,0,0.667,0,18.3,0,0,0.4
"KYEAURE MAGLOIRE","ARKANSAS",25,19.88,"F",56.7,59.2,54.5,60,3,0,0,0,0,118.8,1.58,10,35.5,19,0,NA,0,1,0,0,0,1,0,0,1,0,0,0,0,0,0,0,0,0,0,0.4,0,0,0,0,0,2,1,0,1,1,19,1,0,0,1,0.083,1,1,0,19,0,0.333,0.5
"PEYTON WATERS","N CAROLINA",67,19.81,"F",60,65.7,35.8,60,4,1,0,0,0,89.6,0.94,2,0,5.5,0,NA,0,1,1,0,0,0,0,0,1,0,0,0,0,0,0,0,0,0,0,0.333,0,0,0,0,1,4,2,0,6,1,33,1,0,0,4,0,0.667,0.167,0,5.5,0,1,0.2
"JOENEL AGUERO","OLE MISS",65,17.57,"F",58.8,64.5,44.8,NA,4,0,1,0,0,118.8,1.38,6,14,15.7,1,NA,0,2,0,0,0,2,0,NA,2,0,0,0,0,0,0,0,0,0,0,0.5,0,0,0,0,0,4,2,1,3,1,47,2,0,0,2,0.059,0.667,0.667,0,15.7,0,0.667,0.4
"QUINN OLSON","ARIZONA",25,16.23,"F",53.6,51.9,61.1,NA,2,0,0,0,0,118.8,1.53,12,0,13,0,NA,0,0,0,0,0,0,0,NA,0,0,0,0,0,0,0,0,0,0,0,0,0,0,0,0,0,2,2,0,2,1,26,2,0,0,0,0,0,1,0,13,0,0,0
"KOEN ENTRINGER","LOUISVILLE",55,16.19,"F",50.5,53.6,47.7,NA,4,0,2,0,0,158.3,1.92,13.7,14,16.7,2,NA,0,1,0,0,0,2,0,NA,0,0,1,0,0,0,0,0,0,0,0,0.2,0,0,0,0,0,5,3,2,3,1,50,2,0,0,0,0.077,0,0.667,0,16.7,0,0.5,0
"ANQUON FEGANS","AUBURN",20,15.37,"F",57.6,48.2,70.5,NA,3,1,1,0,1,118.8,6,41,8,48,0,NA,0,0,0,0,0,1,0,NA,0,0,0,0,0,0,0,0,0,0,0,0,1,0,0,0,1,1,1,0,1,1,48,1,0,0,1,0.125,1,1,0,48,0,0,0
"QUENTIN REDDISH","VA TECH",50,14.91,"F",51.9,54,49.5,59.2,6,1,0,0,0,150,0.62,4,7,10.5,0,NA,0,1,1,0,0,1,0,0,3,0,1,0,0,0,0,0,0,0,0,0.4,0,0,0,0,1,5,4,0,2,1,21,2,0,0,0,0.029,0,1,0,10.5,0,0.5,0.375
"TANNER JOHNSON","MISS STATE",20,14.71,"F",52.1,50.1,60,NA,1,0,0,0,0,118.8,1.15,12,0,15,0,NA,0,0,0,0,0,1,0,NA,1,0,0,0,0,0,0,0,0,0,0,0.5,0,0,0,0,0,2,2,0,1,1,15,1,0,0,0,0.077,0,1,0,15,0,0,0.5
"MJ CANNON","CINCINNATI",58,12.79,"F",49.8,45,66.7,59.4,5,1,0,0,0,118.8,2.53,12.3,0,30.3,0,NA,0,0,1,0,0,2,0,0,0,0,0,0,0,0,0,0,0,0,0,0,0,0,0,0,1,3,3,0,3,1,91,3,0,0,0,0.056,0,1,0,30.3,0,0,0
"JARVIS LEE","SMU",38,10.13,"F",50.7,52.2,51.6,58.4,3,0,1,0,0,118.8,5.94,12,0,19,1,NA,1,1,0,0,0,4,0,25,0,1,0,1,1,0,0,0,0,0,0,0.25,0,1,1,1,0,6,5,1,5,0.833,95,4,0,0,0,0.25,0,0.667,0,15.8,0,1,0
"DALTON BROOKS","TEXAS A&M",54,9.62,"F",45,56.1,31.5,NA,3,2,0,0,2,158.3,1.91,23,0,42,0,NA,0,3,0,0,0,1,0,NA,2,0,1,0,0,0,0,0,0,0,0,0.625,0,0,0,0,2,6,2,0,1,1,42,1,0,0,0,0.045,0,1,0,42,0,0.6,0.667
"RUSHAUN TONGUE","WAKE",70,9.35,"F",40.8,36,57.4,60,3,0,0,0,0,85.4,0.54,11.7,14,10,0,NA,1,0,0,0,0,0,0,0,1,0,0,0,0,0,0,0,0,0,0,0.25,0,0,0,0,0,6,4,0,2,0.667,20,2,0,0,3,0,1,0.667,0,6.7,0,0,0.5
"DJ COLEMAN","FLORIDA",60,9.01,"F",42.2,48.3,31.6,59.6,2,0,0,0,0,91,0.59,15,0,12,0,NA,1,2,0,0,0,1,0,0,0,0,0,0,0,0,0,0,0,0,0,0.5,0,0,0,0,0,6,3,0,2,0.667,24,1,0,0,1,0.024,0.333,0.333,0,8,0,1,0
"CHAMP ANTHONY","AUBURN",34,7.59,"F",46,38.2,64.3,59.2,1,1,0,0,1,125,2,19.5,0,20,0,NA,1,1,0,0,0,1,0,0,1,0,1,0,0,0,0,0,0,0,0,0.667,0,0,0,0,1,4,3,0,1,0.5,20,1,0,0,2,0.1,1,0.5,0,10,0,0.5,1
"JASPER BEELER","CINCINNATI",58,7.58,"F",44.9,40.9,59.1,60,4,0,1,0,0,118.8,2.39,22,11,28.7,0,NA,0,0,0,0,0,3,0,0,0,0,0,0,0,0,0,0,0,0,0,0,1,0,0,0,0,4,3,0,3,1,86,2,0,0,0,0.083,0,0.667,0,28.7,0,0,0
"COLEMAN BRYSON","N CAROLINA",72,7.37,"F",47.2,55,31.9,60,4,1,2,0,1,158.3,1.66,10,2,15.8,1,NA,0,5,0,0,0,2,0,0,0,0,1,0,0,0,0,0,0,0,1,0.556,1,0,0,0,1,8,3,1,4,1,63,3,0,0,4,0.053,1,0.75,0,15.8,0,0.714,0
"CHRIS BRACY","MICHIGAN",24,7.1,"F",47.7,39.6,66.1,NA,0,0,0,0,0,158.3,1.5,3,0,18,0,NA,0,0,0,0,0,1,0,NA,1,0,1,0,0,0,0,0,0,0,0,1,0,0,0,0,0,2,2,0,1,1,18,1,0,0,0,0.083,0,1,0,18,0,0,1
"BRYLAN GREEN","ARKANSAS",31,3.25,"F",49.7,44.5,65.9,59.6,1,0,0,0,0,158.3,3.81,37,9,61,0,NA,0,0,0,0,0,1,0,0,1,0,1,0,0,0,0,0,0,0,0,0.5,0,0,0,0,0,1,1,0,1,1,61,1,0,0,1,0.063,1,1,0,61,0,0,1
"JAYDEN SHIPPS","MARYLAND",28,3.17,"F",34.6,31.8,57.1,NA,3,0,1,0,0,114.6,2.4,14.8,3,16,0,NA,1,0,0,0,0,1,0,NA,1,0,0,0,0,0,0,0,0,0,0,0.25,1,0,0,0,0,6,5,0,3,0.75,48,2,0,0,0,0.05,0,0.5,0,12,0,0,0.333
"MALIK HARTFORD","UCLA",64,2.3,"F",41.1,36.7,67,58.4,3,1,1,0,1,135.4,3.69,16.9,1,32.3,0,NA,4,1,0,0,0,2,0,0,3,0,1,0,0,0,0,0,0,0,0,0.571,1,0,0,0,1,7,6,0,4,0.5,129,4,0,0,0,0.057,0,0.5,0,16.1,0,0.333,0.75
"ASHLYND BARKER","FLORIDA ST",51,0,"F",29.9,33.6,34.3,59.4,2,1,0,0,1,118.8,2.21,8.8,0,13.3,0,NA,0,0,0,0,0,2,0,50,3,0,0,0,1,0,0,0,0,0,0,0.6,0,0,1,1,1,10,6,1,4,1,53,3,0,0,0,0.083,0,0.75,0,13.3,0,0,0.75
