"Name","Team","Defensive.Snaps","Composite_Score","Player_Grade","Defensive.Grades","Coverage.Grade","Run.Defense.Grade","Pass.Rush.Grade","Total.Tackles","Assistant","Stops","Lined.up.in.Press.Coverage","Passer.Rating.Allowed","Pass.Break.Up","Average.Depth.of.Target.per.Coverage","Receiving.Yards.Allowed.per.Snap","Yards.per.Reception.Allowed","Average.Depth.of.Tackle","Interceptions","Pass.Stop","Missed.Tackles.on.Pass.Plays","Assist.Tackles.on.Run.Plays","Missed.Tackles.on.Run.Plays","Assist.on.Pass.Plays","Touchdowns.Allowed","Run.Tackle.for.Losss.or.No.Gain","Open.Targets","Pass.Tackle.for.Loss.or.No.Gain","Dropped.Int","Hurries","Hits","Fumble.Recovery","Forced.Fumble","Sacks","Pursuit.Pressure","Missed.Tackle.Percentage","Run.Stop","Tackle.for.Loss.or.No.Gain","Total.Pressures.Generated","Assist.Tackles","Negative.Plays","Total.Negative.Plays","Total.Positive.Plays","Receptions.Allowed","Completion.Percentage.Allowed","Pass.Yards.Allowed","First.Downs.Allowed","Forced.Incompletions","X15..Yards.Allowed.Percentage","Percentage.of.Open.Targets","Percentage.of.First.Down.or.Touchdown.Allowed","Interceptions.per.Target.Coverage.Percentage","Forced.Incompletion.Percentage","Missed.Tackle.Percentage.on.Run.Plays","Pass.Missed.Tackles.Percentage","First.Contact","Batted.Passes","Interception","Drops...Off.Targets.Receptions.Forced","Pass.Rush.Productivity","Unblocked.Pass.Rush","Beaten.Defender","Plays.of.15..Yards.Allowed"
"mir Haskett","MONMOUTH",23,100,"A",82.7,81.5,72.1,NA,3,0,2,NA,56.3,1,6,-0.1,-1,9.5,0,1,0,0,0,0,0,1,0,1,0,0,0,0,0,0,0,"0.00%",1,2,0,0,0,0,2,1,"50.00%",-1,0,1,"0.00%","0.00%","0.00%","0.00%","50.00%","0.00%","0.00%",2,0,0,0,NA,0,0,0
"Deven Thomas","DUQUESNE",29,98.37,"A",82,79,77,59.1,4,1,2,NA,39.6,1,16.3,0,0,1,0,1,0,1,0,0,0,0,1,0,0,0,0,0,0,0,0,"0.00%",1,0,0,1,0,0,2,0,"0.00%",0,0,1,"0.00%","33.30%","0.00%","0.00%","33.30%","0.00%","0.00%",3,0,0,2,0,0,0,0
"Newton Essiem","VILLANOVA",67,97.55,"A",81.8,80.5,76.2,NA,4,1,0,NA,0,1,11.3,0.27,7,0,1,0,0,1,0,0,0,0,0,0,0,0,0,0,0,0,0,"0.00%",0,0,0,1,0,0,2,1,"25.00%",7,0,2,"0.00%","0.00%","0.00%","25.00%","50.00%","0.00%","0.00%",2,0,1,0,NA,0,0,0
"Eric Zachery","PRVIEW A&M",58,97.46,"A",79.2,78.9,82.1,NA,9,2,3,NA,81.9,0,-0.7,0.38,3.7,9.5,0,1,0,1,0,1,0,1,0,0,0,0,0,0,0,0,0,"0.00%",2,1,0,2,1,1,3,3,"100%",11,0,0,"0.00%","0.00%","0.00%","0.00%","0.00%","0.00%","0.00%",6,0,0,0,NA,0,0,0
"Jonnie Wiltshire","N DAKOTA",61,94.9,"A",76.1,78.8,66.8,56.5,9,5,2,NA,70.1,1,-2.7,0.35,4,0,0,2,0,3,2,2,0,0,0,1,0,0,0,0,0,0,0,"18.20%",0,1,0,5,3,1,3,2,"66.70%",8,1,1,"0.00%","0.00%","33.30%","0.00%","33.30%","40.00%","0.00%",5,0,0,0,0,0,0,0
"Dallas Johnson","N ALABAMA",82,93.07,"A",79.2,78.8,69.9,NA,4,1,0,NA,39.6,2,13.3,0.08,4,9,0,0,1,0,0,1,0,0,0,0,0,0,0,0,0,0,0,"20.00%",0,0,0,1,2,2,6,1,"14.30%",4,0,2,"0.00%","0.00%","0.00%","0.00%","28.60%","0.00%","25.00%",1,0,0,3,NA,0,0,0
"Jamaree Gibson","MAINE",54,91.7,"A",74,70.5,75.5,NA,5,0,3,NA,36.1,0,10,0.46,6.5,11.33,1,1,0,0,0,0,0,1,3,0,0,0,0,0,0,0,0,"0.00%",2,1,0,0,1,1,1,2,"66.70%",13,1,0,"0.00%","100%","33.30%","33.30%","0.00%","0.00%","0.00%",4,0,1,1,NA,0,0,0
"Spencer Davila","STHLSK",20,91.46,"A",75.8,76.2,66.7,57.7,2,1,0,NA,0,0,14,0,0,26,1,0,0,0,0,1,0,0,0,0,0,1,0,0,0,0,0,"0.00%",0,0,1,1,0,0,1,0,"0.00%",0,0,0,"0.00%","0.00%","0.00%","100%","0.00%","0.00%","0.00%",0,0,1,1,50,1,0,0
"Deliyon Freeman","N ARIZONA",58,90.95,"A",69.7,72,59.1,59.5,4,1,3,NA,5.6,1,9.1,1.14,11,3,1,2,0,0,1,1,0,0,0,1,0,0,0,0,0,0,0,"20.00%",1,1,0,1,3,2,3,3,"33.30%",33,1,1,"3.50%","0.00%","11.10%","11.10%","11.10%","50.00%","0.00%",5,0,1,4,0,0,0,1
"Justin Wimpye","AUSTINPEAY",38,90.74,"A",78.1,78.8,63.1,NA,NA,0,0,NA,0,2,6,0.71,7.5,0,1,NA,NA,NA,NA,NA,0,NA,0,NA,1,0,0,0,0,0,0,NA,NA,0,0,NA,1,1,3,2,"28.60%",15,1,2,"0.00%","0.00%","14.30%","14.30%","28.60%",NA,NA,0,0,1,1,NA,0,0,0
"Damien Henderson","HARVARD",61,90.07,"A",78.1,78.7,66.5,NA,2,1,1,NA,39.6,1,9,0,0,0,0,1,0,1,0,0,0,0,0,1,0,0,0,0,0,0,0,"0.00%",0,1,0,1,0,0,2,1,"16.70%",0,0,1,"0.00%","0.00%","0.00%","0.00%","16.70%","0.00%","0.00%",1,0,0,4,NA,0,0,0
"Braylon Vincent","LIUSHAR",60,89.45,"A",78,81.1,58.3,NA,9,2,2,NA,20.8,0,7.8,0.55,8,11,1,2,0,2,0,0,0,0,0,0,0,0,0,0,0,0,0,"0.00%",0,0,0,2,3,1,1,2,"50.00%",16,0,0,"0.00%","0.00%","0.00%","25.00%","0.00%","0.00%","0.00%",7,0,1,1,NA,0,0,0
"Cameron Anderson","Argonauts",60,89.35,"A",74.7,59.9,77.2,90.3,8,2,2,NA,116.7,0,12.3,2.8,18.7,40,0,2,0,2,0,0,0,0,0,1,0,0,1,0,0,1,1,"0.00%",0,1,2,2,2,2,1,3,"75.00%",56,2,0,"5.00%","0.00%","50.00%","0.00%","0.00%","0.00%","0.00%",3,1,0,1,25,0,0,1
"Nic Lendino","VALPO",62,89.29,"A",75.8,78.6,56.7,NA,3,1,1,NA,2.8,1,19.7,0.14,5,5.5,1,0,0,0,1,1,0,0,0,0,0,0,0,0,0,0,0,"25.00%",1,0,0,1,1,0,2,1,"33.30%",5,0,1,"0.00%","0.00%","0.00%","33.30%","33.30%","33.30%","0.00%",1,0,1,0,NA,0,0,0
"Jayden Drayton","PENN",49,89.07,"A",76.6,77.6,64.5,NA,3,1,1,NA,39.6,1,25.5,0.23,7,0,0,1,0,0,0,1,0,0,0,0,0,0,0,0,0,0,0,"0.00%",0,0,0,1,0,0,2,1,"25.00%",7,0,2,"0.00%","0.00%","0.00%","0.00%","50.00%","0.00%","0.00%",2,0,0,1,NA,0,0,0
"Sebastian Vargas","S ILLINOIS",26,87.79,"A",90.1,89.8,60.5,NA,2,0,1,NA,30.6,0,4,0.11,1,0,1,1,0,0,0,0,0,0,0,1,0,0,0,0,0,0,0,"0.00%",0,1,0,0,0,0,2,2,"66.70%",2,0,0,"0.00%","0.00%","0.00%","33.30%","0.00%","0.00%","0.00%",2,0,1,0,NA,0,0,0
"Julian Sampson","STETSON",28,87.68,"A",82.9,82.8,64.7,NA,5,1,0,NA,79.9,2,11,2.89,17.3,6,0,0,0,0,0,1,0,0,0,0,0,0,0,0,1,0,0,"0.00%",0,0,0,1,2,2,5,3,"50.00%",52,1,3,"5.60%","0.00%","16.70%","0.00%","50.00%","0.00%","0.00%",3,0,0,0,NA,0,0,1
"Brock Owen","BROWN",37,87.62,"A",74.3,72.5,72.3,56.2,6,3,3,NA,56.3,0,4.2,0.75,5,3,0,1,0,1,0,2,0,0,0,0,0,0,0,0,0,0,0,"0.00%",2,0,0,3,0,0,1,3,"50.00%",15,0,0,"0.00%","0.00%","0.00%","0.00%","0.00%","0.00%","0.00%",3,0,0,2,0,0,0,0
"Rome Jeffers","INCAR WORD",50,87,"A",72.3,66.6,80.9,60,4,2,1,NA,0,0,0,0,0,5,0,0,0,2,0,0,0,1,0,0,0,0,0,0,0,0,0,"0.00%",1,1,0,2,0,0,0,0,"0.00%",0,0,0,"0.00%","0.00%","0.00%","0.00%","0.00%","0.00%","0.00%",2,0,0,0,0,0,0,0
"Drew Cofield","UC DAVIS",58,86.97,"A",73.2,72.6,65.6,NA,3,1,2,NA,39.6,1,9.5,0.26,5,4,0,1,0,0,0,1,0,0,0,0,0,0,0,0,0,0,0,"0.00%",1,0,0,1,2,2,3,2,"20.00%",10,0,3,"0.00%","0.00%","0.00%","0.00%","30.00%","0.00%","0.00%",3,0,0,4,NA,0,0,0
"Trey Lubin","RHODE ISLD",78,86.36,"A",74.9,70,81,NA,6,2,1,NA,70.1,1,6.7,0.33,4.5,11.67,0,0,0,2,0,0,0,0,0,0,0,0,0,0,0,0,0,"0.00%",1,0,0,2,1,1,1,2,"66.70%",9,1,1,"0.00%","0.00%","33.30%","0.00%","33.30%","0.00%","0.00%",1,0,0,0,NA,0,0,0
"Ty Richardson","UC DAVIS",58,85.69,"A",72.3,70.3,73.2,NA,5,0,3,NA,56.3,1,7,0.1,4,4.5,0,2,0,0,0,0,0,0,0,0,0,0,0,0,0,0,0,"0.00%",1,0,0,0,1,1,2,1,"50.00%",4,0,1,"0.00%","0.00%","0.00%","0.00%","50.00%","0.00%","0.00%",3,0,0,0,NA,0,0,0
"Camryn Williams-Dalton","BROWN",77,84.97,"A",70.7,70.3,66.5,60,6,2,2,NA,58.8,1,10.4,0.52,5.6,8,1,1,1,0,0,2,1,0,0,0,0,0,0,0,0,0,0,"14.30%",1,0,0,2,4,4,3,5,"55.60%",28,3,1,"0.00%","0.00%","33.30%","11.10%","11.10%","0.00%","16.70%",5,0,1,2,0,0,0,0
"Chris Johnson II","MONTANA",38,84.75,"A",83.8,87.7,58.4,NA,3,0,1,NA,56.3,1,7,0.1,2,7,0,1,0,0,0,0,0,0,0,0,0,0,0,0,1,0,0,"0.00%",0,0,0,0,2,1,2,1,"50.00%",2,0,1,"0.00%","0.00%","0.00%","0.00%","50.00%","0.00%","0.00%",4,0,0,0,NA,0,0,0
"Richard McKneely","SE LA",60,84.46,"A",80.5,78.8,75.1,NA,5,2,1,NA,59.4,0,3.9,0.86,7.5,2,1,0,0,1,0,1,1,0,0,0,0,0,0,0,0,0,0,"0.00%",1,0,0,2,2,2,3,4,"50.00%",30,0,0,"2.90%","0.00%","0.00%","12.50%","0.00%","0.00%","0.00%",2,0,1,3,NA,0,0,1
"Devin Malloy","PENN",36,84.18,"A",68.6,66.4,69.3,NA,1,0,1,NA,39.6,2,14.6,0,0,1,0,0,0,0,0,0,0,0,0,0,0,0,0,0,0,0,0,"0.00%",1,0,0,0,2,2,2,0,"0.00%",0,0,2,"0.00%","0.00%","0.00%","0.00%","22.20%","0.00%","0.00%",0,0,0,4,NA,0,0,0
"D'Arius Carmouche","INCAR WORD",40,83.19,"A",84.4,84.5,64.3,NA,1,0,0,NA,39.6,1,12.8,0.32,7,0,0,0,0,0,0,0,0,0,0,0,0,0,0,0,0,0,0,"0.00%",0,0,0,0,0,0,4,1,"20.00%",7,0,1,"0.00%","0.00%","0.00%","0.00%","20.00%","0.00%","0.00%",1,0,0,3,NA,0,0,0
"Drew Faulkner","UC DAVIS",26,82.85,"A",78.5,78.4,63.9,60,2,0,0,NA,39.6,1,20.5,0,0,5,0,0,0,0,0,0,0,0,0,0,0,0,0,0,0,0,0,"0.00%",0,0,0,0,0,0,2,0,"0.00%",0,0,1,"0.00%","0.00%","0.00%","0.00%","50.00%","0.00%","0.00%",2,0,0,1,0,0,0,0
"Kaden Edwards","CHATTNOOGA",18,82.01,"A",76.9,76.2,64.9,NA,1,0,0,NA,39.6,1,8,0,0,32,0,0,0,0,0,0,0,0,0,0,0,0,0,0,0,0,0,"0.00%",0,0,0,0,0,0,1,0,"0.00%",0,0,1,"0.00%","0.00%","0.00%","0.00%","100%","0.00%","0.00%",0,0,0,0,NA,0,0,0
"J'vion Luster","WOFFORD",35,80.98,"A",73.8,74.6,63.8,NA,NA,0,0,NA,39.6,1,31,0,0,0,0,NA,NA,NA,NA,NA,0,NA,0,NA,0,0,0,0,0,0,0,NA,NA,0,0,NA,0,0,1,0,"0.00%",0,0,1,"0.00%","0.00%","0.00%","0.00%","100%",NA,NA,1,0,0,0,NA,0,0,0
"David Jones","SE MO ST",62,80.86,"A",79.1,83.3,56.3,NA,2,1,1,NA,25,1,14.6,0.35,3.7,4,1,0,2,1,1,0,0,0,0,0,0,0,0,0,0,0,0,"60.00%",1,0,0,1,3,2,3,3,"60.00%",11,0,1,"0.00%","0.00%","0.00%","20.00%","20.00%","33.30%","100%",5,0,1,0,NA,0,0,0
"Noah Taylor","PRESBYTERN",84,80.51,"A",65,61,80.3,52.1,8,1,1,NA,72.1,1,13,0.63,8,6,0,0,0,0,0,1,0,0,0,0,0,1,0,0,0,0,0,"0.00%",1,0,1,1,3,3,1,3,"60.00%",24,1,1,"2.60%","0.00%","20.00%","0.00%","20.00%","0.00%","0.00%",6,0,0,1,16.7,1,0,1
"Trevon Cannon","WM & MARY",67,80.37,"A",66.4,68.9,53.7,71.1,6,1,1,NA,39.6,1,14,0,0,26.5,0,1,1,1,1,0,0,0,0,0,0,0,0,0,0,1,1,"25.00%",0,0,1,1,3,1,1,0,"0.00%",0,0,1,"0.00%","0.00%","0.00%","0.00%","50.00%","16.70%","50.00%",3,0,0,0,100,0,0,0
"Tymir Wynn","COLGATE",59,80.15,"A",75,75.8,66.4,54.9,2,1,0,NA,45.8,1,12.5,0.5,6.3,0,0,0,0,0,0,1,0,0,0,0,0,0,0,0,0,0,0,"0.00%",0,0,0,1,1,1,3,3,"37.50%",19,0,3,"0.00%","0.00%","0.00%","0.00%","37.50%","0.00%","0.00%",1,0,0,2,0,0,0,0
"Jordan Taylor","VILLANOVA",62,79.6,"B",65.2,62.6,69.2,NA,5,2,1,NA,42.4,1,14.7,0.42,5.5,1,0,0,0,1,1,1,0,0,0,0,0,1,0,0,0,0,1,"16.70%",1,0,1,2,4,3,2,2,"33.30%",11,2,2,"0.00%","0.00%","33.30%","0.00%","33.30%","33.30%","0.00%",3,0,0,0,NA,0,0,0
"RJ Pooler","PRESBYTERN",43,79.47,"B",71.2,69.2,70.8,NA,5,0,3,NA,56.3,0,3.5,0.22,2.5,3,0,2,0,0,0,0,0,0,0,1,0,0,0,0,0,0,0,"0.00%",1,1,0,0,1,1,1,2,"50.00%",5,0,0,"0.00%","0.00%","0.00%","0.00%","0.00%","0.00%","0.00%",6,0,0,1,NA,0,0,0
"Jadyn Marshall","CAL POLY",63,79.23,"B",73.4,72.9,67.9,NA,8,2,3,NA,85.4,0,4.3,0.74,6.7,0,0,3,0,1,0,1,0,0,0,0,0,0,0,0,0,0,0,"0.00%",0,0,0,2,2,2,3,3,"75.00%",20,0,0,"0.00%","0.00%","0.00%","0.00%","0.00%","0.00%","0.00%",6,0,0,1,NA,0,0,0
"Ezra Fearon","PENN",19,79.16,"B",73.2,71,68.5,NA,5,2,1,NA,0,0,0,0,0,8,0,1,0,2,0,0,0,0,0,0,0,0,0,0,0,0,0,"0.00%",0,0,0,2,0,0,1,0,"0.00%",0,0,0,"0.00%","0.00%","0.00%","0.00%","0.00%","0.00%","0.00%",1,0,0,0,NA,0,0,0
"Drew Minich","FORDHAM",53,78.62,"B",71.4,58.1,88.7,67.9,6,0,2,NA,62.5,0,12,0.33,9,4.67,0,1,2,0,0,0,0,0,0,0,0,1,0,0,1,1,0,"25.00%",1,0,2,0,3,2,1,1,"50.00%",9,1,0,"0.00%","0.00%","50.00%","0.00%","0.00%","0.00%","40.00%",5,0,0,1,16.7,1,0,0
"D.J. Adams","CHATTNOOGA",44,78.48,"B",71,69.1,70.5,NA,3,1,1,NA,39.6,0,5,0,0,0,0,0,0,0,0,1,0,1,0,0,0,0,0,0,0,0,0,"0.00%",1,1,0,1,0,0,0,0,"0.00%",0,0,0,"0.00%","0.00%","0.00%","0.00%","0.00%","0.00%","0.00%",2,0,0,0,NA,0,0,0
"Dray Duncan","NC A&T",55,78.44,"B",72.7,68.9,79.9,NA,6,1,2,NA,101,0,7.8,1.06,8.3,3,0,1,0,0,0,1,0,1,0,0,0,0,0,0,0,0,0,"0.00%",1,1,0,1,2,2,2,4,"100%",33,2,0,"0.00%","0.00%","50.00%","0.00%","0.00%","0.00%","0.00%",5,0,0,0,NA,0,0,0
"Jaiden Allos","MERCYHURST",51,78.09,"B",63.8,57.6,80,55.6,6,2,2,NA,67.4,1,9.4,1.91,15.3,3.33,0,0,1,1,0,1,0,0,0,0,0,0,1,0,0,0,0,"14.30%",2,0,1,2,4,4,2,4,"44.40%",61,3,2,"6.30%","0.00%","33.30%","0.00%","22.20%","0.00%","33.30%",4,0,0,2,0,1,0,2
"Tywan Royal","AUSTINPEAY",34,77.89,"B",72.4,71,67.8,NA,2,0,1,NA,39.6,0,31,0,0,8,0,0,0,0,0,0,0,0,0,0,0,0,0,0,0,0,0,"0.00%",1,0,0,0,0,0,1,0,"0.00%",0,0,0,"0.00%","0.00%","0.00%","0.00%","0.00%","0.00%","0.00%",1,0,0,1,NA,0,0,0
"Nyair Domnie","NEW HAMP",23,77.84,"B",76.4,76.4,62,NA,1,0,1,NA,56.3,1,18,0.57,4,0,0,1,0,0,0,0,0,0,0,0,0,0,0,0,0,0,0,"0.00%",0,0,0,0,0,0,1,1,"50.00%",4,0,1,"0.00%","0.00%","0.00%","0.00%","50.00%","0.00%","0.00%",1,0,0,0,NA,0,0,0
"Aj Lopez","HARVARD",15,77.79,"B",74.5,73.7,60,NA,NA,0,0,NA,39.6,1,31,0,0,0,0,NA,NA,NA,NA,NA,0,NA,0,NA,0,0,0,0,0,0,0,NA,NA,0,0,NA,0,0,1,0,"0.00%",0,0,1,"0.00%","0.00%","0.00%","0.00%","50.00%",NA,NA,0,0,0,0,NA,0,0,0
"Jackson Dowd","LEHIGH",57,77.77,"B",66.9,56.1,83.9,69.3,8,3,1,NA,108.3,0,13.8,1.4,14,-2,0,0,0,3,0,0,0,1,0,0,0,0,1,0,0,0,0,"0.00%",1,1,1,3,3,3,0,3,"75.00%",42,2,0,"3.30%","0.00%","50.00%","0.00%","0.00%","0.00%","0.00%",7,0,0,1,12.5,0,0,1
"Deandre Creary","AUSTINPEAY",39,77.37,"B",69.3,67.1,72.5,58.1,2,0,1,NA,42.4,0,22,0.32,6,3,0,0,0,0,0,0,0,1,0,0,0,0,0,0,0,0,0,"0.00%",1,1,0,0,0,0,0,1,"33.30%",6,0,0,"0.00%","0.00%","0.00%","0.00%","0.00%","0.00%","0.00%",2,0,0,1,0,0,0,0
"Adonis Marshall","MERCYHURST",52,76.72,"B",71.2,70.5,63.6,NA,4,1,1,NA,39.6,0,7.5,0,0,0,0,1,0,0,0,1,0,0,0,1,0,0,0,0,0,0,0,"0.00%",0,1,0,1,1,1,2,0,"0.00%",0,0,0,"0.00%","0.00%","0.00%","0.00%","0.00%","0.00%","0.00%",3,0,0,2,NA,0,0,0
"Tareq Council","CHISTA",65,76.26,"B",66.3,67.5,60.7,NA,6,3,1,NA,39.6,0,7,0,0,30,0,1,0,2,1,1,0,0,0,0,0,0,0,0,0,0,0,"14.30%",0,0,0,3,2,1,1,0,"0.00%",0,0,0,"0.00%","0.00%","0.00%","0.00%","0.00%","20.00%","0.00%",2,0,0,2,NA,0,0,0
"Adrian Patterson","SE MO ST",51,75.14,"B",70.6,72.2,60.2,60,4,1,1,NA,42.4,0,16.7,0.33,8,-5,0,0,0,0,1,1,0,1,0,0,0,0,0,0,0,0,0,"20.00%",1,1,0,1,1,0,1,1,"33.30%",8,0,1,"0.00%","0.00%","0.00%","0.00%","33.30%","50.00%","0.00%",5,0,0,1,0,0,0,0
"Omaris McMiller Jr.","BRYANT",63,74.94,"B",68.5,71.5,64.2,NA,4,1,2,NA,87.5,1,19,1.94,33,0,1,2,1,0,0,1,1,0,0,0,0,0,0,0,0,0,0,"20.00%",0,0,0,1,3,2,4,2,"40.00%",66,2,1,"2.90%","0.00%","40.00%","20.00%","20.00%","0.00%","20.00%",4,0,1,1,NA,0,0,1
"Tristan Johnson","BUTLER",59,74.19,"B",74.5,74.4,63.4,NA,2,1,1,NA,39.6,0,5.7,0,0,0,0,1,0,0,0,1,0,0,0,0,0,0,0,0,0,0,0,"0.00%",0,0,0,1,1,1,3,0,"0.00%",0,0,0,"0.00%","0.00%","0.00%","0.00%","0.00%","0.00%","0.00%",2,0,0,3,NA,0,0,0
"Anthony Young","N ALABAMA",72,74.18,"B",69.3,66.7,74.7,NA,4,1,1,NA,107.8,2,11.4,1.12,11.8,2,0,0,1,1,0,0,1,0,0,0,0,0,0,0,0,0,0,"20.00%",1,0,0,1,4,4,2,4,"50.00%",47,2,2,"2.40%","0.00%","25.00%","0.00%","25.00%","0.00%","33.30%",5,0,0,2,NA,0,0,1
"England Allen","BUCKNELL",55,74.01,"B",72.2,67.4,71.5,61.6,5,0,1,NA,56.3,0,6.5,0.36,5,6.5,0,1,0,0,0,0,0,0,0,0,0,0,1,0,0,0,0,"0.00%",0,0,1,1,1,1,1,2,"50.00%",10,0,0,"0.00%","0.00%","0.00%","0.00%","0.00%","0.00%","0.00%",4,0,0,2,50,1,0,0
"Josh Wiggins","HOUCHR",85,73.88,"B",71.1,71.6,64.8,57.1,9,1,4,NA,95.2,0,6.7,1.07,8,0,0,4,0,0,0,1,0,0,0,0,0,0,0,0,0,0,0,"0.00%",0,0,0,1,3,3,4,6,"85.70%",48,2,0,"2.20%","0.00%","28.60%","0.00%","0.00%","0.00%","0.00%",6,0,0,0,0,0,0,1
"Brandon Webster","YALE",72,73.84,"B",70.9,74.7,52.9,59.1,0,0,0,NA,39.6,2,23.3,0,0,0,0,0,0,0,1,0,0,0,0,0,0,0,0,0,0,0,0,"100%",0,0,0,0,2,1,3,0,"0.00%",0,0,3,"0.00%","0.00%","0.00%","0.00%","75.00%","100%","0.00%",2,0,0,0,0,0,0,0
"Olatunde Mkparu","BRYANT",65,73.77,"B",69.2,65.6,77.1,NA,5,2,0,NA,50.3,0,20.7,1.15,19.5,0,0,0,0,2,0,0,0,0,0,0,0,0,0,0,0,0,0,"0.00%",0,0,0,2,2,2,2,2,"28.60%",39,1,2,"2.90%","0.00%","14.30%","0.00%","28.60%","0.00%","0.00%",2,0,0,3,NA,0,0,1
"Amari Gardner","HOLY CROSS",57,73.71,"B",77,77,63,NA,2,0,1,NA,71.5,1,7,0.56,5,0,0,1,0,0,0,0,0,0,0,0,0,0,0,0,0,0,0,"0.00%",0,0,0,0,0,0,2,4,"66.70%",20,1,1,"0.00%","0.00%","16.70%","0.00%","16.70%","0.00%","0.00%",2,0,0,1,NA,0,0,0
"Michael Bonsu","GEORGETOWN",38,73.61,"B",73.4,73.2,61.5,NA,2,0,1,NA,39.6,0,17.8,0,0,0,0,1,1,0,0,0,0,0,0,1,0,0,0,0,0,0,0,"33.30%",0,1,0,0,1,1,2,0,"0.00%",0,0,1,"0.00%","0.00%","0.00%","0.00%","25.00%","0.00%","33.30%",1,0,0,2,NA,0,0,0
"Ignatious Williams","LEHIGH",64,73.57,"B",67.6,67,64.8,NA,2,1,1,NA,47.9,1,10,0.39,7,0,0,1,0,0,0,1,0,0,0,0,0,0,0,0,0,0,0,"0.00%",0,0,0,1,2,2,2,2,"40.00%",14,1,1,"0.00%","0.00%","20.00%","0.00%","20.00%","0.00%","0.00%",1,0,0,2,NA,0,0,0
"Gavin Hagan","INDIANA ST",22,73.3,"B",75.3,72.2,63.2,70.8,3,1,1,NA,95.8,0,5,0.93,7,5,0,1,0,0,0,1,0,0,0,0,0,2,0,0,0,0,0,"0.00%",0,0,2,1,0,0,1,2,"100%",14,0,0,"0.00%","0.00%","0.00%","0.00%","0.00%","0.00%","0.00%",2,0,0,0,50,1,0,0
"Jaiydyn Johnson","STF AUSTIN",54,73.26,"B",72.1,72.1,64.1,NA,1,0,0,NA,42.4,1,14,0.3,9,0,0,0,0,0,0,0,0,0,0,0,0,0,0,0,0,0,0,"0.00%",0,0,0,0,1,1,2,1,"33.30%",9,0,2,"0.00%","0.00%","0.00%","0.00%","66.70%","0.00%","0.00%",1,0,0,0,NA,0,0,0
"Nate Olson","BUCKNELL",29,73.25,"B",77.3,78.9,62.5,58.5,2,1,0,NA,56.3,0,20,1.56,25,0,1,0,0,0,0,1,0,0,0,0,0,0,0,0,0,0,0,"0.00%",0,0,0,1,1,1,1,1,"50.00%",25,1,0,"6.30%","0.00%","50.00%","50.00%","0.00%","0.00%","0.00%",0,0,1,1,0,0,0,1
"Cam Vandible","STF AUSTIN",30,73.24,"B",71.1,73.4,61.4,58.6,2,1,0,NA,39.6,1,9,0.71,10,0,0,0,0,1,0,0,0,0,0,0,0,0,0,0,0,0,0,"0.00%",0,0,0,1,2,1,2,1,"25.00%",10,1,2,"0.00%","0.00%","25.00%","0.00%","50.00%","0.00%","0.00%",1,0,0,1,0,0,0,0
"Torian Roberts","PRINCETON",49,73.14,"B",70.2,67.1,72.3,NA,4,0,2,NA,83.3,0,-1,0.22,4,5,0,1,1,0,0,0,0,1,0,1,0,0,0,0,0,0,0,"20.00%",1,2,0,0,1,1,1,1,"100%",4,0,0,"0.00%","0.00%","0.00%","0.00%","0.00%","0.00%","33.30%",3,0,0,0,NA,0,0,0
"Makai Frisby","STF AUSTIN",37,73.06,"B",67.6,61.7,79.8,NA,3,2,1,NA,53.5,0,19.7,0.85,17,1,0,0,0,2,0,0,0,0,0,0,0,0,0,0,0,0,0,"0.00%",1,0,0,2,1,1,1,1,"33.30%",17,1,0,"5.00%","0.00%","33.30%","0.00%","0.00%","0.00%","0.00%",0,0,0,2,NA,0,0,1
"Navy Curry","N ALABAMA",17,72.81,"B",68.9,66.5,65.4,NA,1,0,0,NA,39.6,1,9.5,0,0,17,0,0,0,0,0,0,0,0,0,0,0,0,0,0,0,0,0,"0.00%",0,0,0,0,1,1,1,0,"0.00%",0,0,1,"0.00%","0.00%","0.00%","0.00%","50.00%","0.00%","0.00%",1,0,0,1,NA,0,0,0
"Nikkem Reynolds","NEWHVN",16,72.57,"B",68.9,75.7,61.4,NA,1,0,0,NA,39.6,1,4,0,0,0,0,0,0,0,0,0,0,0,0,0,0,0,0,0,0,0,0,"0.00%",0,0,0,0,1,1,1,0,"0.00%",0,0,1,"0.00%","0.00%","0.00%","0.00%","100%","0.00%","0.00%",0,0,0,0,NA,0,0,0
"Blair Schonhorst","BUTLER",38,72.33,"B",66.3,63.2,72.4,NA,2,0,1,NA,39.6,0,15,0.42,10,5,0,0,0,0,0,0,0,1,0,0,0,0,0,0,0,0,0,"0.00%",1,1,0,0,1,1,0,1,"25.00%",10,1,0,"0.00%","0.00%","25.00%","0.00%","0.00%","0.00%","0.00%",2,0,0,2,NA,0,0,0
"Jeremiah Washington","RICHMOND",44,71.89,"B",66.2,67.5,57.7,NA,5,1,1,NA,39.6,1,9.3,0.33,8,10,0,0,0,1,1,0,0,0,0,0,0,0,0,0,0,0,0,"16.70%",1,0,0,1,2,1,1,1,"25.00%",8,0,1,"0.00%","0.00%","0.00%","0.00%","25.00%","25.00%","0.00%",2,0,0,2,NA,0,0,0
"Chase Van Tol","S DAK ST",35,71.74,"B",62.9,55.2,73.7,58.4,3,0,2,NA,0,0,0,0,0,-2.33,0,0,0,0,0,0,0,1,0,0,0,0,0,0,0,0,0,"0.00%",2,1,0,0,1,1,0,0,"0.00%",0,0,0,"0.00%","0.00%","0.00%","0.00%","0.00%","0.00%","0.00%",2,0,0,0,0,0,0,0
"Zakiese Smith","INDIANA ST",20,71.67,"B",68.6,65.4,67.8,NA,1,0,1,NA,0,0,0,0,0,-3,0,0,0,0,0,0,0,1,0,0,0,0,0,0,0,0,0,"0.00%",1,1,0,0,0,0,0,0,"0.00%",0,0,0,"0.00%","0.00%","0.00%","0.00%","0.00%","0.00%","0.00%",1,0,0,0,NA,0,0,0
"RJ Stewart","S DAKOTA",80,71.59,"B",69.3,67.1,72.5,60,9,5,0,NA,109.7,0,4.3,0.26,4.5,0,0,0,0,4,0,1,1,0,0,0,0,0,0,0,0,0,0,"0.00%",0,0,0,5,1,1,0,2,"66.70%",9,1,0,"0.00%","0.00%","33.30%","0.00%","0.00%","0.00%","0.00%",4,0,0,1,0,0,0,0
"Elisha Luckett III","GARD-WEBB",19,71.4,"B",68.8,65.4,69.1,NA,3,0,2,NA,79.9,0,25,3,36,0,0,1,0,0,0,0,0,1,0,0,0,0,0,0,0,0,0,"0.00%",1,1,0,0,1,1,2,1,"33.30%",36,1,2,"8.30%","0.00%","33.30%","0.00%","66.70%","0.00%","0.00%",3,0,0,0,NA,0,0,1
"Cole Walker","WOFFORD",41,71.32,"B",63.7,57.7,71.1,NA,4,2,1,NA,56.3,0,23.5,0,0,7.5,0,0,0,2,0,0,0,0,0,0,0,0,0,0,0,0,0,"0.00%",1,0,0,2,1,1,0,1,"50.00%",0,0,0,"0.00%","0.00%","0.00%","0.00%","0.00%","0.00%","0.00%",1,0,0,1,NA,0,0,0
"Jaylen Boehm-Peterson","S DAKOTA",80,71.02,"B",65.8,68.3,57.2,60,7,4,1,NA,59,0,10.8,0.65,7.3,8,0,1,0,3,1,1,0,0,0,0,0,0,0,0,0,0,0,"12.50%",0,0,0,4,4,2,2,3,"50.00%",22,1,0,"0.00%","0.00%","16.70%","0.00%","0.00%","20.00%","0.00%",3,0,0,3,0,0,0,0
"Langston Blair","BUCKNELL",41,70.96,"B",68.3,66.2,69.4,58.7,5,0,2,NA,45.1,0,12,0.58,11,4.33,0,0,0,0,0,0,0,0,0,0,0,0,0,0,0,0,0,"0.00%",2,0,0,0,1,1,1,1,"33.30%",11,1,0,"0.00%","0.00%","33.30%","0.00%","0.00%","0.00%","0.00%",4,0,0,1,0,0,0,0
"Thio Georges","HOUCHR",98,70.86,"B",67.5,66.9,65.3,NA,4,0,2,NA,37.5,0,9,0.5,7,0,1,2,0,0,0,0,0,0,0,0,0,0,0,0,0,0,0,"0.00%",0,0,0,0,4,4,2,4,"66.70%",28,1,0,"0.00%","0.00%","16.70%","16.70%","0.00%","0.00%","0.00%",3,0,1,2,NA,0,0,0
"Nigel Gay","MERCER",46,70.67,"B",65.7,66.8,61.5,60,2,0,2,NA,0,0,0,0,0,2.5,0,0,0,0,1,0,0,1,0,0,0,0,0,0,0,0,0,"33.30%",2,1,0,0,1,0,0,0,"0.00%",0,0,0,"0.00%","0.00%","0.00%","0.00%","0.00%","33.30%","0.00%",1,0,0,0,0,0,0,0
"Shane Keyes-Wilson","MAINE",25,70.66,"B",69,64.1,70.8,58.3,2,1,1,NA,0,0,0,0,0,1,0,0,0,1,0,0,0,0,0,0,0,0,0,0,0,0,0,"0.00%",1,0,0,1,0,0,0,0,"0.00%",0,0,0,"0.00%","0.00%","0.00%","0.00%","0.00%","0.00%","0.00%",1,0,0,0,0,0,0,0
"Dre Kirton","NEWHVN",66,70.57,"B",65.5,67.3,67,NA,8,0,3,NA,87.5,0,11.3,1.02,7.3,0,0,3,0,0,0,0,0,0,0,1,0,0,0,0,0,0,0,"0.00%",0,1,0,0,5,5,3,6,"75.00%",44,3,0,"2.30%","0.00%","37.50%","0.00%","0.00%","0.00%","0.00%",7,0,0,2,NA,0,0,1
"Xavier Maple","MERRIMACK",17,70.2,"B",71.1,70.9,60.8,NA,NA,0,0,NA,39.6,1,7.5,0,0,0,0,NA,NA,NA,NA,NA,0,NA,0,NA,0,0,0,0,0,0,0,NA,NA,0,0,NA,0,0,1,0,"0.00%",0,0,1,"0.00%","0.00%","0.00%","0.00%","50.00%",NA,NA,0,0,0,1,NA,0,0,0
"Keith Moko","CENT CT ST",62,69.99,"B",71.6,69.6,71.7,NA,4,0,2,NA,93.8,0,2,0.41,6.5,-1,0,1,0,0,0,0,0,1,0,0,0,0,0,0,0,0,0,"0.00%",1,1,0,0,1,1,1,2,"100%",13,1,0,"0.00%","0.00%","50.00%","0.00%","0.00%","0.00%","0.00%",2,0,0,0,NA,0,0,0
"Colton Davis","BUCKNELL",37,69.87,"B",66.5,61.1,72.9,60,4,1,1,NA,62.5,0,10,0.75,9,0,0,0,0,1,0,0,0,1,0,0,0,0,0,0,0,0,0,"0.00%",1,1,0,1,1,1,0,1,"50.00%",9,1,0,"0.00%","0.00%","50.00%","0.00%","0.00%","0.00%","0.00%",3,0,0,1,0,0,0,0
"Brian Lloyd","GEORGETOWN",65,69.77,"B",65.2,64.3,65.6,NA,8,1,0,NA,64.6,1,9.4,0.82,10,15,0,0,0,0,0,1,0,0,0,0,0,0,0,0,0,0,0,"0.00%",0,0,0,1,4,4,1,4,"50.00%",40,3,1,"0.00%","0.00%","37.50%","0.00%","12.50%","0.00%","0.00%",5,0,0,3,NA,0,0,0
"Takai Whitmore","BUCKNELL",26,69.6,"B",69,66.9,67.2,NA,4,0,0,NA,0,0,0,0,0,26,0,0,0,0,0,0,0,0,0,0,0,0,0,0,0,0,0,"0.00%",0,0,0,0,0,0,0,0,"0.00%",0,0,0,"0.00%","0.00%","0.00%","0.00%","0.00%","0.00%","0.00%",2,0,0,0,NA,0,0,0
"Casey Etienne Jr.","PRINCETON",28,69.44,"B",69.2,67.4,67.9,NA,3,1,0,NA,0,0,0,0,0,7,0,0,0,1,0,0,0,0,0,0,0,0,0,0,0,0,0,"0.00%",0,0,0,1,0,0,0,0,"0.00%",0,0,0,"0.00%","0.00%","0.00%","0.00%","0.00%","0.00%","0.00%",2,0,0,0,NA,0,0,0
"Lamont Johnson-Burrell","INCAR WORD",40,69.34,"B",62.7,61.9,63.2,NA,4,1,0,NA,57.6,2,19,1.82,20,0,0,0,1,0,0,1,0,0,0,0,0,0,0,0,0,0,0,"20.00%",0,0,0,1,4,4,3,2,"33.30%",40,2,2,"4.50%","0.00%","33.30%","0.00%","33.30%","0.00%","20.00%",3,0,0,1,NA,0,0,1
"Jalen O'Neal","PRVIEW A&M",54,69.19,"B",66.4,69.8,49.2,NA,NA,0,0,NA,0,0,24.3,0,0,0,1,NA,NA,NA,NA,NA,0,NA,0,NA,0,0,0,0,0,0,0,NA,NA,0,0,NA,2,1,2,0,"0.00%",0,0,1,"0.00%","0.00%","0.00%","33.30%","33.30%",NA,NA,0,0,1,2,NA,0,0,0
"Noah Gibson","Argonauts",22,69.16,"B",70.2,66.6,70.6,NA,3,1,0,NA,0,0,0,0,0,0,0,0,0,1,0,0,0,0,0,0,0,0,0,0,0,0,0,"0.00%",0,0,0,1,0,0,0,0,"0.00%",0,0,0,"0.00%","0.00%","0.00%","0.00%","0.00%","0.00%","0.00%",1,0,0,0,NA,0,0,0
"Key Crowell","ILL STATE",17,68.71,"B",70.3,64.3,74.5,NA,4,0,2,NA,108.3,0,10,1.25,10,4.67,0,0,0,0,0,0,0,1,0,0,0,0,0,0,0,0,0,"0.00%",2,1,0,0,1,1,1,1,"100%",10,1,0,"0.00%","0.00%","100%","0.00%","0.00%","0.00%","0.00%",2,0,0,0,NA,0,0,0
"Takhari Carr","MONTANA ST",66,68.6,"B",73.1,73.3,64.3,NA,1,0,0,NA,94.6,1,12,1.31,17,0,1,0,0,0,0,0,1,0,0,0,0,1,0,0,0,0,1,"0.00%",0,0,1,0,3,3,2,3,"60.00%",51,3,1,"5.10%","0.00%","60.00%","20.00%","20.00%","0.00%","0.00%",1,0,1,1,NA,0,0,2
"Donny Jones","ALBANY",53,68.37,"B",73.7,76.8,62.2,NA,5,0,1,NA,79.2,0,9.5,2,15,7.67,1,0,0,0,1,0,0,0,0,0,1,0,0,0,0,0,0,"16.70%",1,0,0,0,3,2,1,2,"100%",30,1,0,"6.70%","0.00%","50.00%","50.00%","0.00%","25.00%","0.00%",3,0,1,0,NA,0,0,1
"Hysan Dalton","IDAHO",52,67.89,"B",67.7,69.8,55.9,NA,1,0,1,NA,39.6,0,20,0,0,4,0,0,0,0,0,0,0,0,0,0,0,0,0,0,0,0,0,"0.00%",1,0,0,0,2,1,2,0,"0.00%",0,0,1,"0.00%","0.00%","0.00%","0.00%","50.00%","0.00%","0.00%",1,0,0,1,NA,0,0,0
"Sean Ferguson","W GEORGIA",22,67.89,"B",68.9,67.3,65.6,NA,2,0,0,NA,0,0,0,0,0,24,0,0,0,0,0,0,0,0,0,0,0,0,0,0,0,0,0,"0.00%",0,0,0,0,0,0,0,0,"0.00%",0,0,0,"0.00%","0.00%","0.00%","0.00%","0.00%","0.00%","0.00%",2,0,0,0,NA,0,0,0
"DJ Vincent-Thomas","HARVARD",66,67.75,"B",64.7,63.6,66.3,NA,4,0,1,NA,79.2,0,40,0.95,40,4,1,0,0,0,0,0,0,0,0,0,0,0,0,0,0,0,0,"0.00%",1,0,0,0,1,1,1,1,"100%",40,1,0,"2.40%","0.00%","100%","100%","0.00%","0.00%","0.00%",5,0,1,0,NA,0,0,1
"Julio Tatis","WAGNER",64,67.63,"B",61.2,60.5,63.4,NA,8,2,4,NA,106.8,1,5.9,3.46,11.3,0,0,4,2,0,0,2,0,0,9,0,0,0,0,0,0,0,0,"20.00%",0,0,0,2,7,7,4,12,"85.70%",135,4,2,"10.30%","64.30%","28.60%","0.00%","14.30%","0.00%","20.00%",9,0,0,0,NA,0,0,4
"Jack Oliver","ILL STATE",37,67.58,"B",69.5,68.6,65.4,NA,3,1,0,NA,0,0,0,0,0,0,0,0,0,1,0,0,0,0,0,0,0,0,0,0,0,0,0,"0.00%",0,0,0,1,0,0,0,0,"0.00%",0,0,0,"0.00%","0.00%","0.00%","0.00%","0.00%","0.00%","0.00%",0,0,0,0,NA,0,0,0
"Naz Hill","S ILLINOIS",18,67.24,"B",68.6,65.3,68.1,NA,1,0,1,NA,0,0,0,0,0,1,0,0,0,0,0,0,0,0,0,0,0,0,0,0,0,0,0,"0.00%",1,0,0,0,0,0,0,0,"0.00%",0,0,0,"0.00%","0.00%","0.00%","0.00%","0.00%","0.00%","0.00%",1,0,0,0,NA,0,0,0
"Prystyn Cambre","NICHOLLS",20,67.23,"B",69,62.3,71,NA,1,0,1,NA,0,0,0,0,0,3,0,0,0,0,0,0,0,0,0,0,0,0,0,0,0,0,0,"0.00%",1,0,0,0,0,0,0,0,"0.00%",0,0,0,"0.00%","0.00%","0.00%","0.00%","0.00%","0.00%","0.00%",1,0,0,0,NA,0,0,0
"Brayden Isaiah","MAINE",51,66.48,"B",69.4,68.1,68.5,59.9,4,0,1,NA,56.3,0,4.5,0.04,1,5.5,0,1,0,0,0,0,0,0,2,0,0,0,0,0,0,0,0,"0.00%",0,0,0,0,1,1,1,1,"50.00%",1,0,0,"0.00%","100%","0.00%","0.00%","0.00%","0.00%","0.00%",3,0,0,1,0,0,0,0
"Jaelen Collins","N ARIZONA",58,66.17,"B",64.9,61.1,75.7,NA,5,0,3,NA,87.5,0,5.8,0.94,6,2,0,2,0,0,0,0,0,0,0,0,0,0,0,0,0,0,0,"0.00%",1,0,0,0,4,4,2,5,"83.30%",30,1,0,"0.00%","0.00%","16.70%","0.00%","0.00%","0.00%","0.00%",6,0,0,1,NA,0,0,0
"Jacob Black","SE LA",21,66.11,"B",76.1,75.5,60,60,1,0,1,NA,56.3,0,1.5,0.24,4,0,0,1,0,0,0,0,0,0,0,0,0,0,0,0,0,0,0,"0.00%",0,0,0,0,0,0,2,1,"50.00%",4,0,1,"0.00%","0.00%","0.00%","0.00%","50.00%","0.00%","0.00%",1,0,0,0,0,0,0,0
"Myti Johnson","W GEORGIA",29,65.45,"B",68,66.7,67.6,59.8,2,0,0,NA,0,0,0,0,0,4.5,0,0,0,0,0,0,0,0,0,0,0,0,0,0,0,0,0,"0.00%",0,0,0,0,0,0,0,0,"0.00%",0,0,0,"0.00%","0.00%","0.00%","0.00%","0.00%","0.00%","0.00%",2,0,0,0,0,0,0,0
"Anez Jordan","MERCYHURST",64,65.41,"B",73.3,72.9,65.1,NA,4,0,1,NA,79.5,0,12.6,0.68,6,0,0,1,0,0,0,0,0,0,0,0,0,0,0,0,0,0,0,"0.00%",0,0,0,0,1,1,2,5,"71.40%",30,1,0,"0.00%","0.00%","14.30%","0.00%","0.00%","0.00%","0.00%",3,0,0,1,NA,0,0,0
"A.J. Tisdell","INCAR WORD",74,65.18,"B",62.1,60.3,68.7,NA,6,0,1,NA,73.3,1,14.9,1.28,8.5,12,0,1,2,0,0,0,0,0,0,0,1,0,0,0,0,0,0,"25.00%",0,0,0,0,5,5,4,6,"60.00%",51,3,1,"0.00%","0.00%","30.00%","0.00%","10.00%","0.00%","28.60%",6,0,0,2,NA,0,0,0
"Da'Quan Gonzales","NEW HAMP",49,65.06,"B",62,64,54.9,NA,2,0,0,NA,39.6,1,21.8,0,0,7.5,0,0,0,0,1,0,0,0,0,0,0,0,0,0,0,0,0,"33.30%",0,0,0,0,3,2,2,0,"0.00%",0,0,2,"0.00%","0.00%","0.00%","0.00%","50.00%","33.30%","0.00%",3,0,0,1,NA,0,0,0
"Jakarri Martin II","NC CENT",62,65.05,"B",67.1,63.7,76.7,NA,5,2,0,NA,104.9,0,13.7,0.94,17,16,0,0,0,1,0,1,0,0,0,0,0,0,0,0,0,0,0,"0.00%",0,0,0,2,2,2,0,2,"66.70%",34,2,0,"2.80%","0.00%","66.70%","0.00%","0.00%","0.00%","0.00%",3,0,0,0,NA,0,0,1
"CJ Fraser","SE LA",80,65.01,"B",68.2,69.3,56.9,NA,4,0,1,NA,65.3,1,13.8,1.36,17,0,1,1,1,0,0,0,0,0,0,0,0,0,0,0,0,0,0,"20.00%",0,0,0,0,6,5,3,4,"66.70%",68,2,1,"4.00%","0.00%","33.30%","16.70%","16.70%","0.00%","20.00%",3,0,1,1,NA,0,0,2
"Matthias Lighten","SACR HEART",31,64.99,"B",67.4,67.1,61.9,NA,1,0,1,NA,56.3,0,23.5,0.28,5,0,0,1,0,0,0,0,0,0,0,0,0,0,0,0,0,0,0,"0.00%",0,0,0,0,0,0,0,1,"50.00%",5,0,0,"0.00%","0.00%","0.00%","0.00%","0.00%","0.00%","0.00%",2,0,0,1,NA,0,0,0
"Grant Noland","N DAKOTA",64,64.82,"B",67.5,69.3,60.6,58.5,6,0,2,NA,71.5,0,14.7,0.43,5,6,0,1,0,0,1,0,0,0,0,0,0,0,0,0,0,0,0,"14.30%",1,0,0,0,3,1,1,2,"66.70%",10,1,0,"0.00%","0.00%","33.30%","0.00%","0.00%","33.30%","0.00%",6,0,0,1,0,0,0,0
"Amari Sifford","NC CENT",59,64.58,"B",64.9,64.8,51.1,76.8,1,0,1,NA,49.6,2,8.6,0.5,8.5,0,0,1,2,0,1,0,0,0,0,0,0,0,0,0,0,1,0,"75.00%",0,0,1,0,4,3,2,2,"40.00%",17,1,2,"0.00%","0.00%","20.00%","0.00%","40.00%","100%","66.70%",4,0,0,0,100,1,0,0
"Jacoby Davis","ABILENE CH",31,64.53,"B",69.1,68.1,64.6,NA,NA,0,0,NA,85.4,1,23.5,1.05,20,0,0,NA,NA,NA,NA,NA,0,NA,0,NA,0,0,0,0,0,0,0,NA,NA,0,0,NA,1,1,1,1,"50.00%",20,1,1,"5.30%","0.00%","50.00%","0.00%","50.00%",NA,NA,1,0,0,0,NA,0,0,1
"Quincy Briggs","GEORGETOWN",56,64.23,"B",69.4,69.3,62.5,NA,4,0,1,NA,64.2,1,12.7,1.64,12.8,0,0,1,2,0,0,0,0,0,0,0,0,0,0,0,0,0,0,"33.30%",0,0,0,0,4,4,4,5,"45.50%",64,2,1,"5.10%","0.00%","18.20%","0.00%","9.10%","0.00%","33.30%",7,0,0,5,NA,0,0,2
"Michael Webb","STETSON",46,64.17,"B",60.1,60.4,58.2,NA,3,1,0,NA,63.9,1,13.7,0.97,9.7,14,0,0,0,0,0,1,0,0,0,0,1,0,0,0,0,0,0,"0.00%",0,0,0,1,4,3,1,3,"50.00%",29,2,1,"0.00%","0.00%","33.30%","0.00%","16.70%","0.00%","0.00%",2,0,0,2,NA,0,0,0
"Mekhi Toms","N IOWA",50,63.91,"B",63.7,65.3,72.8,54.6,7,1,2,NA,95.8,0,4.5,1.73,38,7,0,1,0,1,0,0,0,0,0,0,0,0,0,0,0,0,0,"0.00%",1,0,0,1,2,1,0,1,"50.00%",38,0,0,"4.50%","0.00%","0.00%","0.00%","0.00%","0.00%","0.00%",4,0,0,1,0,0,0,1
"Vance Sheppert","CAMPBELL",43,63.69,"B",63.3,61.8,60,NA,1,0,0,NA,20.8,0,13,0.67,8,0,2,0,0,0,0,0,0,0,0,0,0,0,0,0,0,0,0,"0.00%",0,0,0,0,4,4,2,3,"50.00%",24,2,0,"0.00%","0.00%","33.30%","33.30%","0.00%","0.00%","0.00%",1,0,2,2,NA,0,0,0
"Lono Solomon","PORTLAND",66,63.61,"B",58.9,76.9,29.2,59.2,10,2,4,NA,91,0,13,0.71,12,9.75,0,3,0,1,4,1,0,0,2,1,0,0,0,0,0,0,0,"28.60%",1,1,0,2,8,1,3,2,"66.70%",24,2,0,"0.00%","66.70%","66.70%","0.00%","0.00%","44.40%","0.00%",8,0,0,1,0,0,0,0
"Shareef Jackson","MERCER",19,63.59,"B",65.9,62.6,65.3,NA,1,1,0,NA,39.6,0,15,0,0,0,0,0,0,1,0,0,0,0,0,0,0,0,0,0,0,0,0,"0.00%",0,0,0,1,0,0,0,0,"0.00%",0,0,0,"0.00%","0.00%","0.00%","0.00%","0.00%","0.00%","0.00%",0,0,0,1,NA,0,0,0
"Jayden Cornelius","W CAROLINA",37,63.48,"B",65.2,63.1,68.4,NA,3,1,2,NA,95.8,0,9,0.39,4.5,9,0,1,0,1,0,0,1,0,0,0,0,0,0,0,0,0,0,"0.00%",1,0,0,1,2,2,1,2,"50.00%",9,1,0,"0.00%","0.00%","25.00%","0.00%","0.00%","0.00%","0.00%",2,0,0,2,NA,0,0,0
"JoJo Maxey-Johnson","E WASHGTON",54,63.38,"B",67.1,62.8,79.7,60,7,0,3,NA,142.9,0,9.6,1.26,11,3.75,0,1,0,0,0,0,1,0,0,0,0,0,0,0,0,0,0,"0.00%",2,0,0,0,3,3,1,4,"80.00%",44,3,0,"2.90%","0.00%","60.00%","0.00%","0.00%","0.00%","0.00%",7,0,0,1,0,0,0,1
"Jordan Holmes","DUQUESNE",19,63.32,"B",66.5,64.8,65.2,NA,1,0,0,NA,0,0,0,0,0,10,0,0,0,0,0,0,0,0,0,0,0,0,0,0,0,0,0,"0.00%",0,0,0,0,0,0,0,0,"0.00%",0,0,0,"0.00%","0.00%","0.00%","0.00%","0.00%","0.00%","0.00%",2,0,0,0,NA,0,0,0
"Tramar Gilbert","TXAMEA",52,63.15,"B",60.9,65.4,50.1,76.6,6,2,1,NA,79.2,0,-2,-0.12,-2,6.75,0,0,0,2,2,0,0,0,0,0,0,1,1,0,0,0,0,"25.00%",1,0,2,2,4,0,0,1,"100%",-2,0,0,"0.00%","0.00%","0.00%","0.00%","0.00%","25.00%","0.00%",5,0,0,0,25,2,0,0
"Tyler Gibson","CORNELL",75,62.91,"B",64.7,66,59.3,59.7,7,3,1,NA,82.4,0,12.3,1.3,7,0,0,1,1,2,1,1,0,0,0,0,0,0,0,0,0,0,0,"22.20%",0,0,0,3,4,3,2,5,"71.40%",35,0,1,"0.00%","0.00%","0.00%","0.00%","14.30%","33.30%","16.70%",6,0,0,1,0,0,0,0
"Aki Harvey","MORGAN ST",63,62.9,"B",67.9,66.1,70.7,NA,4,0,2,NA,94.3,0,13,1.17,11,1,0,1,0,0,0,0,0,0,0,0,0,0,0,0,0,0,0,"0.00%",1,0,0,0,3,3,2,5,"71.40%",55,3,0,"2.10%","0.00%","42.90%","0.00%","0.00%","0.00%","0.00%",4,0,0,2,NA,0,0,1
"Chase Arrington","CAMPBELL",19,62.58,"B",67.8,67.1,61.1,59.7,2,0,0,NA,0,0,0,0,0,6,0,0,0,0,0,0,0,0,0,0,0,0,0,0,0,0,0,"0.00%",0,0,0,0,0,0,0,0,"0.00%",0,0,0,"0.00%","0.00%","0.00%","0.00%","0.00%","0.00%","0.00%",1,0,0,0,0,0,0,0
"Hasson Manning Jr.","MONMOUTH",22,62.5,"B",65.8,64,67.7,57.1,NA,0,0,NA,39.6,0,16,0,0,0,0,NA,NA,NA,NA,NA,0,NA,0,NA,0,0,0,0,0,0,0,NA,NA,0,0,NA,0,0,0,0,"0.00%",0,0,0,"0.00%","0.00%","0.00%","0.00%","0.00%",NA,NA,0,0,0,1,0,0,0,0
"Ife Current","S DAK ST",16,61.97,"B",57.7,55.3,64.5,NA,1,0,0,NA,39.6,0,41,0,0,3,0,0,0,0,0,0,0,0,0,0,0,0,0,0,0,0,0,"0.00%",0,0,0,0,1,1,0,0,"0.00%",0,0,0,"0.00%","0.00%","0.00%","0.00%","0.00%","0.00%","0.00%",1,0,0,0,NA,0,0,0
"DaMari Smith","CENT ARK",19,61.91,"B",64.8,64.1,61.5,NA,NA,0,0,NA,39.6,0,24,0,0,0,0,NA,NA,NA,NA,NA,0,NA,0,NA,0,0,0,0,0,0,0,NA,NA,0,0,NA,0,0,0,0,"0.00%",0,0,0,"0.00%","0.00%","0.00%","0.00%","0.00%",NA,NA,0,0,0,1,NA,0,0,0
"Zyon Floyd","PORTLAND",40,61.85,"B",60.9,62.7,54.6,NA,3,1,1,NA,0,0,0,0,0,2,0,0,0,0,0,1,0,0,0,0,0,0,0,0,0,0,0,"0.00%",1,0,0,1,2,1,0,0,"0.00%",0,0,0,"0.00%","0.00%","0.00%","0.00%","0.00%","0.00%","0.00%",0,0,0,0,NA,0,0,0
"Ky'Ree Murphy","WOFFORD",23,61.59,"B",65.8,62.9,65.8,NA,1,0,0,NA,0,0,0,0,0,7,0,0,0,0,0,0,0,0,0,0,0,0,0,0,0,0,0,"0.00%",0,0,0,0,0,0,0,0,"0.00%",0,0,0,"0.00%","0.00%","0.00%","0.00%","0.00%","0.00%","0.00%",0,0,0,0,NA,0,0,0
"Jahaad Fort","N ARIZONA",45,61.57,"B",62.5,63.9,58.4,58.3,4,1,1,NA,66.7,0,8,0.46,11,4,0,0,0,0,1,1,0,1,0,0,0,0,0,0,0,0,0,"20.00%",1,1,0,1,2,1,0,1,"50.00%",11,1,0,"0.00%","0.00%","50.00%","0.00%","0.00%","33.30%","0.00%",3,0,0,1,0,0,0,0
"Javario Tinch","WOFFORD",30,61.51,"B",66.5,65.6,64.3,59.5,1,0,0,NA,0,0,0,0,0,0,0,0,0,0,0,0,0,0,0,0,0,0,0,0,0,0,0,"0.00%",0,0,0,0,0,0,0,0,"0.00%",0,0,0,"0.00%","0.00%","0.00%","0.00%","0.00%","0.00%","0.00%",0,0,0,0,0,0,0,0
"Isaac Nyenabo","W GEORGIA",26,61.07,"B",66.8,65.5,64,NA,NA,0,0,NA,0,0,0,0,0,0,0,NA,NA,NA,NA,NA,0,NA,0,NA,0,0,0,0,0,0,0,NA,NA,0,0,NA,0,0,0,0,"0.00%",0,0,0,"0.00%","0.00%","0.00%","0.00%","0.00%",NA,NA,1,0,0,0,NA,0,0,0
"Demetrius Simon","CAL POLY",34,60.98,"B",72,71.9,63.4,NA,1,0,1,NA,83.3,0,4,0.25,4,0,0,1,0,0,0,0,0,0,0,0,0,0,0,0,0,0,0,"0.00%",0,0,0,0,0,0,1,1,"100%",4,0,0,"0.00%","0.00%","0.00%","0.00%","0.00%","0.00%","0.00%",1,0,0,0,NA,0,0,0
"Joshua Narh","MORGAN ST",72,60.9,"B",77.2,81.2,51.9,57.5,2,0,0,NA,36.1,0,10.3,0.24,6.5,0,1,0,1,0,1,0,0,0,0,0,0,0,0,0,0,0,0,"50.00%",0,0,0,0,3,2,1,2,"66.70%",13,1,0,"0.00%","0.00%","33.30%","33.30%","0.00%","100%","33.30%",5,0,1,0,0,0,0,0
"Brendan Robinson","WM & MARY",49,60.75,"B",69.4,74.7,50.4,NA,2,0,1,NA,64.6,1,4,0.59,10,0,0,1,0,0,1,0,0,0,0,0,0,0,0,0,0,0,0,"33.30%",0,0,0,0,1,0,1,1,"50.00%",10,0,1,"0.00%","0.00%","0.00%","0.00%","50.00%","100%","0.00%",0,0,0,0,NA,0,0,0
"Michael Gilliam","CAMPBELL",46,60.74,"B",68.3,66.9,60,NA,2,0,1,NA,42.4,0,9.3,0.16,6,0,0,1,0,0,0,0,0,0,0,0,0,0,0,0,0,0,0,"0.00%",0,0,0,0,1,1,0,1,"33.30%",6,1,0,"0.00%","0.00%","33.30%","0.00%","0.00%","0.00%","0.00%",1,0,0,1,NA,0,0,0
"SJ Gentle","CAL POLY",31,60.65,"B",66.5,65.8,63.2,NA,NA,0,0,NA,0,0,0,0,0,0,0,NA,NA,NA,NA,NA,0,NA,0,NA,0,0,0,0,0,0,0,NA,NA,0,0,NA,0,0,0,0,"0.00%",0,0,0,"0.00%","0.00%","0.00%","0.00%","0.00%",NA,NA,0,0,0,0,NA,0,0,0
"Austin Bailey","WAGNER",40,60.65,"B",65.7,65.2,62.4,NA,5,0,3,NA,103.8,0,14.8,2.38,20.7,0,0,3,0,0,0,0,0,0,3,0,0,0,0,0,0,0,0,"0.00%",0,0,0,0,3,3,3,3,"60.00%",62,1,0,"7.70%","60.00%","20.00%","0.00%","0.00%","0.00%","0.00%",4,0,0,2,NA,0,0,2
"Jocelyn Malaska","ABILENE CH",48,60.61,"B",63.7,63,62.9,NA,1,0,0,NA,39.6,0,20,0,0,0,0,0,0,0,0,0,0,0,0,0,0,0,0,0,0,0,0,"0.00%",0,0,0,0,1,1,0,0,"0.00%",0,0,0,"0.00%","0.00%","0.00%","0.00%","0.00%","0.00%","0.00%",1,0,0,0,NA,0,0,0
"Sean Webb","NEW HAMP",63,60.59,"B",66.9,68.5,60.2,NA,5,0,2,NA,88.5,0,3,0.81,5.3,25,0,2,0,0,1,0,0,0,0,0,0,0,0,0,0,0,0,"16.70%",0,0,0,0,2,1,1,4,"100%",21,0,0,"0.00%","0.00%","0.00%","0.00%","0.00%","50.00%","0.00%",4,0,0,0,NA,0,0,0
"Jaylon Hebert","SACR HEART",53,60.28,"B",58.7,55.2,68.9,NA,2,1,1,NA,39.6,0,11.8,0.48,12,3,0,0,0,1,0,0,0,0,0,0,0,0,0,0,0,0,0,"0.00%",1,0,0,1,2,2,0,1,"25.00%",12,1,0,"0.00%","0.00%","25.00%","0.00%","0.00%","0.00%","0.00%",1,0,0,2,NA,0,0,0
"Austin-Jake Guillory","HARVARD",37,60.26,"B",66.5,66.1,62.4,NA,1,0,1,NA,0,0,0,0,0,0,0,1,1,0,0,0,0,0,0,0,0,0,0,0,0,0,0,"50.00%",0,0,0,0,1,1,1,0,"0.00%",0,0,0,"0.00%","0.00%","0.00%","0.00%","0.00%","0.00%","50.00%",2,0,0,0,NA,0,0,0
"Keon Powell","ALBANY",50,60.25,"B",69.2,68.7,65.9,NA,1,0,0,NA,46.5,0,6.3,0.8,12,0,0,0,0,0,0,0,0,0,0,0,0,0,0,0,0,0,0,"0.00%",0,0,0,0,1,1,1,1,"33.30%",12,1,1,"0.00%","0.00%","33.30%","0.00%","33.30%","0.00%","0.00%",2,0,0,0,NA,0,0,0
"Kemaury Tye","FORDHAM",53,60.06,"B",68.7,68.4,63.8,NA,3,2,0,NA,83.3,0,7.8,0.62,6,0,0,0,1,0,0,2,0,0,0,0,0,0,0,0,0,0,0,"25.00%",0,0,0,2,1,1,1,3,"75.00%",18,1,0,"3.50%","0.00%","25.00%","0.00%","0.00%","0.00%","25.00%",2,0,0,1,NA,0,0,1
"Bryson Adamoh","CENT ARK",53,59.72,"C",61.4,60.8,62.8,59.1,6,1,1,NA,105.6,0,8.3,1.22,9.3,4.5,0,0,0,0,0,1,0,1,0,0,0,0,0,0,0,0,0,"0.00%",1,1,0,1,3,2,0,3,"100%",28,2,0,"0.00%","0.00%","66.70%","0.00%","0.00%","0.00%","0.00%",5,0,0,0,0,0,0,0
"Mykhi Davis","CENT CT ST",23,59.5,"C",64.8,58.9,76.2,58.3,3,2,0,NA,87.5,0,3,0.5,5,0,0,0,0,2,0,0,0,0,0,0,0,0,0,0,0,0,0,"0.00%",0,0,0,2,1,1,0,1,"100%",5,0,0,"0.00%","0.00%","0.00%","0.00%","0.00%","0.00%","0.00%",1,0,0,0,0,0,0,0
"Daylan Pringle","MERCYHURST",64,59.44,"C",61.9,60.7,66,NA,3,0,1,NA,39.6,0,7.4,0,0,0,0,1,1,0,0,0,0,0,0,0,0,0,0,0,0,0,0,"25.00%",0,0,0,0,3,3,0,0,"0.00%",0,0,0,"0.00%","0.00%","0.00%","0.00%","0.00%","0.00%","25.00%",2,0,0,5,NA,0,0,0
"Justyn Toler","COLGATE",59,59.36,"C",72.4,72.3,62.6,NA,2,0,1,NA,64.6,0,1.4,0.33,4.7,0,0,1,1,0,0,0,0,0,0,0,0,0,0,0,0,0,0,"33.30%",0,0,0,0,1,1,2,3,"60.00%",14,1,0,"0.00%","0.00%","20.00%","0.00%","0.00%","0.00%","33.30%",3,0,0,2,NA,0,0,0
"Terrell Poyser","W CAROLINA",16,59.36,"C",71.5,71,61.1,NA,NA,0,0,NA,39.6,0,-5,0,0,0,0,NA,NA,NA,NA,NA,0,NA,0,NA,0,0,0,0,0,0,0,NA,NA,0,0,NA,0,0,1,0,"0.00%",0,0,0,"0.00%","0.00%","0.00%","0.00%","0.00%",NA,NA,0,0,0,1,NA,0,0,0
"Sir Christian Johnson","CENT ARK",59,59.34,"C",63.7,73.4,43.4,NA,3,1,1,NA,56.3,0,10.5,0.09,3,22,0,1,0,0,2,1,0,0,0,0,0,0,0,0,0,0,0,"40.00%",0,0,0,1,4,1,3,1,"50.00%",3,0,1,"0.00%","0.00%","0.00%","0.00%","50.00%","66.70%","0.00%",1,0,0,0,NA,0,0,0
"Justin Ferguson","MERCER",24,59.18,"C",65.1,64.2,62.5,NA,NA,0,0,NA,0,0,0,0,0,0,0,NA,NA,NA,NA,NA,0,NA,0,NA,0,0,0,0,0,0,0,NA,NA,0,0,NA,0,0,0,0,"0.00%",0,0,0,"0.00%","0.00%","0.00%","0.00%","0.00%",NA,NA,0,0,0,0,NA,0,0,0
"Derrick Thomasn Jr.","DELWARE ST",18,59.14,"C",65.3,64.5,62,NA,NA,0,0,NA,0,0,0,0,0,0,0,NA,NA,NA,NA,NA,0,NA,0,NA,0,0,0,0,0,0,0,NA,NA,0,0,NA,0,0,0,0,"0.00%",0,0,0,"0.00%","0.00%","0.00%","0.00%","0.00%",NA,NA,0,0,0,0,NA,0,0,0
"Malik Baker","SE MO ST",21,58.92,"C",55.6,52.7,64.8,NA,1,0,0,NA,39.6,0,13,0,0,43,0,0,0,0,0,0,0,0,0,0,0,0,0,0,0,0,0,"0.00%",0,0,0,0,1,1,0,0,"0.00%",0,0,0,"0.00%","0.00%","0.00%","0.00%","0.00%","0.00%","0.00%",0,0,0,0,NA,0,0,0
"Chauncey Davis","STF AUSTIN",16,58.85,"C",65.9,65.5,60,NA,NA,0,0,NA,0,0,0,0,0,0,0,NA,NA,NA,NA,NA,0,NA,0,NA,0,0,0,0,0,0,0,NA,NA,0,0,NA,0,0,0,0,"0.00%",0,0,0,"0.00%","0.00%","0.00%","0.00%","0.00%",NA,NA,0,0,0,0,NA,0,0,0
"Roderick Webb","Argonauts",61,58.83,"C",68.9,68.6,65.3,NA,2,1,1,NA,95.8,0,23.5,1.88,49,0,0,1,1,0,0,1,0,0,0,0,0,0,0,0,0,0,0,"33.30%",0,0,0,1,2,2,3,1,"50.00%",49,0,0,"3.90%","0.00%","0.00%","0.00%","0.00%","0.00%","33.30%",2,0,0,1,NA,0,0,1
"Kenny Selby","SACR HEART",56,58.65,"C",68.4,71.5,53.2,NA,2,1,0,NA,64.6,0,35.3,0.93,25,0,0,0,0,1,1,0,0,0,0,0,0,0,0,0,0,0,0,"33.30%",0,0,0,1,1,0,1,1,"33.30%",25,1,0,"3.70%","0.00%","33.30%","0.00%","0.00%","50.00%","0.00%",2,0,0,1,NA,0,0,1
"Bertin Placide","MERRIMACK",48,58.6,"C",66.6,63.7,73.2,NA,8,0,1,NA,95.8,0,5.5,1.45,8.4,1,0,0,1,0,0,0,0,0,0,0,0,0,0,0,0,0,0,"11.10%",1,0,0,0,2,2,0,5,"83.30%",42,1,0,"0.00%","0.00%","16.70%","0.00%","0.00%","0.00%","12.50%",6,0,0,1,NA,0,0,0
"Jerry Allen III","IDAHO",30,58.6,"C",66.6,59.8,76.1,NA,5,2,2,NA,149.3,0,8,3.75,22.5,6.5,0,1,0,2,0,0,1,0,0,0,0,0,0,0,0,0,0,"0.00%",1,0,0,2,1,1,0,2,"66.70%",45,1,0,"8.30%","0.00%","33.30%","0.00%","0.00%","0.00%","0.00%",4,0,0,1,NA,0,0,1
"Tyler Bannon","STHLSK",43,58.31,"C",59.4,57.1,65,58.3,3,0,2,NA,42.4,0,4,0.45,9,1,0,1,0,0,0,0,0,0,0,0,0,0,0,0,0,0,0,"0.00%",1,0,0,0,3,2,0,1,"33.30%",9,1,0,"0.00%","0.00%","33.30%","0.00%","0.00%","0.00%","0.00%",4,0,0,2,0,0,0,0
"Zach Coleman","INDIANA ST",15,58.28,"C",65.2,64.7,60,NA,NA,0,0,NA,0,0,0,0,0,0,0,NA,NA,NA,NA,NA,0,NA,0,NA,0,0,0,0,0,0,0,NA,NA,0,0,NA,0,0,0,0,"0.00%",0,0,0,"0.00%","0.00%","0.00%","0.00%","0.00%",NA,NA,0,0,0,0,NA,0,0,0
"Zayd Rogan","WOFFORD",17,58.09,"C",64.1,62.6,62.5,NA,NA,0,0,NA,0,0,0,0,0,0,0,NA,NA,NA,NA,NA,0,NA,0,NA,0,0,0,0,0,0,0,NA,NA,0,0,NA,0,0,0,0,"0.00%",0,0,0,"0.00%","0.00%","0.00%","0.00%","0.00%",NA,NA,0,0,0,0,NA,0,0,0
"Marseille Taylor","W CAROLINA",16,57.88,"C",66.5,66,60.1,NA,NA,0,0,NA,39.6,0,6,0,0,0,0,NA,NA,NA,NA,NA,0,NA,0,NA,0,0,0,0,0,0,0,NA,NA,0,0,NA,0,0,0,0,"0.00%",0,0,0,"0.00%","0.00%","0.00%","0.00%","0.00%",NA,NA,0,0,0,1,NA,0,0,0
"Sabin McLaughlin","GARD-WEBB",19,57.76,"C",69.9,70.7,61,57.8,1,1,0,NA,79.2,0,-2,0.2,2,0,0,0,0,0,0,1,0,0,0,0,0,0,0,0,0,0,0,"0.00%",0,0,0,1,0,0,1,1,"100%",2,0,0,"0.00%","0.00%","0.00%","0.00%","0.00%","0.00%","0.00%",0,0,0,0,0,0,0,0
"Trenton Bell","GARD-WEBB",29,57.42,"C",63.9,66.5,53.2,NA,2,0,1,NA,0,0,0,0,0,2,0,0,0,0,1,0,0,0,0,0,0,0,0,0,0,0,0,"33.30%",1,0,0,0,1,0,0,0,"0.00%",0,0,0,"0.00%","0.00%","0.00%","0.00%","0.00%","50.00%","0.00%",3,0,0,0,NA,0,0,0
"Taylor Smallwood","GARD-WEBB",29,57.21,"C",64.1,61.2,67.3,NA,3,2,1,NA,118.8,0,34,2.33,35,0,0,0,0,2,0,0,0,0,0,0,0,0,0,0,0,0,0,"0.00%",0,0,0,2,1,1,0,1,"100%",35,1,0,"6.70%","0.00%","100%","0.00%","0.00%","0.00%","0.00%",4,0,0,0,NA,0,0,1
"Jai Trawick","TXAMEA",16,57.16,"C",63.1,62.3,61,60,NA,0,0,NA,0,0,0,0,0,0,0,NA,NA,NA,NA,NA,0,NA,0,NA,0,0,0,0,0,0,0,NA,NA,0,0,NA,0,0,0,0,"0.00%",0,0,0,"0.00%","0.00%","0.00%","0.00%","0.00%",NA,NA,0,0,0,0,0,0,0,0
"Kyree Richardson","RICHMOND",38,57.14,"C",59.8,58,65,NA,2,0,1,NA,56.3,0,16.5,0.69,5.5,0,0,1,0,0,0,0,0,0,0,0,0,0,0,0,0,0,0,"0.00%",0,0,0,0,2,2,1,2,"50.00%",11,1,0,"0.00%","0.00%","25.00%","0.00%","0.00%","0.00%","0.00%",2,0,0,2,NA,0,0,0
"Brady Beaner","MONTANA",37,57.12,"C",67.2,66.8,60.8,NA,2,0,1,NA,149.3,1,28.7,1.52,22,0,0,1,0,0,0,0,1,0,0,0,0,0,0,0,0,0,0,"0.00%",0,0,0,0,2,2,1,2,"66.70%",44,2,1,"6.90%","0.00%","66.70%","0.00%","33.30%","0.00%","0.00%",2,0,0,0,NA,0,0,2
"DJ Brown","LEHIGH",64,57.02,"C",59.8,56.7,69.3,NA,3,0,0,NA,82.4,1,19,3.67,26.4,3,1,0,0,0,0,0,1,0,0,0,0,0,0,0,0,0,0,"0.00%",0,0,0,0,5,5,3,5,"45.50%",132,4,2,"11.10%","0.00%","36.40%","9.10%","18.20%","0.00%","0.00%",5,0,1,4,NA,0,0,4
"Nick McGill","PRESBYTERN",63,56.94,"C",65.1,64.7,63.4,NA,4,2,1,NA,118.8,0,12,1.73,17.3,0,0,1,0,1,0,1,0,0,0,0,0,0,0,0,0,0,0,"0.00%",0,0,0,2,2,1,0,3,"100%",52,1,0,"3.30%","0.00%","33.30%","0.00%","0.00%","0.00%","0.00%",1,0,0,0,NA,0,0,1
"Myles Green","S DAK ST",46,56.72,"C",68.8,72.5,44.9,NA,2,0,0,NA,42.4,0,11,0.18,6,0,0,0,0,0,0,0,0,0,0,0,0,0,0,0,0,0,0,"0.00%",0,0,0,0,1,0,1,1,"33.30%",6,0,1,"0.00%","0.00%","0.00%","0.00%","33.30%","0.00%","0.00%",2,0,0,1,NA,0,0,0
"Gavin Harris","CAMPBELL",26,56.53,"C",66,63.9,66.8,60,5,0,2,NA,109.7,0,6.7,1.48,10.3,1,0,1,0,0,0,0,0,0,0,0,0,0,0,0,0,0,0,"0.00%",1,0,0,0,2,2,1,3,"100%",31,2,0,"4.80%","0.00%","66.70%","0.00%","0.00%","0.00%","0.00%",4,0,0,0,0,0,0,1
"David Williams","GARD-WEBB",40,56.34,"C",67.3,66.7,63.6,NA,NA,0,0,NA,58.3,0,6,0.33,7,0,0,NA,NA,NA,NA,NA,0,NA,0,NA,0,0,0,0,0,0,0,NA,NA,0,0,NA,0,0,0,1,"50.00%",7,0,0,"0.00%","0.00%","0.00%","0.00%","0.00%",NA,NA,0,0,0,0,NA,0,0,0
"Adrian Weather","STHLSK",17,56.13,"C",64.7,63.7,62.1,NA,1,0,1,NA,87.5,0,4,1.25,5,0,0,1,0,0,0,0,0,0,0,1,0,0,0,0,0,0,0,"0.00%",0,1,0,0,1,1,1,2,"100%",10,1,0,"0.00%","0.00%","50.00%","0.00%","0.00%","0.00%","0.00%",2,0,0,0,NA,0,0,0
"Jahyden Clark","STETSON",70,55.9,"C",62.6,64.7,53.3,NA,5,2,0,NA,47.9,0,11.4,0.22,5,0,0,0,0,2,1,0,0,0,0,0,0,0,0,0,0,0,0,"16.70%",0,0,0,2,5,2,0,2,"40.00%",10,1,0,"0.00%","0.00%","20.00%","0.00%","0.00%","33.30%","0.00%",2,0,0,3,NA,0,0,0
"A'Khoury Lyde","Argonauts",43,55.75,"C",61.7,59.3,66.3,60,2,0,1,NA,56.3,0,7.5,0.12,2,9,0,1,1,0,0,0,0,0,0,0,0,0,0,0,0,0,0,"33.30%",0,0,0,0,2,2,1,1,"50.00%",2,0,0,"0.00%","0.00%","0.00%","0.00%","0.00%","0.00%","50.00%",1,0,0,1,0,0,0,0
"Andre Jackson Jr.","W CAROLINA",36,55.29,"C",66.1,63.4,69.8,NA,2,0,1,NA,118.8,0,14,0.62,13,1,0,0,0,0,0,0,0,0,0,0,0,0,0,0,0,0,0,"0.00%",1,0,0,0,1,1,0,1,"100%",13,1,0,"0.00%","0.00%","100%","0.00%","0.00%","0.00%","0.00%",2,0,0,0,NA,0,0,0
"Xavier Cannaday","LIUSHAR",60,55.24,"C",68.8,70.1,58.2,NA,3,0,1,NA,116.7,1,12.5,1.76,17,0,0,1,0,0,1,0,0,0,0,0,0,0,0,0,0,0,0,"25.00%",0,0,0,0,3,2,2,3,"75.00%",51,2,1,"6.90%","0.00%","50.00%","0.00%","25.00%","100%","0.00%",5,0,0,0,NA,0,0,2
"Tymaries Durant","PRESBYTERN",66,55.14,"C",59.3,55.2,43.9,88.4,5,1,3,NA,94.6,0,1.4,1.81,7.8,2,0,2,1,0,0,1,0,0,0,0,0,1,0,0,1,1,1,"16.70%",1,0,2,1,9,4,1,6,"85.70%",47,4,0,"0.00%","0.00%","57.10%","0.00%","0.00%","0.00%","20.00%",6,0,0,1,16.7,1,0,0
"Cap Davis","BROWN",64,54.6,"C",57.7,59.7,47.5,NA,4,1,0,NA,75,1,33.5,0.33,15,0,0,0,0,0,1,1,0,0,0,0,0,0,0,0,0,0,0,"20.00%",0,0,0,1,5,4,1,1,"50.00%",15,1,1,"2.20%","0.00%","50.00%","0.00%","50.00%","100%","0.00%",3,0,0,1,NA,0,0,1
"Joshua Crawford","MURRAY ST",16,54.05,"C",55,62.5,51.1,NA,1,1,0,NA,0,0,0,0,0,0,0,0,0,1,0,0,0,0,0,0,0,0,0,0,0,0,0,"0.00%",0,0,0,1,1,0,0,0,"0.00%",0,0,0,"0.00%","0.00%","0.00%","0.00%","0.00%","0.00%","0.00%",0,0,0,0,NA,0,0,0
"Caleb Taylor","YNGTOWN ST",22,53.9,"C",51.9,63,43.7,59.2,NA,0,0,NA,39.6,0,37,0,0,0,0,NA,NA,NA,NA,NA,0,NA,0,NA,0,0,0,0,0,0,0,NA,NA,0,0,NA,2,0,0,0,"0.00%",0,0,0,"0.00%","0.00%","0.00%","0.00%","0.00%",NA,NA,0,0,0,1,0,0,0,0
"Noah St-Juste","S DAK ST",52,53.86,"C",63.9,63.4,62.3,NA,4,0,2,NA,118.8,0,17.6,1.89,16.5,0,0,2,0,0,0,0,0,0,0,0,0,0,0,0,0,0,0,"0.00%",0,0,0,0,3,3,2,4,"80.00%",66,2,0,"2.90%","0.00%","40.00%","0.00%","0.00%","0.00%","0.00%",3,0,0,0,NA,0,0,1
"Sage Salopek","MONTANA",50,53.52,"C",63.3,62.5,63.6,NA,4,1,0,NA,144.4,1,21.8,2.34,17,0,0,0,0,0,0,1,1,0,0,0,0,0,0,0,0,0,0,"0.00%",0,0,0,1,3,3,2,4,"66.70%",68,4,1,"10.30%","0.00%","66.70%","0.00%","16.70%","0.00%","0.00%",3,0,0,1,NA,0,0,3
"Chase Fountain","HOLY CROSS",62,53.45,"C",64.1,63.4,63.4,NA,6,0,2,NA,99.2,0,9.4,2.27,13.3,0,0,2,1,0,0,0,0,0,0,0,0,0,0,0,0,0,0,"14.30%",0,0,0,0,3,3,2,7,"70.00%",93,2,0,"4.90%","0.00%","20.00%","0.00%","0.00%","0.00%","14.30%",6,0,0,3,NA,0,0,2
"Jakobie Anderson","ALCORN ST",64,53.42,"C",58.9,56.5,68,NA,4,1,1,NA,74.7,0,7.1,1.27,10.5,0,0,1,2,1,0,0,0,0,0,1,0,0,0,0,0,0,0,"33.30%",0,1,0,1,7,6,3,4,"57.10%",42,3,1,"3.00%","0.00%","42.90%","0.00%","14.30%","0.00%","40.00%",5,0,0,1,NA,0,0,1
"Anthony Walk Jr.","INDIANA ST",32,53.33,"C",62.8,61.7,64,NA,3,0,1,NA,118.8,0,22,1.12,28,18,0,1,0,0,0,0,0,0,0,0,0,0,0,0,0,0,0,"0.00%",0,0,0,0,1,1,0,1,"100%",28,1,0,"4.00%","0.00%","100%","0.00%","0.00%","0.00%","0.00%",2,0,0,0,NA,0,0,1
"Juice Ricks","MERRIMACK",39,53.14,"C",54.7,53,65.1,NA,3,0,0,NA,76.3,1,19.4,1.81,24.5,0,0,0,0,0,0,0,0,0,0,0,0,0,0,0,0,0,0,"0.00%",0,0,0,0,5,5,2,2,"40.00%",49,1,1,"3.70%","0.00%","20.00%","0.00%","20.00%","0.00%","0.00%",3,0,0,2,NA,0,0,1
"X'Avion Brice","TXAMEA",37,52.83,"C",55.1,56.9,53.3,NA,2,1,1,NA,39.6,0,11.3,0,0,1,0,0,0,1,1,0,0,0,0,0,0,0,0,0,0,0,0,"33.30%",1,0,0,1,3,1,0,0,"0.00%",0,0,0,"0.00%","0.00%","0.00%","0.00%","0.00%","33.30%","0.00%",2,0,0,2,NA,0,0,0
"Tycorien Gist","NC A&T",57,52.72,"C",66.2,63.8,71.7,NA,2,0,0,NA,118.8,0,10,1.16,18.5,0,0,0,0,0,0,0,0,0,0,0,0,0,0,0,1,0,0,"0.00%",0,0,0,0,2,2,1,2,"100%",37,0,0,"3.10%","0.00%","0.00%","0.00%","0.00%","0.00%","0.00%",1,0,0,0,NA,0,0,1
"Da'Sean Anderson","MERCYHURST",15,52.69,"C",52,43.4,68.6,NA,2,1,0,NA,0,0,0,0,0,10,0,0,0,1,0,0,0,0,0,0,0,0,0,0,0,0,0,"0.00%",0,0,0,1,1,1,0,0,"0.00%",0,0,0,"0.00%","0.00%","0.00%","0.00%","0.00%","0.00%","0.00%",1,0,0,0,NA,0,0,0
"Ambrose Marsh","E WASHGTON",56,52.6,"C",65.4,65.1,62.9,59.3,7,1,0,NA,143.8,0,9,1.29,11.3,0,0,0,0,0,0,1,1,0,0,0,0,1,0,0,0,0,0,"0.00%",0,0,1,1,3,3,1,4,"80.00%",45,3,1,"2.90%","0.00%","60.00%","0.00%","20.00%","0.00%","0.00%",6,0,0,0,16.7,1,0,1
"Cameron Williams","NC CENT",35,52.59,"C",64.9,67,57.7,60,3,0,0,NA,56.3,0,-1,0.29,5,12,0,0,0,0,1,0,0,0,0,0,0,0,0,0,0,0,0,"25.00%",0,0,0,0,1,0,0,1,"50.00%",5,0,0,"0.00%","0.00%","0.00%","0.00%","0.00%","50.00%","0.00%",3,0,0,1,0,0,0,0
"Mark Arthur","WOFFORD",23,52.48,"C",56.6,63.7,50.8,NA,1,0,0,NA,0,0,0,0,0,0,0,0,0,0,0,0,0,0,0,0,0,0,0,0,0,0,0,"0.00%",0,0,0,0,1,0,0,0,"0.00%",0,0,0,"0.00%","0.00%","0.00%","0.00%","0.00%","0.00%","0.00%",1,0,0,0,NA,0,0,0
"Davonta Morgan Collins","STF AUSTIN",39,51.91,"C",62,60,66.2,NA,2,0,0,NA,74,0,9.3,1.53,14.5,9,0,0,0,0,0,0,0,0,0,0,0,0,0,0,0,0,0,"0.00%",0,0,0,0,2,2,1,2,"50.00%",29,2,1,"5.30%","0.00%","50.00%","0.00%","25.00%","0.00%","0.00%",2,0,0,1,NA,0,0,1
"Darius Wise Jr.","CORNELL",51,51.87,"C",63.1,61.1,66.9,NA,4,1,2,NA,143.8,0,11.6,5.11,32.3,0,0,2,1,1,0,0,1,0,0,1,0,0,0,0,0,0,0,"20.00%",0,1,0,1,1,1,2,3,"60.00%",97,1,0,"5.30%","0.00%","20.00%","0.00%","0.00%","0.00%","25.00%",3,0,0,2,NA,0,0,1
"Cameron Goggins","MERCER",52,51.84,"C",65.1,68.2,55.4,NA,4,0,2,NA,118.8,0,12.5,1.3,13,4,0,1,0,0,1,0,0,0,0,0,0,0,0,0,0,0,0,"20.00%",1,0,0,0,2,1,1,2,"100%",26,1,0,"5.00%","0.00%","50.00%","0.00%","0.00%","50.00%","0.00%",3,0,0,0,NA,0,0,1
"Xavian Andrews","INDIANA ST",40,51.52,"C",60.2,57.2,63.2,70.3,4,0,2,NA,138.9,0,8.7,1.74,9.4,0,0,2,0,0,0,0,1,0,0,0,0,0,0,0,0,1,0,"0.00%",0,0,1,0,3,3,1,5,"83.30%",47,2,0,"0.00%","0.00%","33.30%","0.00%","0.00%","0.00%","0.00%",5,0,0,1,100,0,0,0
"James Monds III","DUQUESNE",52,51.4,"C",59.1,55.7,70.6,NA,9,2,2,NA,156.3,0,11.4,2.22,12,4,0,2,1,2,0,0,1,0,3,0,0,0,0,0,0,0,0,"10.00%",0,0,0,2,4,4,1,5,"100%",60,3,0,"3.70%","60.00%","60.00%","0.00%","0.00%","0.00%","14.30%",6,0,0,0,NA,0,0,1
"LaMarion Pierce","TENN MARTN",34,51.3,"C",55.1,50.7,65.9,NA,1,0,1,NA,42.4,0,19.3,0.45,5,4,0,0,1,0,0,0,0,0,0,0,0,0,0,0,0,0,0,"50.00%",1,0,0,0,2,2,0,1,"33.30%",5,0,0,"0.00%","0.00%","0.00%","0.00%","0.00%","0.00%","100%",2,0,0,2,NA,0,0,0
"Avery Scott","N DAKOTA",25,51.23,"C",54.4,49.2,67.2,NA,3,0,1,NA,109.7,0,12,0.44,2,10,0,1,0,0,0,0,1,0,0,1,0,0,0,0,0,0,0,"0.00%",0,1,0,0,3,3,1,2,"66.70%",4,1,1,"0.00%","0.00%","33.30%","0.00%","33.30%","0.00%","0.00%",2,0,0,0,NA,0,0,0
"Fredd Adams","TARLETON",67,51.12,"C",63.2,63.6,59.1,NA,2,0,0,NA,100.7,1,13.7,0.68,8.3,7,0,0,1,0,1,0,1,0,0,0,0,0,0,1,0,0,0,"50.00%",0,0,0,0,5,3,1,3,"50.00%",25,1,1,"0.00%","0.00%","16.70%","0.00%","16.70%","50.00%","50.00%",4,0,0,2,NA,0,0,0
"Nijrell Eason II","N ARIZONA",27,51.07,"C",55.1,65.3,36.2,60,2,1,1,NA,39.6,0,4,0,0,3,0,0,0,1,0,0,0,0,0,0,0,0,0,0,0,0,0,"0.00%",1,0,0,1,2,0,0,0,"0.00%",0,0,0,"0.00%","0.00%","0.00%","0.00%","0.00%","0.00%","0.00%",1,0,0,1,0,0,0,0
"AJ Schwartz","PRINCETON",20,51.05,"C",62,59.8,63.7,NA,3,1,1,NA,95.8,0,-1,0.7,7,14,0,1,1,0,0,1,0,0,0,0,0,0,0,0,0,0,0,"25.00%",0,0,0,1,1,1,0,1,"100%",7,1,0,"0.00%","0.00%","100%","0.00%","0.00%","0.00%","33.30%",2,0,0,0,NA,0,0,0
"Kareem Hector","STNY BROOK",50,51,"C",65.5,64,67.3,NA,1,0,0,NA,70.8,0,6.5,0.7,10.5,0,1,0,2,0,0,0,0,0,0,0,0,0,0,0,0,0,0,"66.70%",0,0,0,0,2,2,1,2,"100%",21,2,0,"0.00%","0.00%","100%","50.00%","0.00%","0.00%","66.70%",3,0,1,0,NA,0,0,0
"Brent Barnes","ALCORN ST",55,50.91,"C",63.9,66.9,53.8,60,2,1,1,NA,56.3,0,-1,0.03,1,0,0,1,1,1,1,0,0,0,0,0,0,0,0,0,0,0,0,"50.00%",0,0,0,1,3,1,1,1,"50.00%",1,0,0,"0.00%","0.00%","0.00%","0.00%","0.00%","50.00%","50.00%",2,0,0,1,0,0,0,0
"Remington Moss","ELON",48,50.86,"C",67.9,67.6,63.8,NA,1,0,1,NA,120.8,0,2,0.26,3.5,0,0,1,0,0,0,0,1,0,0,0,0,0,0,0,0,0,0,"0.00%",0,0,0,0,1,1,1,2,"100%",7,1,0,"0.00%","0.00%","50.00%","0.00%","0.00%","0.00%","0.00%",1,0,0,0,NA,0,0,0
"DaMari Washington","PORTLAND",49,50.82,"C",47.2,46.2,67.5,NA,6,3,0,NA,116.7,1,15.7,2.19,11.5,0,0,0,0,3,0,0,1,0,2,0,0,0,0,0,0,0,0,"0.00%",0,0,0,3,7,6,1,4,"57.10%",46,3,1,"4.80%","28.60%","42.90%","0.00%","14.30%","0.00%","0.00%",3,0,0,2,NA,0,0,1
"CJ Davis","INDIANA ST",23,50.51,"C",60.9,61.3,60,57.4,1,0,1,NA,77.1,0,14.5,1,16,0,0,1,1,0,0,0,0,0,0,0,0,1,0,0,0,0,0,"50.00%",0,0,1,0,2,2,1,1,"50.00%",16,1,0,"6.30%","0.00%","50.00%","0.00%","0.00%","0.00%","50.00%",1,0,0,1,0,1,0,1
"Keyshawn Jackson","CHATTNOOGA",38,50.45,"C",61.5,60.9,62,NA,2,0,1,NA,118.8,1,22,3,75,0,0,1,0,0,0,0,1,0,0,0,0,0,0,0,0,0,0,"0.00%",0,0,0,0,1,1,1,1,"25.00%",75,1,1,"4.00%","0.00%","25.00%","0.00%","25.00%","0.00%","0.00%",2,0,0,1,NA,0,0,1
"O.C. Nurse","VALPO",52,50.44,"C",60.7,63.2,51.1,59.3,1,0,0,NA,64.6,1,14.3,0.71,10,0,0,0,1,0,0,0,0,0,0,0,0,0,0,0,0,0,0,"50.00%",0,0,0,0,3,2,1,2,"50.00%",20,1,1,"3.60%","0.00%","25.00%","0.00%","25.00%","0.00%","50.00%",2,0,0,0,0,0,0,1
"Charles Barkley-Smith","YALE",72,50.13,"C",57.7,57,73.4,NA,3,0,2,NA,149.3,0,17.7,1.37,29.5,22,0,1,0,0,0,0,2,0,0,0,0,0,0,0,0,0,0,"0.00%",1,0,0,0,3,3,1,2,"66.70%",59,2,0,"4.70%","0.00%","66.70%","0.00%","0.00%","0.00%","0.00%",2,0,0,1,NA,0,0,2
"Amari McGill","MURRAY ST",40,50.13,"C",57.7,55.1,68,NA,4,1,0,NA,94.8,0,5.5,1.26,9.7,8,0,0,0,1,0,0,0,0,3,0,0,0,0,0,0,0,0,"0.00%",0,0,0,1,4,4,1,3,"75.00%",29,2,1,"0.00%","75.00%","50.00%","0.00%","25.00%","0.00%","0.00%",5,0,0,0,NA,0,0,0
"Jeremiah Jimoh","UTAHTC",55,50.05,"C",64.2,62.8,65.8,NA,2,1,0,NA,109.7,0,8.7,2.07,28,0,0,0,0,0,0,1,0,0,0,0,0,0,0,0,0,0,0,"0.00%",0,0,0,1,1,1,0,2,"66.70%",56,1,0,"3.70%","0.00%","33.30%","0.00%","0.00%","0.00%","0.00%",1,0,0,1,NA,0,0,1
"Jeremiah Brown","UC DAVIS",28,49.69,"C",64.6,63.1,60,58,2,0,0,NA,70.1,0,1.7,0.42,4,0,0,0,0,0,0,0,0,0,0,0,0,0,0,0,0,0,0,"0.00%",0,0,0,0,1,1,0,2,"66.70%",8,1,0,"0.00%","0.00%","33.30%","0.00%","0.00%","0.00%","0.00%",1,0,0,1,0,0,0,0
"Zavian Dilworth","NICHOLLS",23,49.65,"C",57.8,57.4,60.3,NA,5,1,0,NA,95.8,0,36,3.31,53,0,0,0,0,0,0,1,0,0,1,0,0,0,0,0,0,0,0,"0.00%",0,0,0,1,2,2,0,1,"50.00%",53,1,0,"6.30%","50.00%","50.00%","0.00%","0.00%","0.00%","0.00%",4,0,0,1,NA,0,0,1
"Gary Bailey Jr.","NICHOLLS",44,49.63,"C",55.6,54,65.7,60,2,0,0,NA,81.9,0,40.3,1.46,38,18,0,0,1,0,0,0,0,0,0,0,0,0,0,0,0,0,0,"33.30%",0,0,0,0,3,3,0,1,"33.30%",38,1,0,"3.90%","0.00%","33.30%","0.00%","0.00%","0.00%","50.00%",1,0,0,1,0,0,0,1
"Johnny Stephens","DARTMOUTH",25,49.55,"C",62.5,56.5,69.2,NA,3,1,0,NA,108.3,0,5,1.43,10,4.5,0,0,0,0,0,1,0,0,0,0,0,0,0,0,0,0,0,"0.00%",0,0,0,1,1,1,0,1,"100%",10,1,0,"0.00%","0.00%","100%","0.00%","0.00%","0.00%","0.00%",1,0,0,0,NA,0,0,0
"Davion Jennings","CENT CT ST",34,49.36,"C",60.2,59.3,62.1,NA,3,0,1,NA,149,1,10.3,2.39,14.3,0,0,1,0,0,0,0,1,0,0,0,0,0,0,0,0,0,0,"0.00%",0,0,0,0,2,2,1,3,"75.00%",43,1,1,"5.60%","0.00%","25.00%","0.00%","25.00%","0.00%","0.00%",3,0,0,0,NA,0,0,1
"Corday Bethel","MERRIMACK",15,49.23,"C",64.8,63.4,60,NA,1,0,1,NA,97.9,0,4,1.5,7.5,0,0,1,0,0,0,0,0,0,0,0,0,0,0,0,0,0,0,"0.00%",0,0,0,0,1,1,1,2,"100%",15,1,0,"0.00%","0.00%","50.00%","0.00%","0.00%","0.00%","0.00%",1,0,0,0,NA,0,0,0
"Deion Gunn","IDAHO",34,48.83,"C",67.5,66.7,64,NA,3,0,1,NA,128.1,0,0.5,1.5,5.3,0,0,1,0,0,0,0,1,0,0,0,0,0,0,0,0,0,0,"0.00%",0,0,0,0,1,1,1,4,"100%",21,2,0,"0.00%","0.00%","50.00%","0.00%","0.00%","0.00%","0.00%",3,0,0,0,NA,0,0,0
"Mohamed Toure","STHLSK",47,48.72,"C",55.5,66.1,36.7,55.7,4,1,2,NA,81.9,0,-1,0.52,3.7,8,0,1,0,0,2,1,0,1,0,0,0,0,0,0,0,0,0,"33.30%",1,1,0,1,5,1,1,3,"100%",11,1,0,"0.00%","0.00%","33.30%","0.00%","0.00%","50.00%","0.00%",5,0,0,0,0,0,0,0
"Tayshaun Burney","RICHMOND",54,48.65,"C",54,54,55.9,NA,2,0,0,NA,81.9,1,17.7,0.07,2,45,0,0,2,0,1,0,1,0,0,0,0,0,0,0,0,0,0,"60.00%",0,0,0,0,5,4,1,1,"33.30%",2,1,1,"0.00%","0.00%","33.30%","0.00%","33.30%","50.00%","66.70%",3,0,0,0,NA,0,0,0
"Dantonio Hackworth Jr.","MORGAN ST",76,48.57,"C",63.4,62.7,64.1,NA,1,0,0,NA,78.9,1,8.3,0.92,12.3,0,0,0,3,0,0,0,0,0,0,0,0,0,0,0,0,0,0,"75.00%",0,0,0,0,5,5,2,4,"57.10%",49,3,2,"1.90%","0.00%","42.90%","0.00%","28.60%","0.00%","75.00%",3,0,0,1,NA,0,0,1
"Niquis Ratcliff","DARTMOUTH",47,48.51,"C",50.1,48.6,54.8,NA,4,0,1,NA,42.4,0,13,0.73,8,4.67,0,0,0,0,2,0,0,1,0,0,0,0,0,0,0,0,0,"33.30%",1,1,0,0,4,2,0,1,"33.30%",8,0,0,"0.00%","0.00%","0.00%","0.00%","0.00%","40.00%","0.00%",6,0,0,0,NA,0,0,0
"Doreon Dubose","ILL STATE",38,48.47,"C",61.7,58.8,70.4,NA,2,1,0,NA,116.7,0,10.8,2.08,16.7,0,0,0,0,1,0,0,0,0,0,0,0,0,0,0,0,0,0,"0.00%",0,0,0,1,2,2,0,3,"75.00%",50,2,0,"4.20%","0.00%","50.00%","0.00%","0.00%","0.00%","0.00%",1,0,0,1,NA,0,0,1
"Eric Jones","ELON",49,48.17,"C",60.9,59.6,65.5,NA,3,0,1,NA,150,0,18.5,1.42,14.7,26,0,1,0,0,0,0,2,0,0,0,0,0,0,0,0,0,0,"0.00%",0,0,0,0,3,3,2,3,"75.00%",44,2,0,"3.20%","0.00%","50.00%","0.00%","0.00%","0.00%","0.00%",4,0,0,1,NA,0,0,1
"Tyler Hutcherson","STF AUSTIN",28,48.16,"C",57,59.1,53.7,NA,2,0,1,NA,95.8,0,22,2.21,42,0,0,1,0,0,0,0,0,0,0,1,0,0,0,0,0,0,0,"0.00%",0,1,0,0,2,1,0,1,"50.00%",42,1,0,"5.30%","0.00%","50.00%","0.00%","0.00%","0.00%","0.00%",1,0,0,1,NA,0,0,1
"Kemani Wilson","TXAMEA",62,48.14,"C",59.7,63.8,49.3,60,5,2,1,NA,74.3,0,4.8,0.89,6,5,0,1,1,2,2,0,0,0,0,0,0,0,0,0,0,0,0,"37.50%",0,0,0,2,4,2,1,4,"66.70%",24,2,0,"0.00%","0.00%","33.30%","0.00%","0.00%","40.00%","33.30%",6,0,0,2,0,0,0,0
"Tyrane Stewart","IDAHO",33,48.08,"C",56,54.6,62.9,59.7,1,1,0,NA,95.8,0,29,2.07,31,0,0,0,0,0,0,1,0,0,0,0,0,0,0,0,0,0,0,"0.00%",0,0,0,1,2,2,0,1,"50.00%",31,1,0,"6.70%","0.00%","50.00%","0.00%","0.00%","0.00%","0.00%",1,0,0,0,0,0,0,1
"Rett Hemphill","MURRAY ST",56,48.04,"C",56.7,64.7,42,58.4,11,4,2,NA,158.3,0,8.8,2.76,13.8,5.75,0,1,0,3,1,1,1,0,5,0,0,0,0,0,0,0,0,"8.30%",1,0,0,4,7,2,1,5,"100%",69,3,0,"8.00%","100%","60.00%","0.00%","0.00%","12.50%","0.00%",5,0,0,0,0,0,0,2
"Bubba Camp","NC CENT",19,47.89,"C",53.1,52.1,61.5,59.4,1,0,1,NA,80.2,0,4.3,1.5,5,0,0,1,0,0,0,0,0,0,0,1,0,0,0,0,0,0,0,"0.00%",0,1,0,0,2,2,1,3,"75.00%",15,1,0,"0.00%","0.00%","25.00%","0.00%","0.00%","0.00%","0.00%",1,0,0,0,0,0,0,0
"Jorden Barnes","DARTMOUTH",47,47.46,"C",63.8,60.9,68.8,NA,3,0,1,NA,141.7,0,7.3,2.43,8.5,7,0,1,0,0,0,0,1,0,0,0,0,0,0,0,0,0,0,"0.00%",0,0,0,0,2,2,1,4,"100%",34,2,0,"0.00%","0.00%","50.00%","0.00%","0.00%","0.00%","0.00%",3,0,0,0,NA,0,0,0
"Mark Burns","DELWARE ST",18,46.68,"C",59.5,56.8,64.8,NA,2,0,0,NA,118.8,0,16,3.29,23,35,0,0,0,0,0,0,0,0,0,0,0,0,0,0,0,0,0,"0.00%",0,0,0,0,1,1,0,1,"100%",23,1,0,"14.30%","0.00%","100%","0.00%","0.00%","0.00%","0.00%",2,0,0,0,NA,0,0,1
"Boston Wilson","CAL POLY",29,46.64,"C",59.2,60.6,55,NA,3,2,1,NA,89.6,0,0,1.5,8,0,0,1,1,2,0,0,0,0,0,0,0,0,0,0,0,0,0,"25.00%",0,0,0,2,3,2,1,3,"75.00%",24,2,0,"0.00%","0.00%","50.00%","0.00%","0.00%","0.00%","50.00%",3,0,0,1,NA,0,0,0
"Chaas McCoy","RHODE ISLD",80,46.35,"C",56.5,53.4,65,NA,4,1,3,NA,158.3,0,12,3.3,22.3,2,0,2,0,0,0,1,1,0,0,0,0,0,0,0,0,0,0,"0.00%",1,0,0,1,3,2,0,4,"100%",89,2,0,"3.70%","0.00%","50.00%","0.00%","0.00%","0.00%","0.00%",3,0,0,0,NA,0,0,1
"Trevon Baxter","STHLSK",47,46.24,"C",64.5,67.1,52.3,NA,2,0,1,NA,106.3,0,-4.5,0.73,9.5,7,0,1,0,0,0,0,0,0,0,0,0,0,0,0,0,0,0,"0.00%",0,0,0,0,3,1,1,2,"100%",19,1,0,"0.00%","0.00%","50.00%","0.00%","0.00%","0.00%","0.00%",2,0,0,0,NA,0,0,0
"Christian Palmer Jr.","MONMOUTH",55,46.14,"C",58.3,55.2,67.6,NA,3,0,2,NA,118.8,0,9.7,1.64,13.7,4,0,1,1,0,0,0,0,0,0,0,0,0,0,0,0,0,0,"25.00%",1,0,0,0,3,3,0,3,"100%",41,2,0,"4.00%","0.00%","66.70%","0.00%","0.00%","0.00%","33.30%",3,0,0,0,NA,0,0,1
"Ryan Tillman","UTAHTC",61,46.14,"C",59.1,61.8,50.5,NA,6,2,2,NA,118.8,0,4.8,2.52,13,20,0,2,1,2,2,0,0,0,0,0,0,0,0,1,0,0,0,"33.30%",0,0,0,2,5,3,2,6,"100%",78,2,0,"6.50%","0.00%","33.30%","0.00%","0.00%","40.00%","25.00%",5,0,0,0,NA,0,0,2
"Xavier Porter","ELON",30,45.95,"C",58,63.7,57.4,NA,3,1,1,NA,118.8,0,12.5,1.68,16,0,0,1,0,1,1,0,0,0,0,0,0,0,0,0,0,0,0,"25.00%",0,0,0,1,3,2,1,2,"100%",32,1,0,"5.30%","0.00%","50.00%","0.00%","0.00%","50.00%","0.00%",3,0,0,0,NA,0,0,1
"Evan Haynie","PRINCETON",52,45.84,"C",51.7,49.2,59.7,NA,8,4,0,NA,109,0,19,3.52,18.5,5,0,0,0,4,1,0,0,0,0,0,0,0,0,0,0,0,0,"11.10%",0,0,0,4,5,3,0,4,"66.70%",74,2,0,"9.50%","0.00%","33.30%","0.00%","0.00%","16.70%","0.00%",3,0,0,1,NA,0,0,2
"Farand Washington","TENN MARTN",45,45.33,"C",62.9,62.3,62.2,NA,1,1,0,NA,91.7,0,-0.5,0.39,6,0,0,0,1,0,0,1,0,0,0,0,0,0,0,0,0,0,0,"50.00%",0,0,0,1,2,2,0,2,"100%",12,1,0,"0.00%","0.00%","50.00%","0.00%","0.00%","0.00%","50.00%",1,0,0,0,NA,0,0,0
"Zay Franks","SE LA",77,45.31,"C",58.7,56.2,69.8,NA,4,0,0,NA,115,0,16.2,0.55,9.3,7,0,0,1,0,0,0,1,0,0,0,0,0,0,0,0,0,0,"20.00%",0,0,0,0,5,5,1,3,"60.00%",28,3,1,"0.00%","0.00%","60.00%","0.00%","20.00%","0.00%","33.30%",4,0,0,1,NA,0,0,0
"Mikey Gayle","CORNELL",27,45.22,"C",60.4,59.3,62.4,NA,1,0,0,NA,95.8,0,17.5,2.55,28,0,0,0,0,0,0,0,0,0,0,0,0,0,0,0,0,0,0,"0.00%",0,0,0,0,1,1,0,1,"50.00%",28,1,0,"9.10%","0.00%","50.00%","0.00%","0.00%","0.00%","0.00%",2,0,0,0,NA,0,0,1
"Maximillian Johnson","YNGTOWN ST",31,44.9,"C",62.4,53.4,77.4,NA,3,0,0,NA,114.6,0,11.5,2.3,11.5,4,0,0,0,0,1,0,0,0,0,0,0,0,0,0,1,0,0,"25.00%",0,0,0,0,3,2,0,2,"100%",23,2,0,"10.00%","0.00%","100%","0.00%","0.00%","50.00%","0.00%",2,0,0,0,NA,0,0,1
"Chris Presto","S ILLINOIS",22,44.64,"C",57.3,54.9,65.9,60,4,0,2,NA,113.2,0,7.3,4.47,11.2,8,0,2,0,0,0,0,0,0,0,0,0,0,0,0,0,0,0,"0.00%",0,0,0,0,4,3,1,6,"100%",67,4,0,"13.30%","0.00%","66.70%","0.00%","0.00%","0.00%","0.00%",2,0,0,0,0,0,0,2
"Zakaa Brown","TOWSON",52,44.57,"C",60,61.1,55.2,NA,4,1,0,NA,135.4,1,21.3,2.81,38,0,0,0,0,1,1,0,1,0,0,0,0,0,0,0,0,0,0,"20.00%",0,0,0,1,3,2,1,2,"50.00%",76,2,1,"7.40%","0.00%","50.00%","0.00%","25.00%","50.00%","0.00%",4,0,0,1,NA,0,0,2
"Jarard Mosely","MURRAY ST",35,44.44,"C",55,59.4,47.8,NA,1,0,0,NA,0,0,0,0,0,0,0,0,1,0,0,0,0,0,0,0,0,0,0,0,0,0,0,"50.00%",0,0,0,0,2,1,0,0,"0.00%",0,0,0,"0.00%","0.00%","0.00%","0.00%","0.00%","0.00%","50.00%",4,0,0,0,NA,0,0,0
"Tehron Spencer","CHISTA",65,44.35,"C",62,61.7,61.3,NA,4,0,0,NA,111.7,0,7.4,0.92,8,9.33,0,0,0,0,1,0,1,0,0,0,0,0,0,0,0,0,0,"20.00%",0,0,0,0,3,2,2,3,"60.00%",24,2,0,"0.00%","0.00%","40.00%","0.00%","0.00%","25.00%","0.00%",4,0,0,1,NA,0,0,0
"Gavin Shepard","S ILLINOIS",23,44.21,"C",60.9,58.4,67.4,NA,5,0,1,NA,158.3,0,14.3,3.36,15.7,5.5,0,1,0,0,0,0,1,0,0,0,0,0,0,0,0,0,0,"0.00%",0,0,0,0,2,2,1,3,"100%",47,1,0,"14.30%","0.00%","33.30%","0.00%","0.00%","0.00%","0.00%",4,0,0,0,NA,0,0,2
"DJ Cerisier","DUQUESNE",47,43.9,"C",50.5,50.1,55.7,NA,5,0,0,NA,80.4,0,20.6,1.48,11.3,25,0,0,0,0,0,0,0,0,3,0,0,0,0,0,0,0,0,"0.00%",0,0,0,0,6,4,0,3,"60.00%",34,2,0,"4.30%","60.00%","40.00%","0.00%","0.00%","0.00%","0.00%",3,0,0,1,NA,0,0,1
"Josiah Young","N IOWA",19,43.66,"C",58,64.9,45.7,NA,0,0,0,NA,0,0,0,0,0,0,0,0,0,0,1,0,0,0,0,0,0,0,0,0,0,0,0,"100%",0,0,0,0,1,0,0,0,"0.00%",0,0,0,"0.00%","0.00%","0.00%","0.00%","0.00%","100%","0.00%",1,0,0,0,NA,0,0,0
"Isaiah Pinks","N IOWA",52,43.56,"C",53.4,61,32.5,NA,5,1,0,NA,62.5,1,7.3,1.08,9,14,0,0,0,0,2,1,0,0,0,0,0,0,0,0,0,0,0,"28.60%",0,0,0,1,6,3,1,3,"50.00%",27,1,1,"4.00%","0.00%","16.70%","0.00%","16.70%","66.70%","0.00%",5,0,0,1,NA,0,0,1
"Kanijal Thomas","N ALABAMA",75,43.53,"C",52.3,53.9,48.7,NA,4,0,1,NA,86.3,1,19.2,0.95,13.7,0,0,1,0,0,1,0,0,0,0,0,0,0,0,0,0,0,0,"20.00%",0,0,0,0,7,5,2,3,"60.00%",41,3,1,"2.30%","0.00%","60.00%","0.00%","20.00%","100%","0.00%",4,0,0,1,NA,0,0,1
"Emiril Gant","STF AUSTIN",18,43.48,"C",54.4,51.3,64.8,NA,1,0,1,NA,118.8,0,26,3.5,28,9,0,0,0,0,0,0,0,0,0,0,0,0,0,0,0,0,0,"0.00%",1,0,0,0,1,1,0,1,"100%",28,1,0,"12.50%","0.00%","100%","0.00%","0.00%","0.00%","0.00%",0,0,0,0,NA,0,0,1
"Omar Ibrahim","MONMOUTH",53,43.45,"C",54.2,55.1,54.2,NA,1,0,0,NA,39.6,0,13,0,0,0,0,0,0,0,1,0,0,0,0,0,0,0,0,0,0,0,0,"50.00%",0,0,0,0,3,2,0,0,"0.00%",0,0,0,"0.00%","0.00%","0.00%","0.00%","0.00%","100%","0.00%",1,0,0,2,NA,0,0,0
"AJ Robinson Jr.","TENN MARTN",29,43.41,"C",50.9,49.5,59.1,58.4,1,0,0,NA,0,0,0,0,0,14,0,0,1,0,0,0,0,0,0,0,0,0,0,0,0,0,0,"50.00%",0,0,0,0,3,2,0,0,"0.00%",0,0,0,"0.00%","0.00%","0.00%","0.00%","0.00%","0.00%","100%",0,0,0,0,0,0,0,0
"Brian Harris","MONTANA ST",40,43.39,"C",56.1,59.4,44.8,NA,2,0,0,NA,63.9,1,12.8,0.97,9.7,0,0,0,0,0,1,0,0,0,0,0,0,0,0,0,0,0,0,"33.30%",0,0,0,0,4,3,1,3,"50.00%",29,2,1,"3.30%","0.00%","33.30%","0.00%","16.70%","100%","0.00%",3,0,0,2,NA,0,0,1
"Paul Kim","S DAK ST",15,42.86,"C",59.6,59,60.7,NA,4,0,1,NA,116.7,0,8,4.5,12,0,0,1,0,0,0,0,0,0,0,0,0,0,0,0,0,0,0,"0.00%",0,0,0,0,2,2,1,3,"100%",36,2,0,"12.50%","0.00%","66.70%","0.00%","0.00%","0.00%","0.00%",3,0,0,0,NA,0,0,1
"Tayvion Haney","ALCORN ST",61,42.85,"C",45.3,52.1,54.8,58.3,3,0,1,NA,62.2,0,25,1.74,29.5,5.5,0,0,0,0,1,0,0,0,0,0,0,0,0,0,0,0,0,"25.00%",1,0,0,0,8,7,2,2,"28.60%",59,2,2,"2.90%","0.00%","28.60%","0.00%","28.60%","33.30%","0.00%",3,0,0,2,0,0,0,1
"Steven Davis II","NC A&T",73,42.79,"C",56.2,48.1,80.6,NA,9,4,0,NA,140.1,0,5.5,1.63,8.1,15,0,0,4,4,0,0,2,0,0,0,0,0,0,0,0,0,0,"30.80%",0,0,0,4,6,6,0,8,"100%",65,5,0,"2.50%","0.00%","62.50%","0.00%","0.00%","0.00%","50.00%",8,0,0,0,NA,0,0,1
"Chris Hudson","NEWHVN",65,42.26,"C",53.4,52.5,58.7,NA,4,3,0,NA,102.1,0,9.5,1.6,16,0,0,0,0,2,1,1,0,0,0,0,0,0,0,0,0,0,0,"20.00%",0,0,0,3,6,5,1,4,"66.70%",64,3,0,"2.50%","0.00%","50.00%","0.00%","0.00%","33.30%","0.00%",2,0,0,2,NA,0,0,1
"Jhamal Shelby Jr.","NICHOLLS",31,42.24,"C",52.5,51.7,61.4,NA,1,0,0,NA,127.1,1,20.6,3.38,35.5,0,0,0,0,0,0,0,1,0,2,0,0,0,0,0,0,0,0,"0.00%",0,0,0,0,2,2,1,2,"40.00%",71,1,1,"4.80%","40.00%","20.00%","0.00%","20.00%","0.00%","0.00%",1,0,0,2,NA,0,0,1
"Evan Dukes","WAGNER",29,42.18,"C",58.9,60.8,53.4,59.8,5,1,0,NA,102.1,0,15.3,1.6,16,0,0,0,0,0,1,1,0,0,1,0,0,0,0,0,0,0,0,"16.70%",0,0,0,1,3,2,0,2,"66.70%",32,2,0,"5.00%","33.30%","66.70%","0.00%","0.00%","100%","0.00%",3,0,0,0,0,0,0,1
"Jordan Johnson","NC CENT",15,41.96,"C",58.1,57,61.5,NA,1,0,0,NA,95.8,0,27,8,40,0,0,0,0,0,0,0,0,0,0,0,0,0,0,0,0,0,0,"0.00%",0,0,0,0,1,1,1,1,"50.00%",40,1,1,"20.00%","0.00%","50.00%","0.00%","50.00%","0.00%","0.00%",1,0,0,0,NA,0,0,1
"Amori McNeil","MONMOUTH",27,41.61,"C",53.6,47.7,67.3,59.5,3,2,0,NA,118.8,0,11.5,2.17,13,0,0,0,0,2,0,0,0,0,0,0,0,0,0,0,0,0,0,"0.00%",0,0,0,2,2,2,0,2,"100%",26,2,0,"8.30%","0.00%","100%","0.00%","0.00%","0.00%","0.00%",2,0,0,0,0,0,0,1
"Miles McGoy","STNY BROOK",58,41.59,"C",53.6,48.5,76.3,NA,7,0,1,NA,118.8,0,8.7,2.11,15.6,8.75,0,0,2,0,0,0,0,0,0,0,0,0,0,0,0,0,0,"22.20%",1,0,0,0,6,6,0,5,"83.30%",78,3,0,"5.40%","0.00%","50.00%","0.00%","0.00%","0.00%","40.00%",8,0,0,0,NA,0,0,2
"Wendell Smith","TENN MARTN",59,41.41,"C",56.5,55.2,63.3,NA,4,0,1,NA,105.6,0,9.2,1.75,11.2,0,0,1,1,0,0,0,0,0,0,0,0,0,0,0,0,0,0,"20.00%",0,0,0,0,4,4,1,5,"83.30%",56,3,0,"3.10%","0.00%","50.00%","0.00%","0.00%","0.00%","20.00%",2,0,0,1,NA,0,0,1
"Dillon Conway","E ILLINOIS",22,40.94,"C",57.2,54.4,64.8,NA,3,0,0,NA,133.3,0,11,0.87,6.5,14,0,0,0,0,0,0,1,0,0,0,0,0,0,0,0,0,0,"0.00%",0,0,0,0,2,2,0,2,"100%",13,2,0,"0.00%","0.00%","100%","0.00%","0.00%","0.00%","0.00%",2,0,0,0,NA,0,0,0
"George Nelson","STHLSK",17,40.16,"C",51.5,55.8,48.4,NA,1,1,0,NA,42.4,0,16,0.57,4,0,0,0,1,1,1,0,0,0,0,0,0,0,0,0,0,0,0,"66.70%",0,0,0,1,2,1,0,1,"33.30%",4,0,0,"0.00%","0.00%","0.00%","0.00%","0.00%","50.00%","100%",1,0,0,2,NA,0,0,0
"Evin McDowell","MERCER",40,40.14,"C",48,50.4,47.7,NA,1,0,0,NA,39.6,0,19.3,0.69,11,0,0,0,0,0,0,0,0,0,0,0,0,0,0,0,0,0,0,"0.00%",0,0,0,0,4,3,1,1,"25.00%",11,1,0,"0.00%","0.00%","25.00%","0.00%","0.00%","0.00%","0.00%",1,0,0,1,NA,0,0,0
"Ja'Mareion Gipson","TARLETON",44,39.79,"D",50.5,47.1,70.7,NA,6,1,1,NA,135.4,0,17.9,3.08,16,2,0,0,1,0,0,1,1,0,0,0,0,0,0,0,0,0,0,"14.30%",1,0,0,1,6,6,1,5,"62.50%",80,5,0,"11.50%","0.00%","62.50%","0.00%","0.00%","0.00%","16.70%",6,0,0,3,NA,0,0,3
"Christian Oku","ABILENE CH",71,38.89,"D",52.7,49.3,70.1,NA,2,1,0,NA,116.7,0,16.5,1.31,18.3,14,0,0,1,1,0,0,0,0,0,0,0,0,0,0,0,0,0,"33.30%",0,0,0,1,5,5,0,3,"75.00%",55,3,0,"2.40%","0.00%","75.00%","0.00%","0.00%","0.00%","100%",1,0,0,0,NA,0,0,1
"Jayden Jackson","MORGAN ST",21,37.83,"D",59.3,58.7,60,NA,2,0,0,NA,158.3,0,25,3.29,23,0,0,0,0,0,0,0,1,0,0,0,0,0,0,0,0,0,0,"0.00%",0,0,0,0,1,1,0,2,"100%",46,1,0,"7.10%","0.00%","50.00%","0.00%","0.00%","0.00%","0.00%",2,0,0,0,NA,0,0,1
"Omarr Dixon","HOLY CROSS",34,37.76,"D",52.4,51.6,61.2,NA,NA,0,0,NA,143.8,1,24.4,3.48,29,0,0,NA,NA,NA,NA,NA,1,NA,0,NA,0,0,0,0,0,0,0,NA,NA,0,0,NA,3,3,1,3,"60.00%",87,3,1,"12.00%","0.00%","60.00%","0.00%","20.00%",NA,NA,0,0,0,1,NA,0,0,3
"Tim Thomas II","MONTANA ST",27,37.72,"D",52.7,46.5,67.3,NA,4,2,1,NA,158.3,0,19,6.22,28,4,0,0,0,2,0,0,1,0,0,0,0,0,0,0,0,0,0,"0.00%",1,0,0,2,3,2,0,2,"100%",56,2,0,"11.10%","0.00%","100%","0.00%","0.00%","0.00%","0.00%",4,0,0,0,NA,0,0,1
"Kameron Armstrong","BUTLER",38,37.5,"D",60.8,51,64.9,91,5,1,1,NA,158.3,0,8.4,5,31.3,3,0,0,1,0,0,1,1,0,0,0,0,0,0,0,0,0,0,"16.70%",1,0,0,1,4,4,1,4,"80.00%",125,3,0,"12.00%","0.00%","60.00%","0.00%","0.00%","0.00%","20.00%",4,0,0,1,0,0,1,3
"Erin Moore","NICHOLLS",26,37.35,"D",60.2,60.2,61.7,57.2,0,0,0,NA,118.8,0,11,1.38,18,0,0,0,1,0,0,0,0,0,1,0,0,1,0,0,0,0,0,"100%",0,0,1,0,1,1,0,1,"100%",18,1,0,"7.70%","100%","100%","0.00%","0.00%","0.00%","100%",1,0,0,0,25,1,0,1
"Jerry Addo-Boateng","E ILLINOIS",40,36.16,"D",55.1,58.4,46.7,NA,1,0,1,NA,72.1,0,3.2,1.2,8,0,0,1,0,0,1,0,0,0,0,0,0,0,0,0,0,0,0,"50.00%",0,0,0,0,3,2,0,3,"60.00%",24,1,0,"0.00%","0.00%","20.00%","0.00%","0.00%","100%","0.00%",2,0,0,2,NA,0,0,0
"Erv Wiggins Jr.","MAINE",25,35.99,"D",57.5,56.9,60.6,NA,NA,0,0,NA,158.3,0,21.5,2.25,18,0,0,NA,NA,NA,NA,NA,1,NA,0,NA,0,0,0,0,0,0,0,NA,NA,0,0,NA,1,1,0,2,"100%",36,1,0,"6.30%","0.00%","50.00%","0.00%","0.00%",NA,NA,0,0,0,0,NA,0,0,1
"Josiah Estes","SAN DIEGO",50,35.56,"D",47.8,48,53,NA,6,1,0,NA,137.5,1,12.3,3.35,14.5,27,0,0,0,1,0,0,2,0,0,0,0,0,0,0,0,0,0,"0.00%",0,0,0,1,7,5,1,6,"66.70%",87,6,1,"7.70%","0.00%","66.70%","0.00%","11.10%","0.00%","0.00%",5,0,0,1,NA,0,0,2
"Garret Jackson","MERRIMACK",25,34.76,"D",51.8,46.6,68.9,56.9,2,1,0,NA,158.3,0,23,3.54,23,0,0,0,0,1,0,0,1,0,0,0,0,0,0,0,0,0,0,"0.00%",0,0,0,1,2,2,0,2,"100%",46,1,0,"7.70%","0.00%","50.00%","0.00%","0.00%","0.00%","0.00%",1,0,0,0,0,0,0,1
"Dev Holman","YNGTOWN ST",65,34.63,"D",47.1,50.9,41.4,NA,2,0,0,NA,60.4,1,21.2,1.76,22,7,0,0,1,0,2,0,0,0,0,0,0,0,0,0,1,0,0,"60.00%",0,0,0,0,7,4,1,2,"33.30%",44,2,1,"4.00%","0.00%","33.30%","0.00%","16.70%","66.70%","50.00%",4,0,0,2,NA,0,0,1
"Jamari Mosley","TXAMEA",23,34.26,"D",59.3,57.4,64.5,NA,1,1,0,NA,143.1,0,4.3,2.54,16.5,0,0,0,1,1,0,0,1,0,0,0,0,0,0,0,0,0,0,"50.00%",0,0,0,1,2,2,1,2,"66.70%",33,2,1,"7.70%","0.00%","66.70%","0.00%","33.30%","0.00%","100%",1,0,0,0,NA,0,0,1
"Fred Adams","TARLETON",19,33.84,"D",52.7,50.6,63.1,NA,1,0,0,NA,118.8,0,13,4,16,0,0,0,0,0,0,0,0,0,0,0,0,0,0,0,0,0,0,"0.00%",0,0,0,0,2,2,0,2,"100%",32,2,0,"12.50%","0.00%","100%","0.00%","0.00%","0.00%","0.00%",1,0,0,0,NA,0,0,1
"Dashawn Long","WAGNER",23,33.73,"D",44.6,55.6,29.9,NA,2,2,0,NA,0,0,0,0,0,0,0,0,0,1,3,1,0,0,0,0,0,0,0,0,0,0,0,"60.00%",0,0,0,2,5,2,0,0,"0.00%",0,0,0,"0.00%","0.00%","0.00%","0.00%","0.00%","75.00%","0.00%",0,0,0,0,NA,0,0,0
"Kemari Nix","DELWARE ST",44,33.42,"D",45.9,55.4,46,56,3,2,0,NA,97.9,0,-4,1.32,14.5,6,0,0,1,1,2,1,0,0,0,0,0,1,0,1,0,0,0,"50.00%",0,0,1,2,6,3,1,2,"66.70%",29,1,0,"4.50%","0.00%","33.30%","0.00%","0.00%","50.00%","50.00%",5,0,0,1,12.5,1,0,1
"JQ Harris","VALPO",25,33.09,"D",51.1,53.4,50.6,NA,4,1,1,NA,158.3,0,12.7,3.15,13.7,0,0,1,0,1,1,0,1,0,0,1,0,0,0,0,0,0,0,"20.00%",0,1,0,1,3,2,1,3,"100%",41,2,0,"15.40%","0.00%","66.70%","0.00%","0.00%","50.00%","0.00%",3,0,0,0,NA,0,0,2
"Justin Johnson","FORDHAM",51,32.42,"D",53.6,54.9,51.9,NA,4,1,0,NA,118.8,0,16.3,2.48,22.3,8,0,0,1,0,1,1,0,0,0,0,0,0,0,0,0,0,0,"33.30%",0,0,0,1,4,3,0,3,"100%",67,3,0,"3.70%","0.00%","100%","0.00%","0.00%","50.00%","25.00%",4,0,0,0,NA,0,0,1
"Dominic Julius","YNGTOWN ST",22,32.38,"D",49.7,48.1,62.3,NA,3,0,0,NA,118.8,0,13.3,4.45,16.3,0,0,0,0,0,0,0,0,0,0,0,0,0,0,0,0,0,0,"0.00%",0,0,0,0,3,3,0,3,"100%",49,2,0,"9.10%","0.00%","66.70%","0.00%","0.00%","0.00%","0.00%",3,0,0,0,NA,0,0,1
"Lamont Payne","DELWARE ST",21,31.77,"D",32.2,33.7,52.8,NA,1,0,1,NA,39.6,0,25.8,0.38,6,0,0,1,0,0,1,0,0,0,0,0,0,0,0,0,0,0,0,"50.00%",0,0,0,0,4,3,0,1,"25.00%",6,0,0,"0.00%","0.00%","0.00%","0.00%","0.00%","100%","0.00%",1,0,0,2,NA,0,0,0
"Harrison Brun","S DAKOTA",79,31.52,"D",53,47.2,67.2,55,6,1,0,NA,108.9,0,6.7,2.29,10.1,5,0,0,3,1,0,0,0,0,0,0,0,0,0,0,0,0,0,"33.30%",0,0,0,1,8,6,0,7,"100%",71,4,0,"3.20%","0.00%","57.10%","0.00%","0.00%","0.00%","50.00%",7,0,0,0,0,0,0,1
"Cameron Cason","S ILLINOIS",36,30.77,"D",44.4,38.2,72.1,58.3,5,0,1,NA,151.2,0,14.7,4.2,16.8,5.5,0,0,0,0,0,0,1,0,0,0,0,0,0,0,0,0,0,"0.00%",1,0,0,0,4,4,0,5,"71.40%",84,3,0,"10.00%","0.00%","42.90%","0.00%","0.00%","0.00%","0.00%",2,0,0,2,0,0,0,2
"Dominic Girard","MURRAY ST",37,29.61,"D",50.3,61.9,31.7,59,4,1,1,NA,146.9,0,2,3.9,9.8,5,0,1,0,0,1,1,1,0,2,0,0,0,1,0,0,0,0,"20.00%",0,0,1,1,5,2,2,4,"100%",39,2,0,"10.00%","50.00%","50.00%","0.00%","0.00%","50.00%","0.00%",5,0,0,0,50,1,0,1
"Marquis Cooper","TOWSON",52,29.39,"D",47.7,44.2,66.5,NA,4,2,1,NA,158.3,0,12.6,3.31,17.2,6,0,1,2,0,0,2,2,0,0,0,0,0,0,0,0,0,0,"33.30%",0,0,0,2,5,5,0,5,"100%",86,4,0,"7.70%","0.00%","80.00%","0.00%","0.00%","0.00%","40.00%",3,0,0,0,NA,0,0,2
"Elijah Brady","MONTANA",20,29.32,"D",42.6,34.9,65.9,60,2,1,0,NA,109.7,0,17,8.2,20.5,0,0,0,0,1,0,0,0,0,0,0,0,0,0,0,0,0,0,"0.00%",0,0,0,1,1,1,0,2,"66.70%",41,0,0,"20.00%","0.00%","0.00%","0.00%","0.00%","0.00%","0.00%",1,0,0,1,0,0,0,1
"Evan Kludt","N DAKOTA",36,28.09,"D",53.4,55.6,51.2,NA,2,1,0,NA,118.8,0,11,4,30,0,0,0,1,1,0,0,0,0,0,0,0,0,0,0,0,0,0,"33.30%",0,0,0,1,3,2,0,2,"100%",60,2,0,"13.30%","0.00%","100%","0.00%","0.00%","0.00%","50.00%",2,0,0,0,NA,0,0,2
"Geovanny Fabian","DELWARE ST",37,27.36,"D",49,52.1,45.7,NA,1,0,0,NA,85.4,0,12,0.91,10,0,0,0,1,0,0,0,0,0,0,0,0,0,0,0,0,0,0,"50.00%",0,0,0,0,6,4,1,2,"66.70%",20,2,0,"4.50%","0.00%","66.70%","0.00%","0.00%","0.00%","50.00%",1,0,0,0,NA,0,0,1
"Ezekiel Swayne","SAN DIEGO",52,25.3,"D",54.9,59.1,46.4,NA,1,1,0,NA,118.8,0,18,1.85,24,0,0,0,1,1,2,0,0,0,0,0,0,0,0,0,0,0,0,"75.00%",0,0,0,1,4,2,0,2,"100%",48,2,0,"7.70%","0.00%","100%","0.00%","0.00%","66.70%","100%",2,0,0,0,NA,0,0,2
"Jahzir Dukes","NC CENT",24,23.89,"D",43.6,43.1,55.1,NA,1,0,1,NA,95.8,0,10.3,4.92,32,1,0,0,0,0,1,0,0,0,0,0,0,0,0,0,0,0,0,"50.00%",1,0,0,0,3,2,0,2,"50.00%",64,2,0,"15.40%","0.00%","50.00%","0.00%","0.00%","50.00%","0.00%",0,0,0,2,NA,0,0,2
"Nicholas Williams","MERCYHURST",38,22.57,"D",52.7,51.1,63.9,NA,0,0,0,NA,156.3,0,17,3.29,26.3,0,0,0,1,0,0,0,1,0,0,0,0,0,0,0,0,0,0,"100%",0,0,0,0,3,3,0,3,"75.00%",79,3,0,"4.20%","0.00%","75.00%","0.00%","0.00%","0.00%","100%",1,0,0,0,NA,0,0,1
"Kamden Wyatt","MERRIMACK",28,22.05,"D",45.8,43.9,63.3,NA,2,0,0,NA,118.8,0,6.5,1.65,14,0,0,0,3,0,0,0,0,0,0,0,0,0,0,0,0,0,0,"60.00%",0,0,0,0,4,4,0,2,"100%",28,2,0,"5.90%","0.00%","100%","0.00%","0.00%","0.00%","60.00%",2,0,0,0,NA,0,0,1
"Terry Lewis II","MURRAY ST",36,19.44,"F",48.5,49.1,54,NA,3,0,0,NA,158.3,0,12.8,2.95,15.5,0,0,0,0,0,1,0,1,0,3,0,0,0,0,0,0,0,0,"25.00%",0,0,0,0,5,4,0,4,"100%",62,3,0,"4.80%","75.00%","75.00%","0.00%","0.00%","100%","0.00%",4,0,0,0,NA,0,0,1
"Marcellous Ryan","PORTLAND",57,19.21,"F",42.5,42.2,53.1,NA,4,0,0,NA,158.3,0,18,2,16.5,7,0,0,0,0,0,0,2,0,1,0,0,0,0,0,0,0,0,"0.00%",0,0,0,0,7,6,0,4,"80.00%",66,4,0,"3.00%","20.00%","80.00%","0.00%","0.00%","0.00%","0.00%",5,0,0,1,NA,0,0,1
"Nasir Maryland","E ILLINOIS",50,18.29,"F",47.8,47.8,53.7,NA,5,0,0,NA,158.3,0,11,3.87,17.8,8,0,0,0,0,1,0,1,0,0,0,0,0,0,0,0,0,0,"16.70%",0,0,0,0,6,5,0,5,"100%",89,5,0,"8.70%","0.00%","100%","0.00%","0.00%","50.00%","0.00%",6,0,0,0,NA,0,0,2
"Sanborne Melson","PORTLAND",48,15.03,"F",43.5,47.4,39.5,NA,5,0,0,NA,110.4,0,14,2.33,12.6,0,0,0,1,0,2,0,0,0,4,0,0,0,0,0,0,0,0,"37.50%",0,0,0,0,8,6,1,5,"83.30%",63,5,0,"3.70%","66.70%","83.30%","0.00%","0.00%","100%","16.70%",6,0,0,1,NA,0,0,1
"Greg Jackson Jr.","NICHOLLS",23,12.62,"F",37.6,32.7,63,NA,NA,0,0,NA,158.3,0,41,12.2,61,0,0,NA,NA,NA,NA,NA,1,NA,1,NA,0,0,0,0,0,0,0,NA,NA,0,0,NA,1,1,0,1,"100%",61,1,0,"20.00%","100%","100%","0.00%","0.00%",NA,NA,0,0,0,0,NA,0,0,1
"Jaylen McRoy","ALCORN ST",17,10.58,"F",29.7,28.6,62.1,NA,1,0,0,NA,149.3,0,12.7,7,21,0,0,0,0,0,0,0,1,0,0,0,0,0,0,0,0,0,0,"0.00%",0,0,0,0,2,2,0,2,"66.70%",42,2,0,"33.30%","0.00%","66.70%","0.00%","0.00%","0.00%","0.00%",2,0,0,1,NA,0,0,2
"Tramayne Bullock","RICHMOND",26,0,"F",27.4,29.6,45.2,NA,2,0,1,NA,149.3,0,19.5,9.43,33,0,0,1,1,0,0,0,1,0,0,0,0,0,0,0,0,0,0,"33.30%",0,0,0,0,6,4,1,4,"66.70%",132,3,0,"21.40%","0.00%","50.00%","0.00%","0.00%","0.00%","33.30%",4,0,0,0,NA,0,0,3
