"Name","Team","Defensive.Snaps","Composite_Score","Player_Grade","Defensive.Grades","Coverage.Grade","Run.Defense.Grade","Pass.Rush.Grade","Total.Tackles","Assistant","Stops","Passer.Rating.Allowed","Interceptions","Average.Depth.of.Tackle","Yards.per.Reception.Allowed","Average.Depth.of.Target.per.Coverage","Receiving.Yards.Allowed.per.Snap","Assist.on.Pass.Plays","Drops...Off.Targets.Receptions.Forced","Missed.Tackles.on.Run.Plays","Lined.up.in.Press.Coverage","Missed.Tackles.on.Pass.Plays","Pass.Break.Up","Plays.of.15..Yards.Allowed","Pass.Rush.Productivity","Run.Tackle.for.Losss.or.No.Gain","Open.Targets","Pass.Tackle.for.Loss.or.No.Gain","Touchdowns.Allowed","Hurries","Dropped.Int","Forced.Fumble","Beaten.Defender","Hits","Pursuit.Pressure","Fumble.Recovery","Sacks","Missed.Tackle.Percentage","Run.Stop","Tackle.for.Loss.or.No.Gain","Total.Pressures.Generated","Assist.Tackles","Negative.Plays","Total.Negative.Plays","Total.Positive.Plays","Receptions.Allowed","Completion.Percentage.Allowed","Pass.Yards.Allowed","First.Downs.Allowed","Forced.Incompletions","Sacks.per.Throwaway","X15..Yards.Allowed.Percentage","Percentage.of.Open.Targets","Percentage.of.First.Down.or.Touchdown.Allowed","Interceptions.per.Target.Coverage.Percentage","Receiving.Yards.per.Coverage.Target","Forced.Incompletion.Percentage","Missed.Tackle.Percentage.on.Run.Plays","Pass.Missed.Tackles.Percentage","Unblocked.Pass.Rush","Batted.Passes.at.the.Line","Interception"
"Braylon Beckwith","MERCYHURST",80,100,"A",86.2,76.5,86,90.5,9,2,3,34.7,1,8.5,6,1.3,0.21,0,1,0,NA,0,0,0,0,0,0,0,0,1,0,1,0,0,1,0,2,"0.00%",1,0,3,2,0,0,5,2,"66.70%",12,0,0,2,"0.00%","0.00%","0.00%","33.30%",4,"0.00%","0.00%","0.00%",1,NA,1
"Jaeden Jones","MONMOUTH",68,99.71,"A",90.2,89.4,81.4,60,8,0,3,0,1,3.57,0,0,0,0,0,0,NA,0,0,0,0,2,0,0,0,0,0,0,0,0,0,0,0,"0.00%",3,2,0,0,0,0,1,0,"0.00%",0,0,0,0,"0.00%","0.00%","0.00%","0.00%",0,"0.00%","0.00%","0.00%",0,NA,1
"Chase Jarrett","COLGATE",51,98.64,"A",86.2,85.5,75.8,62.5,5,1,3,25,1,4.33,1.3,0.6,0.12,0,0,0,NA,0,1,0,12.5,1,0,1,0,0,1,0,0,1,0,0,0,"0.00%",2,2,1,1,0,0,4,3,"60.00%",4,0,1,0,"0.00%","0.00%","0.00%","20.00%",0.8,"20.00%","0.00%","0.00%",1,NA,1
"Tommy MacPherson","CORNELL",72,97.66,"A",80.3,76.9,71.4,87.4,12,1,5,30.6,1,5,1,1.7,0.07,0,0,0,NA,0,0,0,100,1,0,1,0,0,0,1,0,0,0,0,1,"0.00%",3,2,1,1,1,0,2,2,"66.70%",2,0,0,0,"0.00%","0.00%","0.00%","33.30%",0.7,"0.00%","0.00%","0.00%",1,NA,1
"Cyler Christmas","SE MO ST",52,90.03,"A",76.1,75.4,72.9,NA,11,1,6,0,1,6.25,0,0,0,0,0,2,NA,0,0,0,NA,2,0,0,0,0,0,0,0,0,0,0,0,"15.40%",4,2,0,1,2,0,2,0,"0.00%",0,0,0,0,"0.00%","0.00%","0.00%","0.00%",0,"0.00%","18.20%","0.00%",0,NA,1
"Jackson Stone","NEW HAMP",70,86.65,"A",73.4,77.8,62.8,NA,5,2,1,0,1,8.33,0,24.7,0,0,1,1,NA,1,1,0,NA,1,0,0,0,0,0,0,0,0,0,0,0,"28.60%",1,1,0,2,3,1,2,0,"0.00%",0,0,1,0,"0.00%","0.00%","0.00%","33.30%",0,"33.30%","16.70%","100%",0,NA,1
"Osize Daniyan","YALE",55,83.82,"A",86.7,83.9,81.9,NA,8,2,2,39.6,0,7,0,6,0,1,0,0,NA,1,1,0,NA,0,0,0,0,0,0,1,0,0,0,0,0,"11.10%",1,0,0,2,2,2,3,0,"0.00%",0,0,1,0,"0.00%","0.00%","0.00%","0.00%",0,"100%","0.00%","25.00%",0,NA,0
"Kyler Ronquillo","PRINCETON",46,81.08,"A",73.7,76.1,64.6,NA,1,1,0,0,1,0,0,19,0,1,0,0,NA,0,0,0,NA,0,0,0,0,0,0,0,0,0,0,0,0,"0.00%",0,0,0,1,0,0,1,0,"0.00%",0,0,0,0,"0.00%","0.00%","0.00%","100%",0,"0.00%","0.00%","0.00%",0,NA,1
"Jayonn Saunders","MERCYHURST",68,81.02,"A",71.9,63.8,79.1,86.2,8,1,5,36.8,1,4.5,6.8,1.5,0.57,0,2,0,NA,3,1,0,25,0,0,0,0,0,0,0,0,2,0,0,0,"27.30%",1,0,2,1,4,4,4,4,"66.70%",27,2,1,0,"0.00%","0.00%","33.30%","16.70%",4.5,"16.70%","0.00%","37.50%",0,NA,1
"Joshua Truesdale","NC CENT",53,80.39,"A",79.7,77.4,76.3,NA,13,4,2,56.3,0,11,6,9.5,0.41,2,1,0,NA,0,1,0,NA,0,0,0,0,0,0,0,0,0,0,0,0,"0.00%",2,0,0,4,1,0,1,2,"50.00%",12,0,1,0,"0.00%","0.00%","0.00%","0.00%",3,"25.00%","0.00%","0.00%",0,NA,0
"Brodie Williams","NEWHVN",27,79.68,"B",77.2,76,69.2,NA,2,2,0,0,1,0,0,0,0,0,0,0,NA,0,0,0,NA,0,0,0,0,0,0,0,0,0,0,0,0,"0.00%",0,0,0,2,0,0,1,0,"0.00%",0,0,0,0,"0.00%","0.00%","0.00%","0.00%",0,"0.00%","0.00%","0.00%",0,NA,1
"Jaden Nelson","CHATTNOOGA",39,79.24,"B",83.4,86.4,61.7,NA,NA,0,0,0,1,0,0,0,0,NA,0,NA,NA,NA,0,0,NA,NA,0,NA,0,0,0,0,0,0,0,0,0,NA,NA,0,0,NA,0,0,1,0,"0.00%",0,0,0,0,"0.00%","0.00%","0.00%","0.00%",0,"0.00%",NA,NA,0,NA,1
"Jayden Earley","CHISTA",62,78.79,"B",79.3,78.1,70.3,74.9,9,2,4,47.9,0,3,5,0.4,0.4,1,2,1,NA,0,1,0,0,1,0,0,0,0,0,0,0,0,1,0,1,"10.00%",2,1,1,2,2,1,4,2,"40.00%",10,0,1,1,"0.00%","0.00%","0.00%","0.00%",2,"20.00%","16.70%","0.00%",0,NA,0
"Bryce Smith","E WASHGTON",50,78.49,"B",68.2,69.4,60.6,60,13,3,4,0,0,4,0,0,0,2,0,0,NA,0,0,0,0,0,0,2,0,0,0,0,0,1,1,0,0,"0.00%",1,2,1,3,3,1,2,0,"0.00%",0,0,0,0,"0.00%","0.00%","0.00%","0.00%",0,"0.00%","0.00%","0.00%",0,NA,0
"Tony Hart III","ELON",64,77.52,"B",74.4,68.1,76.1,77.6,12,5,2,89.2,0,5.33,6.8,6.4,0.71,3,1,0,NA,0,0,0,100,1,0,0,0,0,0,0,0,0,0,0,1,"0.00%",1,1,1,5,1,1,0,4,"80.00%",27,0,0,0,"0.00%","0.00%","0.00%","0.00%",5.4,"0.00%","0.00%","0.00%",1,NA,0
"Luca Moore","IDAHO",45,77.27,"B",73.2,67.5,79.3,59,6,2,2,0,0,9,0,0,0,1,0,0,NA,0,0,0,0,1,0,0,0,1,0,0,0,0,1,0,0,"0.00%",1,1,1,2,0,0,0,0,"0.00%",0,0,0,0,"0.00%","0.00%","0.00%","0.00%",0,"0.00%","0.00%","0.00%",0,NA,0
"Elijah Hughes","TXAMEA",51,76.54,"B",74.1,70.2,77.3,60,6,2,0,39.6,0,13.75,0,43,0,0,0,0,NA,1,1,0,50,0,0,0,0,1,0,0,0,0,0,0,0,"14.30%",0,0,1,2,1,1,1,0,"0.00%",0,0,1,0,"0.00%","0.00%","0.00%","0.00%",0,"100%","0.00%","100%",1,NA,0
"Jamel Acosta-Lewis","STF AUSTIN",35,75.65,"B",83.4,85.8,65.7,NA,4,1,1,39.6,0,0,0,17.5,0,0,0,0,NA,0,2,0,NA,0,0,0,0,0,0,0,0,0,0,0,0,"0.00%",0,0,0,1,0,0,3,0,"0.00%",0,0,2,0,"0.00%","0.00%","0.00%","0.00%",0,"100%","0.00%","0.00%",0,NA,0
"Buddha Garrett","INCAR WORD",32,74.72,"B",84,88.4,65.7,60,4,0,4,39.6,0,3.67,0,13,0,0,0,1,NA,0,1,0,0,0,0,0,0,0,1,0,0,0,0,0,0,"20.00%",3,0,0,0,1,0,3,0,"0.00%",0,0,1,0,"0.00%","0.00%","0.00%","0.00%",0,"100%","25.00%","0.00%",0,NA,0
"Ruben Lopez","SAN DIEGO",52,74.04,"B",76.9,81.4,62.2,59.4,8,4,1,39.6,0,18,0,-7,0,1,0,1,NA,1,1,0,0,0,0,0,0,0,1,0,0,0,0,0,0,"20.00%",0,0,0,4,2,1,2,0,"0.00%",0,0,1,0,"0.00%","0.00%","0.00%","0.00%",0,"100%","20.00%","20.00%",0,NA,0
"Harrison Keith","DARTMOUTH",59,73.59,"B",76.3,66.3,82.1,NA,9,3,1,0,0,9.2,0,0,0,0,0,0,NA,0,0,0,NA,0,0,0,0,0,0,0,0,0,0,0,0,"0.00%",1,0,0,3,0,0,0,0,"0.00%",0,0,0,0,"0.00%","0.00%","0.00%","0.00%",0,"0.00%","0.00%","0.00%",0,NA,0
"Jamie Tyson","VILLANOVA",62,73.5,"B",70.5,68.4,70.9,58,6,2,2,72.9,1,14.5,11,9,0.58,1,0,0,NA,0,0,0,0,1,0,0,0,0,0,0,0,0,0,0,0,"0.00%",2,1,0,2,2,1,1,1,"100%",11,0,0,0,"0.00%","0.00%","0.00%","100%",11,"0.00%","0.00%","0.00%",0,NA,1
"Cam Smith","YNGTOWN ST",57,73.18,"B",73.1,77.1,64.9,NA,12,1,2,39.6,0,12.7,0,27,0,0,1,1,NA,0,1,0,NA,0,0,0,0,0,0,0,0,0,0,0,0,"7.70%",2,0,0,1,2,0,1,0,"0.00%",0,0,1,0,"0.00%","0.00%","0.00%","0.00%",0,"50.00%","8.30%","0.00%",0,NA,0
"Myles Johnson","TOWSON",39,73.09,"B",88,88.7,61.2,NA,3,1,0,42.4,0,0,7,16.7,0.26,1,1,0,NA,0,1,0,NA,0,0,0,0,0,0,1,0,0,0,0,0,"0.00%",0,0,0,1,1,1,2,1,"33.30%",7,0,1,0,"0.00%","0.00%","0.00%","0.00%",2.3,"33.30%","0.00%","0.00%",0,NA,0
"Cohen Cook","NEW HAMP",69,73.07,"B",74.1,68.3,77.6,NA,12,4,3,0,0,3.83,0,0,0,0,0,1,NA,0,0,0,NA,0,0,0,0,0,0,0,0,0,0,0,0,"7.70%",3,0,0,4,2,0,0,0,"0.00%",0,0,0,0,"0.00%","0.00%","0.00%","0.00%",0,"0.00%","9.10%","0.00%",0,NA,0
"Kamrin Canterbury","PRVIEW A&M",59,72.55,"B",73.9,74.8,68.8,59.2,7,5,1,39.6,0,4.5,0,7,0,1,0,1,NA,0,1,0,0,0,0,0,0,0,0,0,0,0,0,0,0,"12.50%",1,0,0,5,2,0,1,0,"0.00%",0,0,1,0,"0.00%","0.00%","0.00%","0.00%",0,"100%","14.30%","0.00%",0,NA,0
"Pig Cage","INCAR WORD",41,72.48,"B",75.2,75.1,70.1,NA,6,0,2,0,0,2,0,0,0,0,0,1,NA,0,0,0,NA,2,0,0,0,0,0,0,0,0,0,1,0,"14.30%",2,2,0,0,1,0,1,0,"0.00%",0,0,0,0,"0.00%","0.00%","0.00%","0.00%",0,"0.00%","25.00%","0.00%",0,NA,0
"Mason Strader","BUTLER",17,72.2,"B",75.9,64.7,91.9,NA,2,1,1,0,0,1,0,0,0,0,0,0,NA,0,0,0,NA,0,0,0,0,0,0,1,0,0,0,0,0,"0.00%",1,0,0,1,1,0,0,0,"0.00%",0,0,0,0,"0.00%","0.00%","0.00%","0.00%",0,"0.00%","0.00%","0.00%",0,NA,0
"DeAngelo Ponder","ABILENE CH",57,71.94,"B",70.5,69.6,68.4,60,6,4,0,39.6,0,13,0,25,0,2,1,0,NA,0,0,0,0,0,0,0,0,0,0,0,0,0,0,0,0,"0.00%",0,0,0,4,0,0,0,0,"0.00%",0,0,0,0,"0.00%","0.00%","0.00%","0.00%",0,"0.00%","0.00%","0.00%",0,NA,0
"Jordan Coleman","ILL STATE",40,71.44,"B",75.2,75.1,69,58.9,3,0,1,39.6,0,9,-6,17.5,-0.25,0,1,0,NA,0,1,0,0,0,0,1,0,0,0,0,0,0,0,0,0,"0.00%",0,1,0,0,1,1,2,1,"25.00%",-6,0,1,0,"0.00%","0.00%","0.00%","0.00%",-1.5,"25.00%","0.00%","0.00%",0,NA,0
"Brenden Bradshaw","HOUCHR",69,70.83,"B",77.1,74,79.5,57.5,6,0,1,39.6,0,5.75,0,6,0,0,1,1,NA,0,0,0,16.7,0,0,0,0,1,0,0,0,0,0,0,0,"14.30%",1,0,1,0,1,0,1,0,"0.00%",0,0,1,0,"0.00%","0.00%","0.00%","0.00%",0,"50.00%","20.00%","0.00%",1,NA,0
"Nassor Ashenafi","W CAROLINA",27,70.58,"B",76.5,71.7,70.2,71.8,4,0,2,39.6,0,-5,0,10,0,0,0,0,NA,0,1,0,NA,1,0,0,0,0,1,0,0,0,0,0,1,"0.00%",1,1,1,0,0,0,2,0,"0.00%",0,0,1,0,"0.00%","0.00%","0.00%","0.00%",0,"100%","0.00%","0.00%",0,NA,0
"Brayden Rosa","UC DAVIS",65,69.98,"B",67.4,59.8,86.2,NA,7,5,2,50.7,0,1.5,15,10.7,0.33,3,1,0,NA,0,0,1,NA,1,0,0,0,0,0,0,0,0,0,0,0,"0.00%",2,1,0,5,2,2,0,1,"33.30%",15,1,0,0,"2.20%","0.00%","33.30%","0.00%",5,"0.00%","0.00%","0.00%",0,NA,0
"Ryan Barrett","STNY BROOK",50,69.76,"B",74.6,77.9,57.7,59.2,6,2,2,47.9,0,9,3.5,9.2,0.21,2,2,0,NA,0,1,0,0,0,0,0,0,0,0,0,0,0,0,0,0,"0.00%",1,0,0,2,3,1,3,2,"40.00%",7,0,1,0,"0.00%","0.00%","0.00%","0.00%",1.4,"20.00%","0.00%","0.00%",0,NA,0
"Eric Miles","STHLSK",31,69.19,"B",73,71.7,68.2,NA,3,1,0,39.6,0,14,0,17,0,1,1,0,NA,0,1,0,NA,0,0,0,0,0,0,0,0,0,0,0,0,"0.00%",0,0,0,1,1,1,1,0,"0.00%",0,0,1,0,"0.00%","0.00%","0.00%","0.00%",0,"50.00%","0.00%","0.00%",0,NA,0
"Debo Hall","PRESBYTERN",59,69.16,"B",73.4,72.1,71,NA,5,1,1,39.6,0,7.5,9,9.3,0.27,0,2,0,NA,0,2,0,NA,0,0,0,0,0,0,0,0,0,0,0,0,"0.00%",1,0,0,1,3,2,2,1,"25.00%",9,1,2,0,"0.00%","0.00%","25.00%","0.00%",2.3,"50.00%","0.00%","0.00%",0,NA,0
"Andre DePina-Gray","RHODE ISLD",53,68.88,"B",72.6,66.1,76.3,59.6,9,1,2,0,0,9.86,0,0,0,0,0,0,NA,0,0,0,0,0,0,0,0,0,0,0,0,0,0,0,0,"0.00%",2,0,0,1,1,0,0,0,"0.00%",0,0,0,0,"0.00%","0.00%","0.00%","0.00%",0,"0.00%","0.00%","0.00%",0,NA,0
"Noah Thompson","S DAK ST",28,68.86,"B",66.7,58.9,80,NA,6,2,2,39.6,0,5.67,0,14,0,1,2,0,NA,0,0,0,NA,1,0,0,0,0,0,0,0,0,0,0,0,"0.00%",1,1,0,2,1,1,0,0,"0.00%",0,0,0,0,"0.00%","0.00%","0.00%","0.00%",0,"0.00%","0.00%","0.00%",0,NA,0
"Zach Wusstig","IDAHO",62,68.8,"B",68.5,56.3,75,79.4,11,2,4,0,0,5.2,0,0,0,0,0,1,NA,1,0,0,0,1,0,0,0,0,0,0,0,0,1,0,1,"15.40%",2,1,1,2,3,2,2,0,"0.00%",0,0,0,1,"0.00%","0.00%","0.00%","0.00%",0,"0.00%","12.50%","20.00%",0,NA,0
"Ezra Carter","BRYANT",63,68.46,"B",64.3,69.7,60.9,NA,6,2,2,50,1,4.67,5.5,-4,0.32,1,0,1,NA,0,0,0,NA,1,0,0,0,0,0,0,0,0,0,0,0,"14.30%",2,1,0,2,4,2,1,2,"100%",11,0,0,0,"0.00%","0.00%","0.00%","50.00%",5.5,"0.00%","20.00%","0.00%",0,NA,1
"Stephan French","W GEORGIA",34,68.41,"B",72.1,69.1,72.5,NA,7,1,3,0,0,6.33,0,0,0,0,0,0,NA,0,0,0,NA,0,0,0,0,0,0,0,0,0,0,0,0,"0.00%",1,0,0,1,0,0,0,0,"0.00%",0,0,0,0,"0.00%","0.00%","0.00%","0.00%",0,"0.00%","0.00%","0.00%",0,NA,0
"Tyree Myrick","WOFFORD",37,68.13,"B",71.4,65,72.9,NA,7,1,1,0,0,23.8,0,0,0,0,0,0,NA,0,0,0,NA,0,0,0,0,0,0,0,0,0,0,0,0,"0.00%",1,0,0,1,0,0,0,0,"0.00%",0,0,0,0,"0.00%","0.00%","0.00%","0.00%",0,"0.00%","0.00%","0.00%",0,NA,0
"Lucas Theriaque","NEWHVN",73,68.13,"B",74.4,72.7,68.8,68.3,10,3,2,78.1,0,7.5,4.3,7.5,0.3,2,1,0,NA,0,0,0,25,0,0,0,0,1,0,0,0,0,0,0,0,"0.00%",1,0,1,3,2,1,2,3,"75.00%",13,1,0,0,"0.00%","0.00%","25.00%","0.00%",3.3,"0.00%","0.00%","0.00%",0,NA,0
"Myles Hansford","NEWHVN",57,67.6,"B",65.2,63.4,68.9,59.6,6,2,1,51.7,1,0,15.7,11,1.15,2,2,0,NA,0,0,1,0,0,0,0,0,0,0,0,0,0,0,0,0,"0.00%",0,0,0,2,3,3,1,3,"60.00%",47,3,0,0,"2.40%","0.00%","60.00%","20.00%",9.4,"0.00%","0.00%","0.00%",0,NA,1
"Arison Walker","INDIANA ST",28,67.57,"B",74.8,75.7,60,NA,1,0,1,37.5,1,0,3.7,4.8,0.46,0,1,0,NA,1,0,0,NA,0,0,0,0,0,0,0,0,0,0,0,0,"50.00%",0,0,0,0,1,1,2,3,"75.00%",11,0,0,0,"0.00%","0.00%","0.00%","25.00%",2.8,"0.00%","0.00%","50.00%",0,NA,1
"Xaden Benson","HARVARD",49,67.56,"B",54.3,53.2,58,59.1,3,0,1,0,1,6,0,26,0,0,2,1,NA,0,0,0,12.5,0,0,0,0,1,0,0,0,0,1,0,0,"25.00%",1,0,1,0,4,2,1,0,"0.00%",0,0,0,0,"0.00%","0.00%","0.00%","33.30%",0,"0.00%","33.30%","0.00%",0,NA,1
"Dallas Harper","DUQUESNE",60,66.98,"B",67.2,66,67.1,NA,4,0,1,31.3,1,4,13,22.5,0.43,0,0,0,NA,1,0,0,NA,0,1,0,0,0,0,0,0,0,0,0,0,"20.00%",0,0,0,0,2,2,1,1,"50.00%",13,1,0,0,"0.00%","50.00%","50.00%","50.00%",6.5,"0.00%","0.00%","25.00%",0,NA,1
"JP Schmidt","YALE",17,66.68,"B",71.2,65.2,72.2,60,6,3,1,0,0,8,0,0,0,0,0,0,NA,0,0,0,0,0,0,0,0,0,0,0,0,0,0,0,0,"0.00%",1,0,0,3,0,0,0,0,"0.00%",0,0,0,0,"0.00%","0.00%","0.00%","0.00%",0,"0.00%","0.00%","0.00%",0,NA,0
"Mekhi Hicks","HARVARD",37,66.68,"B",79.4,80.3,61.8,NA,2,0,0,39.6,0,0,0,6.5,0,0,0,0,NA,0,2,0,NA,0,0,0,0,0,0,0,0,0,0,0,0,"0.00%",0,0,0,0,0,0,2,0,"0.00%",0,0,2,0,"0.00%","0.00%","0.00%","0.00%",0,"100%","0.00%","0.00%",0,NA,0
"Ant Fisher","TENN MARTN",19,66.3,"B",75.8,75.1,64.6,NA,1,0,0,39.6,0,13,0,28,0,0,0,0,NA,0,1,0,NA,0,0,0,0,0,0,0,0,0,0,0,0,"0.00%",0,0,0,0,0,0,1,0,"0.00%",0,0,1,0,"0.00%","0.00%","0.00%","0.00%",0,"100%","0.00%","0.00%",0,NA,0
"Shahid Wilson","N ARIZONA",45,66.3,"B",69.9,66.1,72.6,59.2,5,2,1,0,0,11,0,0,0,0,0,0,NA,0,0,0,0,0,0,0,0,0,0,0,0,0,0,0,0,"0.00%",1,0,0,2,0,0,0,0,"0.00%",0,0,0,0,"0.00%","0.00%","0.00%","0.00%",0,"0.00%","0.00%","0.00%",0,NA,0
"Bryant Meredith","MONTANA ST",39,65.88,"B",68.5,66.6,67.4,NA,5,3,1,0,0,4.5,0,0,0,1,0,0,NA,0,0,0,NA,0,0,0,0,0,0,0,0,0,0,0,0,"0.00%",1,0,0,3,1,0,0,0,"0.00%",0,0,0,0,"0.00%","0.00%","0.00%","0.00%",0,"0.00%","0.00%","0.00%",0,NA,0
"Jamarion Ravenell","GARD-WEBB",39,65.77,"B",66.7,65.2,66.4,NA,1,0,0,0,0,51,0,0,0,0,0,0,NA,0,0,0,NA,0,0,0,0,0,0,0,0,0,0,0,0,"0.00%",0,0,0,0,0,0,0,0,"0.00%",0,0,0,0,"0.00%","0.00%","0.00%","0.00%",0,"0.00%","0.00%","0.00%",0,NA,0
"Kam Baah-Slay","CHATTNOOGA",43,65.39,"B",60.2,54.9,72.3,NA,5,2,0,39.6,1,5,17,19.5,0.63,1,1,0,NA,0,0,1,NA,0,0,0,0,0,0,0,0,0,0,0,0,"0.00%",0,0,0,2,2,2,1,1,"50.00%",17,1,0,0,"3.70%","0.00%","50.00%","50.00%",8.5,"0.00%","0.00%","0.00%",0,NA,1
"Dillon Williams","ABILENE CH",71,65.37,"B",72.5,64.1,77.7,73.4,8,0,5,96.9,0,0,10.3,7.9,1.77,0,1,0,NA,0,1,2,21.4,2,0,1,0,3,0,0,0,1,0,0,0,"0.00%",3,3,4,0,3,3,3,6,"75.00%",62,3,1,0,"5.70%","0.00%","37.50%","0.00%",7.8,"12.50%","0.00%","0.00%",3,NA,0
"Trevor Hardy","AUSTINPEAY",52,65.24,"B",77.4,73.4,77.9,NA,6,3,1,95.8,0,28,7,7,0.23,0,0,0,NA,0,0,0,NA,0,0,0,0,0,0,0,0,0,0,1,0,"0.00%",0,0,0,3,0,0,1,1,"100%",7,0,0,0,"0.00%","0.00%","0.00%","0.00%",7,"0.00%","0.00%","0.00%",0,NA,0
"Phillip Harris","NEW HAMP",60,65.22,"B",70.9,69.9,68.6,58.9,9,5,3,56.3,0,7.33,3.5,4.5,0.27,0,2,0,NA,0,0,0,0,0,0,0,0,0,0,0,0,0,0,0,0,"0.00%",2,0,0,5,4,1,2,2,"50.00%",7,0,0,0,"0.00%","0.00%","0.00%","0.00%",1.8,"0.00%","0.00%","0.00%",0,NA,0
"Jayden Joselin","W CAROLINA",16,64.96,"B",71.6,65.2,72.6,NA,4,2,0,0,0,9,0,0,0,0,0,0,NA,0,0,0,NA,0,0,0,0,0,0,0,0,0,0,0,0,"0.00%",0,0,0,2,0,0,0,0,"0.00%",0,0,0,0,"0.00%","0.00%","0.00%","0.00%",0,"0.00%","0.00%","0.00%",0,NA,0
"Tyson Grimm","RHODE ISLD",36,64.78,"B",70.5,66.9,71.6,NA,2,1,0,0,0,5,0,0,0,1,0,0,NA,0,0,0,NA,0,0,0,0,0,0,0,0,0,0,0,0,"0.00%",0,0,0,1,0,0,0,0,"0.00%",0,0,0,0,"0.00%","0.00%","0.00%","0.00%",0,"0.00%","0.00%","0.00%",0,NA,0
"DaMario Crawford","STNY BROOK",58,64.54,"B",70.1,67.6,74.3,57.1,1,0,1,0,0,1,0,0,0,0,0,0,NA,0,0,0,16.7,0,0,0,0,0,0,0,0,1,0,0,0,"0.00%",1,0,1,0,0,0,0,0,"0.00%",0,0,0,0,"0.00%","0.00%","0.00%","0.00%",0,"0.00%","0.00%","0.00%",1,NA,0
"Mason Taylor","NEWHVN",48,64.17,"B",67.1,59.1,72.8,66.8,5,2,0,0,0,3.67,0,0,0,0,0,0,NA,0,0,0,25,0,0,0,0,1,0,0,0,0,0,0,0,"0.00%",0,0,1,2,1,1,0,0,"0.00%",0,0,0,0,"0.00%","0.00%","0.00%","0.00%",0,"0.00%","0.00%","0.00%",1,NA,0
"Damani Maxson","PRVIEW A&M",54,63.82,"B",78.8,80.1,69.9,NA,8,1,5,79.2,0,3.67,2.3,0,0.26,0,0,1,NA,0,0,0,NA,1,0,0,0,0,0,0,0,0,0,0,0,"11.10%",2,1,0,1,1,0,3,3,"100%",7,0,0,0,"0.00%","0.00%","0.00%","0.00%",2.3,"0.00%","20.00%","0.00%",0,NA,0
"Chris Jean","CENT CT ST",38,63.42,"B",75.3,83,49.7,NA,6,1,1,56.3,0,9.5,3,15.5,0.17,0,0,0,NA,0,1,0,NA,0,0,0,0,0,0,1,0,0,0,0,0,"0.00%",0,0,0,1,2,0,2,1,"50.00%",3,0,1,0,"0.00%","0.00%","0.00%","0.00%",1.5,"50.00%","0.00%","0.00%",0,NA,0
"Colter Petre","MONTANA ST",67,63.35,"B",66.6,66.9,65.3,56.9,8,2,3,0,0,4.2,0,0,0,0,0,0,NA,0,0,0,0,0,0,0,0,0,0,0,0,0,0,0,0,"0.00%",3,0,0,2,2,0,0,0,"0.00%",0,0,0,0,"0.00%","0.00%","0.00%","0.00%",0,"0.00%","0.00%","0.00%",0,NA,0
"Brock Cornell","PENN",25,63.23,"B",69.5,66.4,68.6,NA,2,1,1,0,0,0,0,0,0,0,0,0,NA,0,0,0,NA,0,0,1,0,0,0,0,0,0,0,0,0,"0.00%",0,1,0,1,0,0,0,0,"0.00%",0,0,0,0,"0.00%","0.00%","0.00%","0.00%",0,"0.00%","0.00%","0.00%",0,NA,0
"Dontay Johnson","S DAK ST",49,63.19,"B",72.6,66.7,82.6,NA,11,3,2,84.4,0,3.67,6.3,13.3,0.61,0,1,0,NA,0,0,0,NA,0,0,0,0,0,0,0,0,0,0,0,0,"0.00%",1,0,0,3,1,1,0,3,"75.00%",19,0,0,0,"0.00%","0.00%","0.00%","0.00%",4.8,"0.00%","0.00%","0.00%",0,NA,0
"Tyler Erkman","N DAKOTA",63,63.01,"B",64.6,60.7,68.7,NA,11,3,1,0,0,9.83,0,0,0,1,0,0,NA,2,0,0,NA,0,0,0,0,0,0,0,0,0,0,0,0,"15.40%",1,0,0,3,4,2,0,0,"0.00%",0,0,0,0,"0.00%","0.00%","0.00%","0.00%",0,"0.00%","0.00%","40.00%",0,NA,0
"Nick Peltekian","LEHIGH",59,62.37,"B",69.4,66.7,71.4,NA,3,0,1,0,0,6,0,0,0,0,0,0,NA,0,0,0,NA,0,0,0,0,0,0,0,0,0,0,0,0,"0.00%",1,0,0,0,0,0,0,0,"0.00%",0,0,0,0,"0.00%","0.00%","0.00%","0.00%",0,"0.00%","0.00%","0.00%",0,NA,0
"O'Marion Lewis","CAMPBELL",54,62.33,"B",78.3,78.4,64.5,NA,2,0,1,42.4,0,0,6,13.7,0.14,0,2,0,NA,0,0,0,NA,0,0,0,0,0,0,0,0,0,0,0,0,"0.00%",0,0,0,0,0,0,2,1,"33.30%",6,0,0,0,"0.00%","0.00%","0.00%","0.00%",2,"0.00%","0.00%","0.00%",0,NA,0
"Kyran Moore","STF AUSTIN",38,62.31,"B",73.3,65.4,72.3,75.2,3,0,2,39.6,0,5,0,4,0,0,1,0,NA,0,0,0,NA,0,0,0,0,0,0,0,0,0,0,0,1,"0.00%",1,0,1,0,0,0,1,0,"0.00%",0,0,0,0,"0.00%","0.00%","0.00%","0.00%",0,"0.00%","0.00%","0.00%",1,NA,0
"Ken Moore Jr.","W CAROLINA",40,62.23,"B",79,77.1,67.2,69.4,5,1,3,77.1,0,6,3.7,1.8,0.52,0,0,0,NA,0,0,0,25,0,0,0,0,0,0,0,0,0,0,0,1,"0.00%",0,0,1,1,1,1,3,3,"75.00%",11,1,1,0,"0.00%","0.00%","25.00%","0.00%",2.8,"25.00%","0.00%","0.00%",1,NA,0
"Daren Omoregie","CENT CT ST",39,62.09,"B",73.9,76.5,65.1,56.6,2,0,1,56.3,0,2,3,9,0.2,0,0,0,NA,0,0,0,16.7,0,0,0,0,2,0,0,0,0,0,0,0,"0.00%",0,0,2,0,0,0,2,1,"50.00%",3,0,1,0,"0.00%","0.00%","0.00%","0.00%",1.5,"50.00%","0.00%","0.00%",2,NA,0
"Abdoul Bah","NEWHVN",25,61.89,"B",69.2,65.9,62.4,67.1,2,1,1,0,0,0,0,0,0,0,0,0,NA,0,0,0,12.5,0,0,0,0,2,0,0,0,0,0,0,0,"0.00%",0,0,2,1,0,0,0,0,"0.00%",0,0,0,0,"0.00%","0.00%","0.00%","0.00%",0,"0.00%","0.00%","0.00%",1,NA,0
"Jadan Aubert","TARLETON",18,61.85,"B",69.1,64.7,70.3,NA,3,0,2,0,0,12,0,0,0,0,0,0,NA,0,0,0,NA,0,0,0,0,0,0,0,0,0,0,0,0,"0.00%",2,0,0,0,1,0,0,0,"0.00%",0,0,0,0,"0.00%","0.00%","0.00%","0.00%",0,"0.00%","0.00%","0.00%",0,NA,0
"Mark Johnson","VALPO",60,61.62,"B",69.9,72.6,60.3,60,9,0,1,39.6,0,14.86,9,13.5,0.26,0,2,0,NA,0,0,0,0,0,0,0,0,0,0,0,0,0,0,0,0,"0.00%",0,0,0,0,3,1,2,1,"25.00%",9,1,0,0,"0.00%","0.00%","25.00%","0.00%",2.3,"0.00%","0.00%","0.00%",0,NA,0
"Isaac Redford","PORTLAND",68,61.61,"B",60.1,54.5,69.4,NA,10,2,2,0,0,8.6,0,0,0,1,0,0,NA,1,0,0,NA,0,0,0,0,0,1,0,0,0,0,0,0,"9.10%",2,0,0,2,4,3,0,0,"0.00%",0,0,0,0,"0.00%","0.00%","0.00%","0.00%",0,"0.00%","0.00%","20.00%",0,NA,0
"Donovan Fey","MONMOUTH",49,61.54,"B",64.3,59.7,69.4,NA,6,3,0,0,0,13,0,0,0,0,0,1,NA,0,0,0,NA,0,0,0,0,0,0,0,0,0,0,0,0,"14.30%",0,0,0,3,2,1,0,0,"0.00%",0,0,0,0,"0.00%","0.00%","0.00%","0.00%",0,"0.00%","14.30%","0.00%",0,NA,0
"Rylan Crawford","ILL STATE",18,61.52,"B",70,64.7,71.1,NA,2,1,0,0,0,6,0,0,0,0,0,0,NA,0,0,0,NA,0,0,0,0,0,0,0,0,0,0,0,0,"0.00%",0,0,0,1,0,0,0,0,"0.00%",0,0,0,0,"0.00%","0.00%","0.00%","0.00%",0,"0.00%","0.00%","0.00%",0,NA,0
"Brody Michael","IDAHO",25,61.41,"B",69.7,71.5,60,60,3,1,1,56.3,0,17,-1,3,-0.08,1,1,0,NA,0,0,0,0,0,0,1,0,0,0,0,0,0,0,0,0,"0.00%",0,1,0,1,1,0,1,1,"50.00%",-1,0,0,0,"0.00%","0.00%","0.00%","0.00%",-0.5,"0.00%","0.00%","0.00%",0,NA,0
"Kristian Dillard","NICHOLLS",38,60.79,"B",73.6,78.6,61.9,NA,5,0,3,70.1,0,5.67,3,1.3,0.5,0,1,0,NA,0,0,0,NA,0,3,1,0,0,0,0,0,0,0,0,0,"0.00%",1,1,0,0,2,0,2,2,"66.70%",6,0,0,0,"0.00%","100%","0.00%","0.00%",2,"0.00%","0.00%","0.00%",0,NA,0
"Zachary Corna","BUCKNELL",69,60.45,"B",70.3,72,65.4,57.8,3,1,2,42.4,0,3,5,5,0.19,1,2,1,NA,0,0,0,0,0,0,0,0,0,0,0,0,0,0,0,0,"25.00%",1,0,0,1,1,0,1,1,"33.30%",5,0,0,0,"0.00%","0.00%","0.00%","0.00%",1.7,"0.00%","50.00%","0.00%",0,NA,0
"Kavon Miller","PRINCETON",60,60.31,"B",65.7,55.5,81.5,NA,8,6,1,56.3,0,1,5,7,0.22,1,1,0,NA,1,0,0,NA,0,0,0,0,0,0,0,0,0,0,0,0,"11.10%",1,0,0,6,2,2,0,1,"50.00%",5,1,0,0,"0.00%","0.00%","50.00%","0.00%",2.5,"0.00%","0.00%","33.30%",0,NA,0
"Mike Polke","MERCER",41,60.14,"B",67.7,65.5,67.5,NA,2,2,0,0,0,0,0,0,0,0,0,0,NA,0,0,0,NA,0,0,0,0,0,0,0,0,0,0,0,0,"0.00%",0,0,0,2,0,0,0,0,"0.00%",0,0,0,0,"0.00%","0.00%","0.00%","0.00%",0,"0.00%","0.00%","0.00%",0,NA,0
"Taki Uluilakepa","MONTANA ST",47,60.1,"B",66.2,66,61.7,NA,4,1,1,39.6,0,0,0,17,0,1,0,0,NA,0,1,0,NA,0,0,0,0,0,0,0,0,0,0,0,0,"0.00%",0,0,0,1,2,2,2,0,"0.00%",0,0,1,0,"0.00%","0.00%","0.00%","0.00%",0,"25.00%","0.00%","0.00%",0,NA,0
"Caleb Geronomi","RICHMOND",56,59.75,"C",69.1,69.8,64.4,NA,4,1,3,56.3,0,5.5,4,5.5,0.14,0,0,1,NA,0,1,0,NA,1,0,0,0,0,0,0,0,0,0,0,0,"20.00%",2,1,0,1,2,1,2,1,"50.00%",4,0,1,0,"0.00%","0.00%","0.00%","0.00%",2,"50.00%","25.00%","0.00%",0,NA,0
"Markell Redding","AUSTINPEAY",39,59.74,"C",65.9,64.4,65.4,NA,3,0,1,64.6,1,4,9,9,0.53,0,0,1,NA,0,0,0,NA,0,0,0,0,0,0,0,0,0,0,0,0,"25.00%",1,0,0,0,2,1,1,1,"100%",9,0,0,0,"0.00%","0.00%","0.00%","100%",9,"0.00%","33.30%","0.00%",0,NA,1
"Jacob Sekiyoba","CENT ARK",63,59.68,"C",61.6,57.7,68.1,NA,8,2,1,39.6,0,3.67,0,25,0,1,1,1,NA,1,0,0,NA,1,0,0,0,0,0,0,0,0,0,0,0,"20.00%",1,1,0,2,3,2,0,0,"0.00%",0,0,0,0,"0.00%","0.00%","0.00%","0.00%",0,"0.00%","20.00%","20.00%",0,NA,0
"Tariq Hollinger","W GEORGIA",29,59.46,"C",67.6,67.1,64.9,59.7,2,1,1,0,0,0,0,0,0,0,0,0,NA,0,0,0,0,0,0,0,0,0,0,0,0,0,0,0,0,"0.00%",0,0,0,1,0,0,0,0,"0.00%",0,0,0,0,"0.00%","0.00%","0.00%","0.00%",0,"0.00%","0.00%","0.00%",0,NA,0
"Kade Boyd","MONTANA",50,59.4,"C",64.9,62.6,68.4,NA,4,1,1,39.6,0,21,0,13,0,0,0,0,NA,0,0,0,NA,0,0,0,0,0,0,0,0,0,0,0,0,"0.00%",0,0,0,1,1,1,1,0,"0.00%",0,0,0,0,"0.00%","0.00%","0.00%","0.00%",0,"0.00%","0.00%","0.00%",0,NA,0
"Bryce Djossou","MORGAN ST",28,59.24,"C",67.4,68.5,60,58.3,2,1,0,0,0,0,0,0,0,1,0,0,NA,0,0,0,0,0,0,0,0,0,0,0,0,0,0,0,0,"0.00%",0,0,0,1,0,0,0,0,"0.00%",0,0,0,0,"0.00%","0.00%","0.00%","0.00%",0,"0.00%","0.00%","0.00%",0,NA,0
"Carter Hanberry","SE LA",80,59.18,"C",65.9,73.1,47.7,58.5,14,4,3,86.7,0,6.33,6,7.4,0.47,3,1,0,NA,1,0,0,25,0,0,0,0,1,0,0,0,0,0,0,0,"6.70%",1,0,1,4,8,2,3,4,"80.00%",24,1,0,0,"0.00%","0.00%","20.00%","0.00%",4.8,"0.00%","0.00%","12.50%",1,NA,0
"Senquavious Alsobrooks","ELON",18,59.16,"C",71.5,72.6,60,NA,1,0,1,0,0,0,0,0,0,0,0,0,NA,0,0,0,NA,0,0,0,0,0,0,0,0,0,0,0,0,"0.00%",0,0,0,0,0,0,1,0,"0.00%",0,0,0,0,"0.00%","0.00%","0.00%","0.00%",0,"0.00%","0.00%","0.00%",0,NA,0
"Dedric Walker","BRYANT",65,59.1,"C",68,70.1,58.7,66.9,7,2,1,67.9,0,5.33,6.3,6.2,0.59,1,2,1,NA,0,1,0,0,0,0,0,0,0,0,0,1,0,0,0,0,"12.50%",1,0,0,2,3,1,1,3,"60.00%",19,1,1,0,"0.00%","0.00%","20.00%","0.00%",3.8,"20.00%","20.00%","0.00%",0,NA,0
"DJ Delmore","SE MO ST",39,59.04,"C",63.4,54,82.9,NA,6,1,4,39.6,0,2.67,7,19.8,0.32,0,2,0,NA,1,0,0,NA,0,0,0,0,0,0,0,0,0,0,0,0,"14.30%",3,0,0,1,2,2,0,1,"25.00%",7,0,0,0,"0.00%","0.00%","0.00%","0.00%",1.8,"0.00%","0.00%","33.30%",0,NA,0
"Dax Pregeant","MURRAY ST",32,59.02,"C",73.7,78,65.6,NA,8,2,2,79.2,0,10.25,2,-1,0.25,0,0,1,NA,0,0,0,NA,0,1,0,0,0,0,0,0,0,0,0,0,"11.10%",0,0,0,2,1,0,1,1,"100%",2,0,0,0,"0.00%","100%","0.00%","0.00%",2,"0.00%","14.30%","0.00%",0,NA,0
"Nick Coates","CHATTNOOGA",15,58.99,"C",68.9,62.4,71.2,NA,2,0,1,0,0,3,0,0,0,0,0,0,NA,0,0,0,NA,0,0,0,0,0,0,0,0,0,0,0,0,"0.00%",1,0,0,0,0,0,0,0,"0.00%",0,0,0,0,"0.00%","0.00%","0.00%","0.00%",0,"0.00%","0.00%","0.00%",0,NA,0
"Felix Matos","LIUSHAR",60,58.98,"C",64.1,61.5,67.1,NA,3,1,1,0,0,11.5,0,0,0,0,0,0,NA,1,0,0,NA,1,0,0,0,0,0,0,0,0,0,0,0,"25.00%",1,1,0,1,2,1,0,0,"0.00%",0,0,0,0,"0.00%","0.00%","0.00%","0.00%",0,"0.00%","0.00%","100%",0,NA,0
"Will Espy","MERCYHURST",22,58.9,"C",67.8,63.1,68.6,NA,2,0,0,0,0,8.5,0,0,0,0,0,0,NA,0,0,0,NA,0,0,0,0,0,0,0,0,0,0,0,0,"0.00%",0,0,0,0,0,0,0,0,"0.00%",0,0,0,0,"0.00%","0.00%","0.00%","0.00%",0,"0.00%","0.00%","0.00%",0,NA,0
"Jeremiah Lewis","SACR HEART",22,58.8,"C",74.6,74.4,66.8,NA,5,1,2,83.3,0,26,4,4,0.4,0,0,0,NA,0,0,0,NA,0,0,0,0,0,0,0,0,0,0,0,0,"0.00%",0,0,0,1,0,0,1,1,"100%",4,0,0,0,"0.00%","0.00%","0.00%","0.00%",4,"0.00%","0.00%","0.00%",0,NA,0
"Sekou Roland","ALBANY",18,58.62,"C",68.6,63.3,67.4,59.6,2,1,1,0,0,0,0,0,0,0,0,0,NA,0,0,0,0,0,0,0,0,0,0,0,0,0,0,0,0,"0.00%",0,0,0,1,0,0,0,0,"0.00%",0,0,0,0,"0.00%","0.00%","0.00%","0.00%",0,"0.00%","0.00%","0.00%",0,NA,0
"Stephen Woods Jr.","TARLETON",45,58.58,"C",65.4,65.9,62.3,59.7,2,0,0,39.6,0,12,0,13,0,0,2,0,NA,0,0,0,0,0,0,0,0,1,0,0,0,0,1,0,0,"0.00%",0,0,1,0,1,0,0,0,"0.00%",0,0,0,0,"0.00%","0.00%","0.00%","0.00%",0,"0.00%","0.00%","0.00%",0,NA,0
"Matthew McClelland","S ILLINOIS",32,58.17,"C",59.7,62,54.7,NA,6,3,0,0,0,5,0,0,0,2,0,1,NA,0,0,0,NA,0,0,0,0,0,0,0,0,0,0,0,0,"14.30%",0,0,0,3,2,1,0,0,"0.00%",0,0,0,0,"0.00%","0.00%","0.00%","0.00%",0,"0.00%","33.30%","0.00%",0,NA,0
"Nick Vecchiarelli","E ILLINOIS",44,57.12,"C",59.5,54.5,74.6,59.7,7,1,1,39.6,0,4.75,0,33,0,0,1,0,NA,1,0,0,0,0,0,0,0,0,0,0,0,0,0,0,0,"12.50%",1,0,0,1,3,2,0,0,"0.00%",0,0,0,0,"0.00%","0.00%","0.00%","0.00%",0,"0.00%","0.00%","33.30%",0,NA,0
"Cameron Best-Alston","DARTMOUTH",57,56.96,"C",73.9,73.1,70.7,59.1,9,3,3,108.3,0,4.5,10,-6,0.77,1,0,0,NA,0,0,0,0,1,0,0,0,0,0,0,0,0,0,0,0,"0.00%",2,1,0,3,1,0,1,1,"100%",10,1,0,0,"0.00%","0.00%","100%","0.00%",10,"0.00%","0.00%","0.00%",0,NA,0
"Brenden Toppin","VILLANOVA",60,56.69,"C",63.4,66.6,66.7,NA,2,0,0,39.6,0,9.5,0,8,0,0,1,0,NA,0,0,0,NA,0,0,0,0,0,0,0,0,0,0,0,0,"0.00%",0,0,0,0,1,0,0,0,"0.00%",0,0,0,0,"0.00%","0.00%","0.00%","0.00%",0,"0.00%","0.00%","0.00%",0,NA,0
"Sidoine Djimbou","ALBANY",25,56.14,"C",64.3,63.1,63.9,NA,6,2,1,39.6,0,9.75,0,12.5,0,0,0,1,NA,0,0,0,NA,0,0,0,0,0,0,0,0,0,0,0,0,"14.30%",1,0,0,2,1,0,0,0,"0.00%",0,0,0,0,"0.00%","0.00%","0.00%","0.00%",0,"0.00%","14.30%","0.00%",0,NA,0
"Anthony Redfern","HOLY CROSS",20,55.79,"C",67.1,67.4,60,NA,2,0,0,0,0,0,0,0,0,0,0,0,NA,0,0,0,NA,0,0,0,0,0,0,0,0,0,0,0,0,"0.00%",0,0,0,0,0,0,0,0,"0.00%",0,0,0,0,"0.00%","0.00%","0.00%","0.00%",0,"0.00%","0.00%","0.00%",0,NA,0
"Quentin McDowell","CENT ARK",34,55.69,"C",70.2,61.8,84.8,58.7,5,1,2,79.2,0,0.5,2.7,-2.3,0.44,0,0,0,NA,0,0,0,0,1,0,0,0,0,0,0,0,0,0,0,0,"0.00%",2,1,0,1,1,1,0,3,"100%",8,1,0,0,"0.00%","0.00%","33.30%","0.00%",2.7,"0.00%","0.00%","0.00%",0,NA,0
"Garrett Nichols","BROWN",62,55.58,"C",70.4,68.3,72,NA,5,3,0,97.9,0,7,10.7,10.3,0.74,2,0,0,NA,1,1,1,NA,0,0,0,0,0,0,0,0,0,0,0,0,"16.70%",0,0,0,3,2,2,1,3,"75.00%",32,1,1,0,"2.30%","0.00%","25.00%","0.00%",8,"25.00%","0.00%","25.00%",0,NA,0
"Jamari Dickens","Argonauts",53,55.38,"C",63.7,66.1,57.5,NA,2,1,0,0,0,8,0,0,0,0,0,1,NA,0,0,0,NA,0,0,0,0,0,0,0,0,0,0,0,0,"33.30%",0,0,0,1,1,0,0,0,"0.00%",0,0,0,0,"0.00%","0.00%","0.00%","0.00%",0,"0.00%","33.30%","0.00%",0,NA,0
"Kenny Langston","COLGATE",51,55.26,"C",66.1,64.5,66.9,NA,4,0,1,45.1,0,5.5,11,5.7,0.28,0,1,0,NA,0,1,0,NA,0,0,0,0,0,0,0,0,0,0,0,0,"0.00%",1,0,0,0,2,2,1,1,"33.30%",11,1,1,0,"0.00%","0.00%","33.30%","0.00%",3.7,"33.30%","0.00%","0.00%",0,NA,0
"EJ Fisk","SE MO ST",28,54.91,"C",71.2,65.4,76.2,NA,7,4,0,95.8,0,7,7,4,0.58,0,0,0,NA,0,0,0,NA,0,0,0,0,0,0,0,0,0,0,0,0,"0.00%",0,0,0,4,0,0,0,1,"100%",7,0,0,0,"0.00%","0.00%","0.00%","0.00%",7,"0.00%","0.00%","0.00%",0,NA,0
"Josh Oluremi","VILLANOVA",25,54.55,"C",66,64.3,67.2,56.9,2,0,1,39.6,0,5,0,3,0,0,1,0,NA,0,0,0,0,0,0,0,0,0,0,0,0,0,0,0,0,"0.00%",1,0,0,0,0,0,0,0,"0.00%",0,0,0,0,"0.00%","0.00%","0.00%","0.00%",0,"0.00%","0.00%","0.00%",0,NA,0
"Javon Bejarano","HOUCHR",69,54.52,"C",66.2,64.9,66.5,60,11,3,3,85.4,0,3.43,10,5,0.54,0,1,4,NA,1,0,1,50,2,0,0,0,1,0,1,0,0,1,0,0,"31.30%",3,2,1,3,5,1,0,2,"66.70%",20,2,0,0,"2.70%","0.00%","66.70%","0.00%",6.7,"0.00%","28.60%","50.00%",0,NA,0
"Brady Sorenson","UTAHTC",20,54.36,"C",90.1,89.5,63.9,NA,2,0,0,109.7,1,11,40,25,6.15,0,0,0,NA,0,0,2,NA,0,0,0,1,0,0,0,0,0,0,0,0,"0.00%",0,0,0,0,2,2,1,2,"66.70%",80,2,0,0,"15.40%","0.00%","66.70%","33.30%",26.7,"0.00%","0.00%","0.00%",0,NA,1
"Steven Stephany","BUTLER",43,54.27,"C",65.4,68.2,54.1,NA,2,1,0,0,0,0,0,0,0,0,0,0,NA,0,0,0,NA,0,0,0,0,0,0,0,0,0,0,0,0,"0.00%",0,0,0,1,1,0,0,0,"0.00%",0,0,0,0,"0.00%","0.00%","0.00%","0.00%",0,"0.00%","0.00%","0.00%",0,NA,0
"Tye Holsey","GARD-WEBB",16,54.26,"C",63.3,71.9,49.8,NA,1,0,1,0,0,0,0,0,0,0,0,1,NA,0,0,0,NA,0,0,0,0,1,0,0,0,0,1,0,0,"50.00%",0,0,1,0,1,0,1,0,"0.00%",0,0,0,0,"0.00%","0.00%","0.00%","0.00%",0,"0.00%","100%","0.00%",0,NA,0
"Xavier McIntyre","INDIANA ST",26,54.08,"C",67.6,64.9,65.9,NA,1,0,1,39.6,0,1,0,-1.5,0,0,2,0,NA,0,0,0,NA,0,0,0,0,0,0,0,0,0,0,0,0,"0.00%",1,0,0,0,0,0,0,0,"0.00%",0,0,0,0,"0.00%","0.00%","0.00%","0.00%",0,"0.00%","0.00%","0.00%",0,NA,0
"Chaz Katoanga","PORTLAND",28,53.77,"C",61.5,65.6,53.3,NA,3,1,1,0,0,5.5,0,0,0,0,0,0,NA,0,0,0,NA,0,0,0,0,0,0,0,0,0,0,0,0,"0.00%",1,0,0,1,2,0,0,0,"0.00%",0,0,0,0,"0.00%","0.00%","0.00%","0.00%",0,"0.00%","0.00%","0.00%",0,NA,0
"Nic Yatsko","INDIANA ST",33,53.55,"C",65.3,66.5,59.4,NA,2,0,1,39.6,0,-1,0,13,0,0,0,0,NA,0,0,0,NA,1,0,0,0,0,0,0,0,0,0,0,0,"0.00%",1,1,0,0,1,0,0,0,"0.00%",0,0,0,0,"0.00%","0.00%","0.00%","0.00%",0,"0.00%","0.00%","0.00%",0,NA,0
"Johnny Williamson","CORNELL",77,53.25,"C",66.1,58.5,70.7,73.5,7,2,2,70.1,0,3,3,4,0.22,0,1,0,NA,1,0,0,33.3,0,0,0,0,0,0,0,0,0,0,0,1,"12.50%",1,0,1,2,3,2,0,2,"66.70%",6,1,0,0,"0.00%","0.00%","33.30%","0.00%",2,"0.00%","0.00%","33.30%",0,NA,0
"Aundre Gibson","N ARIZONA",20,53.23,"C",65.4,64.4,62.9,59.2,1,1,0,39.6,0,0,0,11,0,0,1,0,NA,0,0,0,0,0,0,0,0,0,0,0,0,0,0,0,0,"0.00%",0,0,0,1,0,0,0,0,"0.00%",0,0,0,0,"0.00%","0.00%","0.00%","0.00%",0,"0.00%","0.00%","0.00%",0,NA,0
"Tanner Huff","MONTANA",44,53.2,"C",58.5,57.6,60.5,NA,5,1,2,0,0,4,0,0,0,0,0,0,NA,0,0,0,NA,0,0,0,0,0,0,0,0,0,0,0,0,"0.00%",2,0,0,1,3,1,0,0,"0.00%",0,0,0,0,"0.00%","0.00%","0.00%","0.00%",0,"0.00%","0.00%","0.00%",0,NA,0
"Jeremiah McGill","MAINE",57,53.14,"C",58.9,55.4,60.3,69.5,5,0,2,50.9,0,3.75,7.3,8.6,0.81,0,3,1,NA,0,0,0,25,1,4,0,0,1,0,0,0,0,0,0,0,"16.70%",1,1,1,0,4,2,0,3,"42.90%",22,1,0,0,"0.00%","57.10%","14.30%","0.00%",3.1,"0.00%","20.00%","0.00%",1,NA,0
"Unknown Brown D30","BROWN",15,53.01,"C",64.2,64.2,60,NA,NA,0,0,0,0,0,0,0,0,NA,0,NA,NA,NA,0,0,NA,NA,0,NA,0,0,0,0,0,0,0,0,0,NA,NA,0,0,NA,0,0,0,0,"0.00%",0,0,0,0,"0.00%","0.00%","0.00%","0.00%",0,"0.00%",NA,NA,0,NA,0
"Alon Woodberry","TARLETON",16,52.9,"C",63.5,62.6,61.7,NA,NA,0,0,0,0,0,0,0,0,NA,0,NA,NA,NA,0,0,NA,NA,0,NA,0,0,0,0,0,0,0,0,0,NA,NA,0,0,NA,0,0,0,0,"0.00%",0,0,0,0,"0.00%","0.00%","0.00%","0.00%",0,"0.00%",NA,NA,0,NA,0
"Mark Hawkins Jr.","MERCYHURST",51,52.88,"C",70.7,62.3,71.9,79.7,5,2,1,102.8,0,0,8.7,7.7,0.76,1,0,0,NA,0,0,1,0,1,0,0,0,0,0,0,0,0,0,1,1,"0.00%",1,1,1,2,1,1,1,3,"100%",26,1,0,1,"2.90%","0.00%","33.30%","0.00%",8.7,"0.00%","0.00%","0.00%",0,NA,0
"Braylon James","CORNELL",15,52.87,"C",63.8,63.7,60.3,NA,NA,0,0,0,0,0,0,0,0,NA,0,NA,NA,NA,0,0,NA,NA,0,NA,0,0,0,0,0,0,0,0,0,NA,NA,0,0,NA,0,0,0,0,"0.00%",0,0,0,0,"0.00%","0.00%","0.00%","0.00%",0,"0.00%",NA,NA,0,NA,0
"Wyatt Little","VALPO",25,52.78,"C",59.6,62.1,56.4,NA,6,2,3,0,0,4.25,0,0,0,0,0,1,NA,1,0,0,NA,0,0,0,0,0,0,0,0,0,0,0,0,"25.00%",3,0,0,2,3,1,1,0,"0.00%",0,0,1,0,"0.00%","0.00%","0.00%","0.00%",0,"0.00%","14.30%","100%",0,NA,0
"Tim White","S DAKOTA",80,52.64,"C",64.7,58.1,73.6,NA,9,4,0,81.9,0,9.25,9,7.7,0.26,0,1,0,NA,0,0,0,NA,0,0,0,1,0,0,0,0,0,0,0,0,"0.00%",0,0,0,4,3,2,0,1,"33.30%",9,1,0,0,"0.00%","0.00%","33.30%","0.00%",3,"0.00%","0.00%","0.00%",0,NA,0
"Brooks Esplin","MURRAY ST",16,52,"C",57.3,62.8,53.5,NA,2,0,0,0,0,13,0,0,0,0,0,0,NA,0,0,0,NA,0,0,0,0,0,0,0,0,0,0,0,0,"0.00%",0,0,0,0,1,0,0,0,"0.00%",0,0,0,0,"0.00%","0.00%","0.00%","0.00%",0,"0.00%","0.00%","0.00%",0,NA,0
"Dana Johnson Jr.","ALBANY",49,51.96,"C",74.7,71.7,73.1,NA,11,5,4,158.3,0,7,25.5,22.5,3.64,3,0,0,NA,0,0,1,NA,0,0,0,1,0,0,0,0,0,0,0,0,"0.00%",2,0,0,5,1,1,2,2,"100%",51,1,0,0,"7.10%","0.00%","50.00%","0.00%",25.5,"0.00%","0.00%","0.00%",0,NA,0
"Khaled Rawls","IDAHO",19,51.88,"C",57.1,62.3,52.1,NA,2,1,0,0,0,12,0,0,0,0,0,0,NA,0,0,0,NA,0,0,0,0,0,0,0,0,0,0,0,0,"0.00%",0,0,0,1,1,0,0,0,"0.00%",0,0,0,0,"0.00%","0.00%","0.00%","0.00%",0,"0.00%","0.00%","0.00%",0,NA,0
"DJ Dixon","N ALABAMA",25,51.87,"C",62.2,65.5,55.8,57.9,1,0,0,0,0,0,0,0,0,0,0,0,NA,0,0,0,0,0,0,0,0,0,0,0,0,0,0,0,0,"0.00%",0,0,0,0,1,0,0,0,"0.00%",0,0,0,0,"0.00%","0.00%","0.00%","0.00%",0,"0.00%","0.00%","0.00%",0,NA,0
"Chance Sautter","STF AUSTIN",28,51.55,"C",61.8,64.5,56.1,NA,1,0,0,0,0,2,0,0,0,0,0,1,NA,0,0,0,NA,0,0,0,0,0,0,0,0,0,0,0,0,"50.00%",0,0,0,0,1,0,0,0,"0.00%",0,0,0,0,"0.00%","0.00%","0.00%","0.00%",0,"0.00%","50.00%","0.00%",0,NA,0
"Braylon Howard","CORNELL",69,51.5,"C",56.7,59.9,52.7,59,4,1,2,0,0,7.5,0,0,0,0,0,2,NA,0,0,0,0,1,0,0,0,0,0,0,0,0,0,0,0,"33.30%",2,1,0,1,3,1,0,0,"0.00%",0,0,0,0,"0.00%","0.00%","0.00%","0.00%",0,"0.00%","40.00%","0.00%",0,NA,0
"Ashton Paine","MONTANA",23,51.48,"C",58.5,62.7,55.3,59.8,3,0,1,0,0,6.33,0,0,0,0,0,1,NA,0,0,0,0,0,0,0,0,0,0,0,0,0,0,0,0,"25.00%",1,0,0,0,2,0,0,0,"0.00%",0,0,0,0,"0.00%","0.00%","0.00%","0.00%",0,"0.00%","25.00%","0.00%",0,NA,0
"Brandon Worsley","E ILLINOIS",32,51.46,"C",58.7,65.6,50.5,NA,2,0,2,0,0,2,0,0,0,0,0,2,NA,0,0,0,NA,1,0,0,0,0,0,0,0,0,0,0,0,"50.00%",2,1,0,0,2,0,0,0,"0.00%",0,0,0,0,"0.00%","0.00%","0.00%","0.00%",0,"0.00%","50.00%","0.00%",0,NA,0
"Corey Williams","WOFFORD",23,50.91,"C",59.6,64.4,53.9,NA,1,0,1,0,0,4,0,0,0,0,0,1,NA,0,0,0,NA,0,0,0,0,0,0,0,0,0,0,0,0,"50.00%",1,0,0,0,1,0,0,0,"0.00%",0,0,0,0,"0.00%","0.00%","0.00%","0.00%",0,"0.00%","50.00%","0.00%",0,NA,0
"Amari Mack","MAINE",18,50.5,"C",58.8,63.7,46.7,66.1,1,0,1,0,0,0,0,0,0,0,0,0,NA,0,0,0,33.3,0,0,0,0,0,0,0,0,0,0,0,1,"0.00%",0,0,1,0,1,0,0,0,"0.00%",0,0,0,0,"0.00%","0.00%","0.00%","0.00%",0,"0.00%","0.00%","0.00%",0,NA,0
"Saco Alofipo","STF AUSTIN",26,50.49,"C",60.2,65,52.3,NA,2,0,0,0,0,5,0,0,0,0,0,1,NA,0,0,0,NA,0,0,0,0,0,0,0,0,0,0,0,0,"33.30%",0,0,0,0,1,0,0,0,"0.00%",0,0,0,0,"0.00%","0.00%","0.00%","0.00%",0,"0.00%","50.00%","0.00%",0,NA,0
"Jahlani Clarke","STETSON",46,50.35,"C",61.8,57.7,71.8,58.8,4,1,1,56.3,0,1,5,6.5,0.17,0,1,0,NA,0,0,0,0,0,0,0,0,0,0,0,0,0,0,0,0,"0.00%",1,0,0,1,3,3,1,1,"50.00%",5,0,0,0,"0.00%","0.00%","0.00%","0.00%",2.5,"0.00%","0.00%","0.00%",0,NA,0
"Ja'Torian Mack","W CAROLINA",21,50.27,"C",71.1,70.8,63.7,NA,3,1,2,79.2,0,0,2,0.5,0.29,0,0,0,NA,0,0,0,NA,0,0,0,0,0,0,0,0,0,0,0,0,"0.00%",0,0,0,1,1,1,2,2,"100%",4,0,0,0,"0.00%","0.00%","0.00%","0.00%",2,"0.00%","0.00%","0.00%",0,NA,0
"Lucas Rost","BUCKNELL",56,50.26,"C",56.9,49.1,71,NA,9,5,1,83.3,0,2.5,10,17,0.34,0,1,0,NA,1,1,0,NA,0,0,0,1,0,0,0,0,1,1,0,0,"10.00%",1,0,1,5,4,3,1,1,"33.30%",10,1,1,0,"0.00%","0.00%","33.30%","0.00%",3.3,"33.30%","0.00%","33.30%",0,NA,0
"Boogie Owens","FORDHAM",59,49.84,"C",68.8,69,64.8,NA,6,2,1,87.5,0,5,5,5,0.15,0,0,1,NA,0,0,0,NA,0,0,0,0,0,0,0,0,0,0,0,0,"14.30%",1,0,0,2,1,0,0,1,"100%",5,0,0,0,"0.00%","0.00%","0.00%","0.00%",5,"0.00%","20.00%","0.00%",0,NA,0
"Joel Castleberry","TENN MARTN",76,49.78,"C",62.4,66.2,55.7,57.8,11,0,2,102.5,1,12.33,8.6,6.2,1.16,0,0,2,NA,1,0,1,0,0,0,1,1,0,0,0,0,0,0,0,0,"21.40%",1,1,0,0,5,3,2,5,"100%",43,3,0,0,"2.70%","0.00%","60.00%","20.00%",8.6,"0.00%","40.00%","11.10%",0,NA,1
"Luke Denny","LEHIGH",62,49.57,"C",68.6,62.8,78.1,NA,8,1,2,102.8,0,3,8.7,3,0.74,0,0,0,NA,0,0,1,NA,0,0,1,0,0,0,0,0,0,0,0,0,"0.00%",1,1,0,1,2,2,1,3,"100%",26,2,0,0,"2.90%","0.00%","66.70%","0.00%",8.7,"0.00%","0.00%","0.00%",0,NA,0
"Jack Donahoe","HARVARD",59,49.53,"C",67.3,62.6,75.6,57.9,7,2,0,108.3,0,7.33,10,10,0.29,0,0,0,NA,0,0,0,0,0,0,0,0,0,0,0,0,0,0,0,0,"0.00%",0,0,0,2,1,1,0,1,"100%",10,0,0,0,"0.00%","0.00%","0.00%","0.00%",10,"0.00%","0.00%","0.00%",0,NA,0
"Jaden Ratliff","WM & MARY",48,49.53,"C",54.2,58.7,49.9,NA,7,2,0,39.6,0,10,0,25,0,1,1,3,NA,0,0,0,NA,0,0,0,0,0,0,0,0,0,0,0,0,"30.00%",0,0,0,2,4,1,0,0,"0.00%",0,0,0,0,"0.00%","0.00%","0.00%","0.00%",0,"0.00%","33.30%","0.00%",0,NA,0
"Timothy Jasper","ALCORN ST",65,49.51,"C",56.1,50.6,66.6,NA,9,4,3,62.5,0,2.33,9,9,0.26,1,1,1,NA,0,0,0,NA,0,0,0,0,0,0,0,0,0,0,0,0,"10.00%",3,0,0,4,4,3,1,1,"50.00%",9,0,0,0,"0.00%","0.00%","0.00%","0.00%",4.5,"0.00%","14.30%","0.00%",0,NA,0
"Tremel States-Jones","RHODE ISLD",40,49.28,"C",45.1,30.9,71.5,NA,3,2,0,0,0,27,0,0,0,1,0,0,NA,0,0,0,NA,0,0,0,0,0,0,0,0,0,0,0,0,"0.00%",0,0,0,2,1,1,0,0,"0.00%",0,0,0,0,"0.00%","0.00%","0.00%","0.00%",0,"0.00%","0.00%","0.00%",0,NA,0
"Kenneth Ford","SE LA",59,49.27,"C",64.3,70.7,49.3,NA,9,2,3,77.1,0,8,2.7,4,0.21,0,1,2,NA,2,0,0,NA,1,0,1,0,0,0,0,0,0,0,0,0,"30.80%",1,2,0,2,6,3,4,3,"75.00%",8,1,0,0,"0.00%","0.00%","25.00%","0.00%",2,"0.00%","28.60%","33.30%",0,NA,0
"Martez Jones","PRESBYTERN",29,49.02,"C",55.7,64.9,47.8,56.5,0,0,0,0,0,0,0,0,0,0,0,1,NA,0,0,0,0,0,0,0,0,1,0,0,0,0,1,0,0,"100%",0,0,1,0,2,0,0,0,"0.00%",0,0,0,0,"0.00%","0.00%","0.00%","0.00%",0,"0.00%","100%","0.00%",0,NA,0
"Tyson Roberts","STNY BROOK",15,48.97,"C",63.6,64.8,NA,56.4,NA,0,0,56.3,0,NA,1,6,0.08,NA,1,NA,NA,NA,0,0,0,NA,0,NA,0,0,0,0,0,0,0,0,0,NA,NA,0,0,NA,0,0,0,1,"50.00%",1,0,0,0,"0.00%","0.00%","0.00%","0.00%",0.5,"0.00%",NA,NA,0,NA,0
"Abu Kamara","YALE",72,48.88,"C",65.3,67.8,56.6,56.8,7,1,4,87.9,0,13,6.2,2.1,1.4,1,2,1,NA,2,0,1,0,0,0,2,0,0,0,0,0,0,0,0,0,"30.00%",0,2,0,1,5,4,5,9,"81.80%",56,2,0,0,"2.50%","0.00%","18.20%","0.00%",5.1,"0.00%","50.00%","25.00%",0,NA,0
"TJ Sands","TOWSON",52,48.7,"C",62.1,62.1,60,61.6,5,2,1,64.6,0,6.5,10,12,0.45,0,1,1,NA,0,0,0,10,0,0,0,0,0,0,0,0,1,0,0,0,"16.70%",1,0,1,2,3,1,0,1,"50.00%",10,1,0,0,"0.00%","0.00%","50.00%","0.00%",5,"0.00%","20.00%","0.00%",0,NA,0
"Zack Vicknair","SE LA",22,48.48,"C",58.2,65,49.6,NA,0,0,0,0,0,0,0,0,0,0,0,1,NA,0,0,0,NA,0,0,0,0,0,0,0,0,0,0,0,0,"100%",0,0,0,0,1,0,0,0,"0.00%",0,0,0,0,"0.00%","0.00%","0.00%","0.00%",0,"0.00%","100%","0.00%",0,NA,0
"Avian Rice","TARLETON",38,48.39,"C",67.7,78.7,44.2,NA,3,0,3,56.3,0,3,1,2,0.05,0,1,2,NA,0,0,0,NA,0,0,0,0,0,0,0,0,0,0,0,0,"40.00%",1,0,0,0,3,0,2,1,"50.00%",1,0,0,0,"0.00%","0.00%","0.00%","0.00%",0.5,"0.00%","66.70%","0.00%",0,NA,0
"Na'koma Simpson-Nealy","W CAROLINA",26,48.1,"C",69.6,76.5,50.2,59,4,0,2,70.1,0,4,3,7,0.4,0,1,1,NA,0,0,0,0,0,0,0,0,0,0,0,0,0,0,0,0,"20.00%",1,0,0,0,1,0,1,2,"66.70%",6,1,0,0,"0.00%","0.00%","33.30%","0.00%",2,"0.00%","50.00%","0.00%",0,NA,0
"Kymari Latney","SACR HEART",48,47.84,"C",51.7,39.1,78.4,NA,8,3,2,58.3,0,4,7,14.8,0.56,1,1,0,NA,2,0,0,NA,1,0,0,0,0,0,0,0,0,0,0,0,"20.00%",1,1,0,3,5,5,0,2,"50.00%",14,1,0,0,"0.00%","0.00%","25.00%","0.00%",3.5,"0.00%","0.00%","50.00%",0,NA,0
"Julian Quintero","W CAROLINA",18,47.65,"C",72.2,72.7,60,NA,1,0,1,79.2,0,0,3,4,0.23,0,0,0,NA,0,0,0,NA,0,0,0,0,0,0,0,0,0,0,0,0,"0.00%",0,0,0,0,0,0,1,1,"100%",3,0,0,0,"0.00%","0.00%","0.00%","0.00%",3,"0.00%","0.00%","0.00%",0,NA,0
"Devin Johnson","INDIANA ST",36,47.48,"C",57.6,56.4,61.1,NA,4,1,1,56.3,0,0,6,9.3,0.5,1,2,0,NA,0,0,0,NA,0,0,0,0,0,0,0,0,0,0,0,0,"0.00%",0,0,0,1,2,2,0,2,"50.00%",12,1,0,0,"0.00%","0.00%","25.00%","0.00%",3,"0.00%","0.00%","0.00%",0,NA,0
"Eric Jackson","CENT CT ST",53,47.36,"C",55.8,53.9,60.5,NA,8,2,3,78.5,0,8,7.5,4,0.52,1,0,0,NA,0,0,0,NA,1,0,0,0,0,0,0,0,0,0,0,0,"0.00%",1,1,0,2,6,3,2,2,"66.70%",15,1,1,0,"0.00%","0.00%","33.30%","0.00%",5,"33.30%","0.00%","0.00%",0,NA,0
"Caleb Merritt","AUSTINPEAY",18,47.26,"C",66.6,73.2,60,NA,1,0,1,79.2,0,0,3,3,0.19,0,0,0,NA,0,0,0,NA,0,0,0,0,0,0,0,0,0,0,0,0,"0.00%",0,0,0,0,1,1,1,1,"100%",3,0,0,0,"0.00%","0.00%","0.00%","0.00%",3,"0.00%","0.00%","0.00%",0,NA,0
"Josh Narcisse","PENN",27,47.2,"C",71.6,68.5,70.5,NA,5,2,2,95.8,0,0,32,16.5,1.78,0,1,0,NA,0,0,1,NA,0,0,0,0,0,0,0,0,0,0,0,0,"0.00%",0,0,0,2,1,1,2,1,"50.00%",32,1,0,0,"5.60%","0.00%","50.00%","0.00%",16,"0.00%","0.00%","0.00%",0,NA,0
"Justin Rodriguez","STETSON",61,47.08,"C",67.6,68.2,62.4,NA,3,1,1,79.2,0,2.5,1,1,0.02,0,0,1,NA,0,0,0,NA,0,0,0,0,0,0,0,0,0,0,0,0,"25.00%",1,0,0,1,1,0,0,1,"100%",1,0,0,0,"0.00%","0.00%","0.00%","0.00%",1,"0.00%","25.00%","0.00%",0,NA,0
"La'Shavion Brown","ILL STATE",38,46.98,"C",65.2,66.4,54.8,70.3,3,0,1,87.5,0,9,5,-2,0.24,0,0,1,NA,1,0,0,25,0,0,1,0,2,0,0,0,0,1,0,0,"40.00%",0,1,2,0,2,1,2,1,"100%",5,0,0,0,"0.00%","0.00%","0.00%","0.00%",5,"0.00%","50.00%","33.30%",1,NA,0
"Jevean Brown","ELON",64,46.87,"C",67,62.7,76,59.7,7,1,3,118.8,0,0,15,7,1.22,0,0,0,NA,0,0,1,0,1,0,1,0,0,0,0,0,0,0,0,0,"0.00%",2,2,0,1,2,2,1,3,"100%",45,2,0,0,"2.70%","0.00%","66.70%","0.00%",15,"0.00%","0.00%","0.00%",0,NA,0
"Danny Simms","MERRIMACK",58,46.45,"C",59.7,65.4,44.1,NA,4,0,0,0,0,10,0,0,0,0,0,1,NA,1,0,0,NA,0,0,0,0,0,0,0,0,0,0,0,0,"33.30%",0,0,0,0,3,1,0,0,"0.00%",0,0,0,0,"0.00%","0.00%","0.00%","0.00%",0,"0.00%","50.00%","25.00%",0,NA,0
"No'Koi Maddox","DARTMOUTH",59,46.09,"C",56.5,47.6,67.5,NA,4,0,1,42.4,0,13.25,1,11,0.06,0,0,1,NA,1,0,0,NA,1,0,0,0,0,0,0,0,0,0,0,0,"33.30%",1,1,0,0,3,2,1,1,"33.30%",1,0,1,0,"0.00%","0.00%","0.00%","0.00%",0.3,"33.30%","20.00%","100%",0,NA,0
"Krystian Pothel","FORDHAM",62,46.07,"C",61.3,67,49.7,59.4,2,0,0,39.6,0,7.5,0,10,0,0,0,2,NA,0,0,0,0,0,0,0,0,0,0,0,0,0,0,0,0,"50.00%",0,0,0,0,3,0,0,0,"0.00%",0,0,0,0,"0.00%","0.00%","0.00%","0.00%",0,"0.00%","50.00%","0.00%",0,NA,0
"Leo Glover","N ALABAMA",59,45.81,"C",64,61.7,66.3,59.4,6,3,1,79.2,0,6,2,2,0.06,0,0,1,NA,1,0,0,0,0,0,0,0,0,0,0,0,0,0,0,0,"25.00%",1,0,0,3,3,1,0,1,"100%",2,0,0,0,"0.00%","0.00%","0.00%","0.00%",2,"0.00%","14.30%","100%",0,NA,0
"Kaiser Wilhelm","VALPO",29,45.79,"C",53.3,52,62,59.1,4,1,0,56.3,0,0,5,20.5,0.28,1,1,0,NA,0,0,0,0,0,0,0,0,0,0,0,0,0,0,0,0,"0.00%",0,0,0,1,2,2,0,1,"50.00%",5,0,0,0,"0.00%","0.00%","0.00%","0.00%",2.5,"0.00%","0.00%","0.00%",0,NA,0
"Marcus Washington","CENT ARK",22,45.64,"C",58.9,57.3,62.3,NA,0,0,0,39.6,0,0,0,8,0,0,0,0,NA,1,0,0,NA,0,0,0,0,0,0,0,0,0,0,0,0,"100%",0,0,0,0,1,1,0,0,"0.00%",0,0,0,0,"0.00%","0.00%","0.00%","0.00%",0,"0.00%","0.00%","100%",0,NA,0
"Kameron Brown","ALCORN ST",28,45.37,"C",55.9,54.6,59.1,NA,2,0,2,0,0,3,0,0,0,0,0,1,NA,1,0,0,NA,0,0,0,0,0,0,0,0,0,0,0,0,"50.00%",2,0,0,0,2,1,0,0,"0.00%",0,0,0,0,"0.00%","0.00%","0.00%","0.00%",0,"0.00%","33.30%","100%",0,NA,0
"Kalyl Lindsey","BROWN",40,44.49,"C",67.1,67.3,62.1,58.6,3,0,2,92.5,0,0,6.2,0.8,1.03,0,0,0,NA,0,0,0,0,0,0,1,0,0,0,0,0,0,0,0,0,"0.00%",0,1,0,0,2,2,2,5,"100%",31,1,0,0,"0.00%","0.00%","20.00%","0.00%",6.2,"0.00%","0.00%","0.00%",0,NA,0
"Freddie Camp","WAGNER",58,44.38,"C",65.8,65.3,64,NA,4,2,0,100,0,1,8,5,0.22,1,0,0,NA,1,0,0,NA,0,1,0,0,0,0,0,0,0,0,0,0,"20.00%",0,0,0,2,3,1,0,1,"100%",8,0,0,0,"0.00%","100%","0.00%","0.00%",8,"0.00%","0.00%","33.30%",0,NA,0
"Zamaryion Farmer-McCray","TENN MARTN",72,43.87,"C",62.7,59.9,66.8,NA,8,4,1,118.8,0,20,14,10.5,0.76,1,0,1,NA,0,0,1,NA,0,0,0,0,0,0,0,0,0,0,0,0,"11.10%",1,0,0,4,3,2,0,2,"100%",28,2,0,0,"2.70%","0.00%","100%","0.00%",14,"0.00%","16.70%","0.00%",0,NA,0
"Calvin Jaworski","N IOWA",43,43.85,"C",64.4,59.9,71.3,NA,9,0,2,90.6,0,10.4,5.8,1.3,1.05,0,0,0,NA,2,0,0,NA,0,0,0,0,0,0,0,0,0,0,0,0,"18.20%",0,0,0,0,3,2,0,4,"100%",23,1,0,0,"0.00%","0.00%","25.00%","0.00%",5.8,"0.00%","0.00%","33.30%",0,NA,0
"Shoes Brinkley","N ARIZONA",58,43.73,"C",54.1,52.3,59,59.8,4,0,1,39.6,0,5,12,14.3,0.41,0,1,0,NA,0,0,0,0,0,0,0,0,0,0,0,0,0,0,0,0,"0.00%",1,0,0,0,3,2,1,1,"25.00%",12,1,1,0,"0.00%","0.00%","25.00%","0.00%",3,"25.00%","0.00%","0.00%",0,NA,0
"Shyne Johnson","PRESBYTERN",58,43.73,"C",62.2,65,55.2,NA,8,2,1,79.2,0,6.67,17,11.5,0.55,1,0,2,NA,0,0,1,NA,0,0,0,0,0,0,0,0,0,0,0,0,"20.00%",0,0,0,2,3,1,0,1,"50.00%",17,0,0,0,"3.20%","0.00%","0.00%","0.00%",8.5,"0.00%","33.30%","0.00%",0,NA,0
"Ryan Maxwell","LIUSHAR",49,43.72,"C",60.4,60.5,60.3,59.5,10,1,1,92.4,0,9.17,12.5,17.7,1.04,1,1,1,NA,0,0,1,0,0,0,0,0,0,0,0,0,0,0,0,0,"9.10%",1,0,0,1,4,2,0,2,"66.70%",25,1,0,0,"4.20%","0.00%","33.30%","0.00%",8.3,"0.00%","14.30%","0.00%",0,NA,0
"Jeremy Richardson","MERCER",44,43.46,"C",62.1,63.6,59.7,60,8,2,2,64.6,0,6.83,25,10,1.56,0,1,2,NA,1,1,1,0,0,0,0,0,0,0,0,0,0,0,0,0,"27.30%",2,0,0,2,5,2,1,1,"33.30%",25,1,1,0,"6.30%","0.00%","33.30%","0.00%",8.3,"33.30%","20.00%","100%",0,NA,0
"Marcus Nixon","E WASHGTON",22,43.23,"C",55,47.3,70.8,NA,2,0,2,72.9,1,2.5,8.3,3,1.92,0,0,0,NA,1,0,1,NA,0,0,0,1,0,0,0,0,0,0,0,0,"33.30%",2,0,0,0,3,3,1,3,"60.00%",25,2,0,0,"7.70%","0.00%","40.00%","20.00%",5,"0.00%","0.00%","100%",0,NA,1
"Alejandro Bello","BROWN",77,43.09,"C",60.6,56.9,72.6,NA,4,1,2,92.4,0,1,12.5,18.7,0.45,0,1,0,NA,1,0,0,NA,0,0,0,0,0,0,0,0,0,0,0,0,"20.00%",1,0,0,1,3,4,0,2,"66.70%",25,2,0,0,"0.00%","0.00%","66.70%","0.00%",8.3,"0.00%","0.00%","33.30%",0,NA,0
"Justin Mcilwain","MORGAN ST",42,43.03,"C",64.8,67.7,57.2,59.2,4,1,0,83.3,0,4,4,-2,0.15,0,0,1,NA,0,0,0,0,0,0,0,0,0,0,0,0,0,0,0,0,"20.00%",0,0,0,1,1,0,0,1,"100%",4,0,0,0,"0.00%","0.00%","0.00%","0.00%",4,"0.00%","33.30%","0.00%",0,NA,0
"Garrett Baldwin","HOLY CROSS",53,42.99,"C",59.8,53.3,74.1,NA,6,1,1,100,0,19,8,8,0.24,1,0,0,NA,2,0,0,NA,0,0,0,0,0,0,0,0,0,0,0,0,"25.00%",1,0,0,1,3,3,0,1,"100%",8,1,0,0,"0.00%","0.00%","100%","0.00%",8,"0.00%","0.00%","50.00%",0,NA,0
"Akiel Lomotey","HARVARD",38,42.94,"C",59.9,61,57.4,59.8,2,1,1,60.4,0,0,8,7.5,0.29,0,1,1,NA,1,0,0,0,1,0,0,0,0,0,0,0,0,0,0,0,"50.00%",1,1,0,1,2,1,0,1,"50.00%",8,0,0,0,"0.00%","0.00%","0.00%","0.00%",4,"0.00%","33.30%","100%",0,NA,0
"Grant Tylutki","N DAKOTA",45,42.9,"C",72.1,62.9,82.9,NA,8,3,3,118.8,0,5,20,2.7,3,1,0,0,NA,2,0,2,NA,0,0,0,0,0,0,0,0,0,0,0,0,"20.00%",2,0,0,3,2,2,1,3,"100%",60,2,0,0,"10.00%","0.00%","66.70%","0.00%",20,"0.00%","0.00%","50.00%",0,NA,0
"Joseph Garcia","STNY BROOK",58,42.74,"C",60.4,61.4,56.3,NA,9,2,2,108.3,0,4.5,12.5,7.8,1.35,2,1,0,NA,1,0,1,NA,1,0,0,0,0,0,0,0,0,0,0,0,"10.00%",1,1,0,2,4,2,0,4,"80.00%",50,1,0,0,"2.70%","0.00%","20.00%","0.00%",10,"0.00%","0.00%","12.50%",0,NA,0
"Eli Campbell","WOFFORD",54,42.65,"C",55.7,53.3,58.9,NA,3,0,1,56.3,0,20,6,8.5,0.4,0,0,0,NA,0,0,0,NA,0,0,0,0,0,0,0,0,0,0,0,0,"0.00%",1,0,0,0,2,1,0,1,"50.00%",6,0,0,0,"0.00%","0.00%","0.00%","0.00%",3,"0.00%","0.00%","0.00%",0,NA,0
"Raquane Matthews","MORGAN ST",49,42.08,"C",65.2,62.6,69.9,59.9,7,3,0,134,0,0,6.7,2.7,0.49,1,0,0,NA,0,0,0,0,0,0,0,1,0,0,0,0,0,0,0,0,"0.00%",0,0,0,3,2,2,0,3,"100%",20,2,0,0,"0.00%","0.00%","66.70%","0.00%",6.7,"0.00%","0.00%","0.00%",0,NA,0
"Shermar Carter","NICHOLLS",38,41.51,"C",62.1,72.1,44.8,NA,3,1,1,79.2,0,9,2,-3,0.17,0,0,1,NA,0,0,0,NA,0,1,0,0,0,0,0,0,0,0,0,0,"25.00%",0,0,0,1,2,0,1,1,"100%",2,0,0,0,"0.00%","100%","0.00%","0.00%",2,"0.00%","33.30%","0.00%",0,NA,0
"Ross Smith","ELON",53,41.08,"C",62.4,61.4,65.1,59.6,4,1,1,87.5,0,0,5,2,0.15,0,0,0,NA,1,0,0,0,0,0,0,0,0,0,0,0,0,0,0,0,"20.00%",0,0,0,1,2,2,0,1,"100%",5,1,0,0,"0.00%","0.00%","100%","0.00%",5,"0.00%","0.00%","25.00%",0,NA,0
"RL Miller","CAL POLY",73,41.07,"C",62.4,48.3,86.4,NA,13,1,4,152.1,0,4.63,11,9.4,2.67,1,0,0,NA,0,0,2,NA,3,0,0,1,0,0,0,0,0,0,0,0,"0.00%",4,3,0,1,5,4,0,8,"100%",88,6,0,0,"6.10%","0.00%","75.00%","0.00%",11,"0.00%","0.00%","0.00%",0,NA,0
"Ian Harrison","SAN DIEGO",44,41.05,"C",59.6,52,75.3,NA,4,0,1,104.2,0,6.75,17.5,18,1.52,0,2,0,NA,1,1,1,NA,1,0,0,1,0,0,0,0,0,0,0,0,"20.00%",1,1,0,0,4,4,1,2,"40.00%",35,2,1,0,"4.30%","0.00%","40.00%","0.00%",7,"20.00%","0.00%","100%",0,NA,0
"Reece Allan","COLGATE",57,40.88,"C",57.4,55.3,65.2,60,4,1,1,91.7,0,22,12.3,13,1.26,1,1,0,NA,1,0,2,0,0,0,0,0,0,0,0,0,0,0,0,0,"20.00%",0,0,0,1,3,3,1,4,"66.70%",49,2,1,0,"5.10%","0.00%","33.30%","0.00%",8.2,"16.70%","0.00%","25.00%",0,NA,0
"Vinny Pierre Jr.","S ILLINOIS",53,40.62,"C",46.5,47.4,49.3,NA,4,0,0,39.6,0,8,0,41,0,0,1,1,NA,0,0,0,NA,0,0,0,0,0,0,0,0,0,0,0,0,"20.00%",0,0,0,0,4,2,1,0,"0.00%",0,0,0,0,"0.00%","0.00%","0.00%","0.00%",0,"0.00%","50.00%","0.00%",0,NA,0
"Shaun Niu Jr.","UTAHTC",64,40.48,"C",55.6,61.7,53.2,59,8,1,3,110.4,0,2.5,13,16.5,0.9,1,1,3,NA,0,1,1,0,0,0,0,1,0,1,1,0,0,0,0,0,"27.30%",2,0,0,1,6,3,1,2,"50.00%",26,1,1,0,"3.50%","0.00%","25.00%","0.00%",6.5,"25.00%","60.00%","0.00%",0,NA,0
"Madden Beriault","BUTLER",57,40.44,"C",64.1,63.5,63.4,60,1,0,0,104.2,0,0,9,5,0.26,0,0,0,NA,0,0,0,0,0,0,0,0,0,1,0,0,0,0,0,0,"0.00%",0,0,0,0,1,1,0,1,"100%",9,0,0,0,"0.00%","0.00%","0.00%","0.00%",9,"0.00%","0.00%","0.00%",0,NA,0
"Wade Harris","NC CENT",23,40.21,"C",59.6,71.8,44.9,60,2,0,1,79.2,0,0,1,1,0.09,0,0,2,NA,0,0,0,0,1,0,0,0,0,0,0,0,0,0,0,0,"50.00%",1,1,0,0,2,0,1,1,"100%",1,0,0,0,"0.00%","0.00%","0.00%","0.00%",1,"0.00%","66.70%","0.00%",0,NA,0
"Cade Ellis","WM & MARY",66,40.13,"C",59.1,56.4,63,NA,8,2,1,101.7,0,18.8,16,13.8,1.23,0,3,2,NA,1,0,1,NA,0,0,1,2,0,0,0,0,0,0,0,0,"27.30%",0,1,0,2,5,3,1,2,"40.00%",32,2,0,0,"3.90%","0.00%","40.00%","0.00%",6.4,"0.00%","22.20%","50.00%",0,NA,0
"Victor Holt","ALBANY",35,40.12,"C",60.9,56.3,65.7,59,2,0,1,79.2,0,4,1,-1,0.13,0,0,0,NA,1,0,0,0,0,0,0,0,0,0,0,0,0,0,0,0,"33.30%",0,0,0,0,1,1,0,1,"100%",1,0,0,0,"0.00%","0.00%","0.00%","0.00%",1,"0.00%","0.00%","50.00%",0,NA,0
"Ravel Cato","CAMPBELL",39,40.09,"C",63.9,62.2,60,NA,0,0,0,79.2,0,0,1,0,0.03,0,0,0,NA,1,0,0,NA,0,0,0,0,0,0,0,0,0,0,0,0,"100%",0,0,0,0,1,1,0,1,"100%",1,0,0,0,"0.00%","0.00%","0.00%","0.00%",1,"0.00%","0.00%","100%",0,NA,0
"Kam Robinson","TARLETON",52,40.02,"C",61.4,61.2,60.9,NA,3,0,0,87.5,0,14.33,5,5,0.19,0,0,0,NA,1,0,0,NA,0,0,0,0,0,0,0,0,0,0,0,0,"25.00%",0,0,0,0,2,1,0,1,"100%",5,0,0,0,"0.00%","0.00%","0.00%","0.00%",5,"0.00%","0.00%","100%",0,NA,0
"Kasiem Cromwell","WAGNER",30,39.78,"D",53,54.5,53.8,60,2,2,0,81.3,0,0,8.5,11.7,0.81,2,1,0,NA,0,0,0,0,0,3,0,0,0,0,0,0,0,0,0,0,"0.00%",0,0,0,2,3,2,0,2,"66.70%",17,2,0,0,"0.00%","100%","66.70%","0.00%",5.7,"0.00%","0.00%","0.00%",0,NA,0
"Navon Mitchell","CENT CT ST",20,39.23,"D",65.9,51.9,82.4,NA,3,1,1,133.3,0,5,6.5,2,1.3,0,0,0,NA,1,0,0,NA,0,0,0,1,0,0,1,0,0,0,1,0,"25.00%",0,0,0,1,3,2,1,2,"100%",13,1,0,0,"0.00%","0.00%","50.00%","0.00%",6.5,"0.00%","0.00%","50.00%",0,NA,0
"Martez Cooksey Jr.","CHATTNOOGA",43,39.12,"D",61,59.4,58.6,70.2,6,1,5,107.5,0,3,12.3,8.2,1.88,1,1,1,NA,0,0,1,0,0,0,0,0,1,0,0,0,0,0,0,0,"14.30%",2,0,1,1,4,3,2,4,"80.00%",49,2,0,0,"3.90%","0.00%","40.00%","0.00%",9.8,"0.00%","33.30%","0.00%",0,NA,0
"Dylan Rowsey","MURRAY ST",42,38.62,"D",65.7,59.6,73.9,NA,8,4,0,158.3,0,17,18,10.5,1.5,0,0,0,NA,0,0,1,NA,0,2,0,1,0,0,0,0,0,0,0,0,"0.00%",0,0,0,4,1,1,0,2,"100%",36,2,0,0,"4.20%","100%","100%","0.00%",18,"0.00%","0.00%","0.00%",0,NA,0
"E'Sean Arnold","DELWARE ST",18,38.59,"D",58.6,51.8,65.4,NA,5,1,0,68.8,0,8.25,12,2,1.71,0,0,1,NA,0,0,0,NA,0,0,0,0,0,0,0,0,0,0,0,0,"16.70%",0,0,0,1,2,1,0,1,"50.00%",12,1,0,0,"0.00%","0.00%","50.00%","0.00%",6,"0.00%","16.70%","0.00%",0,NA,0
"Sam Martin Jr.","MERCER",43,38.56,"D",68,67.2,65.9,NA,2,1,0,118.8,0,0,15,15,0.88,0,0,0,NA,0,0,1,NA,0,0,0,0,0,0,0,0,0,0,0,0,"0.00%",0,0,0,1,0,0,0,1,"100%",15,1,0,0,"5.90%","0.00%","100%","0.00%",15,"0.00%","0.00%","0.00%",0,NA,0
"Josiah Blake","MORGAN ST",30,38.51,"D",59.3,57.6,62.3,60,4,2,1,95.8,0,-3,7,-1,0.47,0,0,1,NA,0,0,0,0,1,0,0,0,0,0,0,0,0,0,0,0,"20.00%",1,1,0,2,2,1,0,1,"100%",7,1,0,0,"0.00%","0.00%","100%","0.00%",7,"0.00%","25.00%","0.00%",0,NA,0
"Jayvont Williams","VILLANOVA",60,38.12,"D",63.1,60,67.1,60,6,0,2,81.9,0,9.25,47,15,1.88,0,1,1,NA,0,0,1,0,0,0,0,0,0,0,0,0,0,0,0,0,"14.30%",2,0,0,0,2,1,0,1,"33.30%",47,1,0,0,"4.00%","0.00%","33.30%","0.00%",15.7,"0.00%","20.00%","0.00%",0,NA,0
"Micah Henderson","HOUCHR",29,38,"D",59.5,56.6,64.5,NA,2,0,1,100,0,17,8,4.7,1.33,0,0,0,NA,0,0,0,NA,0,0,0,0,0,0,0,0,0,0,0,0,"0.00%",0,0,0,0,1,1,0,3,"100%",24,1,0,0,"0.00%","0.00%","33.30%","0.00%",8,"0.00%","0.00%","0.00%",0,NA,0
"Ty Cortes","PENN",28,37.39,"D",60.8,57.9,64.7,NA,2,0,1,100,0,5,8,9,0.53,0,0,0,NA,0,0,0,NA,0,0,0,0,0,0,0,0,0,0,0,0,"0.00%",1,0,0,0,1,1,0,1,"100%",8,1,0,0,"0.00%","0.00%","100%","0.00%",8,"0.00%","0.00%","0.00%",0,NA,0
"Jake Kucera","MAINE",57,37.38,"D",64.6,68.7,52.1,NA,4,1,2,107.6,0,0,18,12,1.24,1,0,1,NA,1,1,1,NA,0,1,0,0,0,0,0,0,0,0,0,0,"33.30%",0,0,0,1,3,2,2,2,"66.70%",36,2,1,0,"3.50%","33.30%","66.70%","0.00%",12,"33.30%","100%","20.00%",0,NA,0
"Devin Geronomi","RICHMOND",56,37.3,"D",60,50.1,74.6,NA,9,2,6,118.8,0,3,17,5,1.21,1,0,2,NA,2,0,1,NA,2,0,0,0,0,0,0,0,0,0,0,0,"30.80%",6,2,0,2,4,2,1,2,"100%",34,2,0,0,"3.60%","0.00%","100%","0.00%",17,"0.00%","20.00%","66.70%",0,NA,0
"Kah'mari Hill","STETSON",26,37.27,"D",57.4,52.9,67.9,NA,4,1,1,116.7,0,21,12,12,1.41,0,0,0,NA,1,0,1,NA,0,0,1,0,0,0,0,0,0,0,0,0,"20.00%",0,1,0,1,2,2,1,2,"100%",24,1,0,0,"5.90%","0.00%","50.00%","0.00%",12,"0.00%","0.00%","33.30%",0,NA,0
"Makhi Connor","DELWARE ST",44,37.21,"D",49.3,63.7,32.4,NA,6,0,0,39.6,0,8.5,0,15,0,0,0,2,NA,0,0,0,NA,0,0,0,0,0,0,0,0,0,0,0,0,"25.00%",0,0,0,0,5,2,0,0,"0.00%",0,0,0,0,"0.00%","0.00%","0.00%","0.00%",0,"0.00%","50.00%","0.00%",0,NA,0
"Ryan Moore","SACR HEART",21,36.89,"D",65.1,52.1,82.4,NA,5,2,0,118.8,0,12,35,30,4.38,0,0,0,NA,0,0,1,NA,0,0,0,0,0,0,0,0,0,0,0,0,"0.00%",0,0,0,2,1,1,0,1,"100%",35,1,0,0,"12.50%","0.00%","100%","0.00%",35,"0.00%","0.00%","0.00%",0,NA,0
"Torrion White","DELWARE ST",18,36.86,"D",41.6,44.8,50,NA,1,0,0,0,0,9,0,0,0,0,0,0,NA,1,0,0,NA,0,0,0,0,0,0,0,0,0,0,0,0,"50.00%",0,0,0,0,3,2,0,0,"0.00%",0,0,0,0,"0.00%","0.00%","0.00%","0.00%",0,"0.00%","0.00%","100%",0,NA,0
"Brayden Breedlove","CAL POLY",16,36.73,"D",44,41.1,57.7,NA,1,0,0,39.6,0,10,0,12,0,0,0,0,NA,0,0,0,NA,0,0,0,0,0,0,0,0,0,0,0,0,"0.00%",0,0,0,0,2,1,0,0,"0.00%",0,0,0,0,"0.00%","0.00%","0.00%","0.00%",0,"0.00%","0.00%","0.00%",0,NA,0
"Michael Farr III","S DAK ST",43,36.68,"D",63.3,62.6,62.2,NA,2,0,0,122.2,0,0,9,11,0.6,0,0,0,NA,1,1,0,NA,0,0,0,1,0,0,0,0,0,0,0,0,"33.30%",0,0,0,0,2,2,1,2,"66.70%",18,1,1,0,"0.00%","0.00%","33.30%","0.00%",6,"33.30%","0.00%","33.30%",0,NA,0
"Caleb Makovsky","PRESBYTERN",37,36.64,"D",59.1,50.3,68.8,NA,6,1,2,104.2,0,8,9,-2,0.64,0,0,1,NA,0,0,0,NA,0,0,0,0,0,0,0,0,0,0,0,0,"14.30%",2,0,0,1,2,1,0,1,"100%",9,0,0,0,"0.00%","0.00%","0.00%","0.00%",9,"0.00%","14.30%","0.00%",0,NA,0
"Tayden Gray","MONTANA ST",47,36.4,"D",57.8,56.9,61.1,60,8,2,2,115.3,0,7,11.7,8.2,2.5,2,0,0,NA,1,0,1,0,0,0,0,0,0,0,0,0,0,0,0,0,"11.10%",1,0,0,2,5,4,2,6,"100%",70,1,0,0,"3.60%","0.00%","16.70%","0.00%",11.7,"0.00%","0.00%","14.30%",0,NA,0
"Tay Cline","MURRAY ST",42,36.01,"D",62,54.2,76.2,NA,6,2,0,158.3,0,17.33,13,20,0.54,0,0,0,NA,1,0,0,NA,0,1,0,1,0,0,0,0,0,0,0,0,"14.30%",0,0,0,2,2,2,0,1,"100%",13,1,0,0,"0.00%","100%","100%","0.00%",13,"0.00%","0.00%","50.00%",0,NA,0
"McKel Broussard","E WASHGTON",51,35.81,"D",53.3,58.1,38.2,68.8,1,1,0,64.6,0,0,10,11,0.37,0,1,0,NA,0,0,0,16.7,0,0,0,0,0,0,0,0,2,0,0,0,"0.00%",0,0,2,1,5,1,1,1,"50.00%",10,1,0,0,"0.00%","0.00%","50.00%","0.00%",5,"0.00%","0.00%","0.00%",2,NA,0
"Kareem Williams","CAMPBELL",56,35.59,"D",58,55.4,67.2,NA,2,0,0,108.3,0,5,12,14.5,0.5,0,2,0,NA,0,0,1,NA,0,0,0,1,0,0,0,0,0,0,0,0,"0.00%",0,0,0,0,3,3,0,2,"50.00%",24,2,0,0,"2.10%","0.00%","50.00%","0.00%",6,"0.00%","0.00%","0.00%",0,NA,0
"Gabe White","HOUCHR",39,35.39,"D",47.5,42.4,65.9,NA,3,0,1,62.5,0,11,9,9.5,0.86,0,2,0,NA,2,0,0,NA,0,0,0,0,0,0,0,0,0,0,0,0,"40.00%",0,0,0,0,5,5,1,2,"50.00%",18,1,0,0,"0.00%","0.00%","25.00%","0.00%",4.5,"0.00%","0.00%","50.00%",0,NA,0
"Brian Allen","GEORGETOWN",77,35.34,"D",56.4,55.5,63.5,56.3,6,2,0,112.5,0,0,13.8,14,1.02,2,0,0,NA,1,0,2,16.7,0,0,0,0,0,0,0,0,1,0,0,0,"14.30%",0,0,1,2,6,6,1,4,"80.00%",55,4,0,0,"3.70%","0.00%","80.00%","0.00%",11,"0.00%","0.00%","14.30%",1,NA,0
"Braden Haas","HOLY CROSS",67,35.07,"D",61.3,61.6,59.5,NA,4,0,2,117.7,0,4.5,16.5,11.3,0.72,0,2,1,NA,1,0,1,NA,1,0,0,1,0,0,0,0,0,0,0,0,"33.30%",1,1,0,0,4,2,1,2,"50.00%",33,1,0,0,"2.20%","0.00%","25.00%","0.00%",8.3,"0.00%","33.30%","33.30%",0,NA,0
"Orion Kupu","TXAMEA",49,34.84,"D",59,53.5,69,59,3,0,1,118.8,0,4.5,19,19,1,0,0,0,NA,0,0,1,25,0,0,0,0,1,0,0,0,0,0,0,0,"0.00%",1,0,1,0,1,1,0,1,"100%",19,1,0,0,"5.30%","0.00%","100%","0.00%",19,"0.00%","0.00%","0.00%",1,NA,0
"Breylon Wyatt","CHISTA",65,34.68,"D",64.1,56.5,73.3,59.8,4,0,2,152.1,0,11,11,6.5,0.88,0,0,0,NA,0,0,1,0,1,0,0,1,0,0,0,0,0,0,0,0,"0.00%",2,1,0,0,2,1,0,2,"100%",22,1,0,0,"4.00%","0.00%","50.00%","0.00%",11,"0.00%","0.00%","0.00%",0,NA,0
"Jordan McClom","N IOWA",35,34.54,"D",55.8,52.6,61.8,NA,7,4,0,118.8,0,25,19,1,1,0,0,0,NA,0,0,1,NA,0,0,0,0,0,0,0,0,0,0,0,0,"0.00%",0,0,0,4,4,2,0,1,"100%",19,1,0,0,"5.30%","0.00%","100%","0.00%",19,"0.00%","0.00%","0.00%",0,NA,0
"Brayden Humpherys","GEORGETOWN",15,34.31,"D",59.3,53.5,66.3,NA,2,1,0,118.8,0,16,13,13,1.86,0,0,0,NA,0,0,0,NA,0,0,0,0,0,0,0,0,0,0,0,0,"0.00%",0,0,0,1,1,1,0,1,"100%",13,1,0,0,"0.00%","0.00%","100%","0.00%",13,"0.00%","0.00%","0.00%",0,NA,0
"Javeon Wilcox","ABILENE CH",68,34.19,"D",61.8,58,68.9,NA,9,1,0,114.2,0,8.25,14.3,10.6,1.46,0,0,0,NA,2,1,3,NA,0,0,0,0,0,0,0,0,0,0,0,0,"18.20%",0,0,0,1,5,4,1,4,"80.00%",57,4,1,0,"7.70%","0.00%","80.00%","0.00%",11.4,"20.00%","0.00%","33.30%",0,NA,0
"Gavin Duplechin","NICHOLLS",32,34.17,"D",56.2,48.4,72.1,NA,4,1,0,91.7,0,10.67,6,-3,0.33,0,0,0,NA,3,0,0,NA,0,0,0,0,0,0,0,0,0,0,0,0,"42.90%",0,0,0,1,3,3,0,1,"100%",6,0,0,0,"0.00%","0.00%","0.00%","0.00%",6,"0.00%","0.00%","100%",0,NA,0
"Chisom Onwuzurigbo","HOLY CROSS",52,33.75,"D",60.2,50,82.8,NA,5,2,2,149.3,0,0,18.8,11.5,2.34,0,1,0,NA,1,0,2,NA,2,0,0,1,0,0,0,0,0,0,0,0,"16.70%",2,2,0,2,3,3,0,4,"66.70%",75,2,0,0,"6.30%","0.00%","33.30%","0.00%",12.5,"0.00%","0.00%","50.00%",0,NA,0
"Braylon Carstarphen","PRESBYTERN",35,33.62,"D",62.2,57.8,68,NA,2,1,0,116.7,0,9,12,-5,0.8,0,0,0,NA,1,0,0,NA,0,0,0,0,0,0,0,0,0,0,0,0,"33.30%",0,0,0,1,1,1,0,1,"100%",12,1,0,0,"0.00%","0.00%","100%","0.00%",12,"0.00%","0.00%","100%",0,NA,0
"Jason Salman","VALPO",46,32.91,"D",59.3,67.5,37.3,NA,6,0,0,122.9,0,0,19,15,0.68,0,0,1,NA,0,2,1,NA,0,0,0,1,2,0,0,0,0,2,0,0,"14.30%",0,0,2,0,4,2,2,1,"50.00%",19,1,2,0,"3.60%","0.00%","50.00%","0.00%",9.5,"100%","100%","0.00%",0,NA,0
"Matai Tomas","HOUCHR",59,32.87,"D",55.5,54,74.3,59.9,4,1,1,114.6,0,0,13.8,14.2,2.03,0,1,0,NA,2,0,2,0,0,0,0,0,0,0,1,0,0,0,0,0,"33.30%",0,0,0,1,6,6,2,5,"83.30%",69,3,0,0,"5.90%","0.00%","50.00%","0.00%",11.5,"0.00%","0.00%","40.00%",0,NA,0
"Amaje Parker","S DAK ST",27,31.83,"D",55.3,60.4,49.3,58.9,1,0,1,79.2,0,0,1.5,-4.5,0.14,0,0,0,NA,2,0,0,0,0,0,0,0,0,0,0,0,0,0,0,0,"66.70%",0,0,0,0,3,2,1,2,"100%",3,0,0,0,"0.00%","0.00%","0.00%","0.00%",1.5,"0.00%","0.00%","66.70%",0,NA,0
"Bryson Logan","GEORGETOWN",57,31.52,"D",31.4,29,76.5,65.3,7,0,2,88.9,0,3.75,11.3,5.8,1.07,0,2,0,NA,1,0,0,12.5,1,0,0,0,1,0,0,0,0,0,0,0,"12.50%",2,1,1,0,8,8,0,4,"66.70%",45,3,0,0,"0.00%","0.00%","50.00%","0.00%",7.5,"0.00%","0.00%","25.00%",0,NA,0
"Tevin Tucker","NC CENT",64,31.37,"D",57.3,55.4,62.3,57.2,7,2,1,118.8,0,10.67,21,17,1.35,0,0,0,NA,0,0,2,0,0,0,0,0,0,0,0,0,0,0,0,0,"0.00%",1,0,0,2,3,2,0,2,"100%",42,2,0,0,"6.50%","0.00%","100%","0.00%",21,"0.00%","0.00%","0.00%",0,NA,0
"Duke Bradley","BRYANT",24,31.36,"D",53.1,47.4,67.9,57.7,4,1,0,115.3,0,24,11.7,11.3,2.92,1,0,0,NA,1,0,1,0,0,0,0,0,0,0,0,0,0,0,0,0,"20.00%",0,0,0,1,3,3,1,3,"100%",35,2,0,0,"8.30%","0.00%","66.70%","0.00%",11.7,"0.00%","0.00%","25.00%",0,NA,0
"Roman Hardin","CENT ARK",46,31.12,"D",56.4,55.9,58.1,NA,7,2,2,118.8,0,3.5,13,10.5,1.18,1,0,2,NA,2,0,1,NA,0,0,1,0,0,0,0,0,0,0,0,0,"36.40%",1,1,0,2,6,3,1,2,"100%",26,1,0,0,"4.50%","0.00%","50.00%","0.00%",13,"0.00%","40.00%","33.30%",0,NA,0
"Billy Eastep","YALE",72,31,"D",42.3,36.3,65.2,NA,6,0,2,69.9,0,4.25,9.3,15.3,0.65,0,5,1,NA,2,0,0,NA,0,0,0,1,0,0,0,0,0,0,0,0,"33.30%",2,0,0,0,8,7,0,3,"27.30%",28,3,0,0,"0.00%","0.00%","27.30%","0.00%",2.5,"0.00%","20.00%","50.00%",0,NA,0
"Wyatt Mueller","ILL STATE",18,30.99,"D",40.9,52.5,36.9,NA,1,0,0,39.6,0,0,0,10,0,0,1,1,NA,0,0,0,NA,0,0,0,0,0,0,0,0,0,0,0,0,"50.00%",0,0,0,0,3,1,0,0,"0.00%",0,0,0,0,"0.00%","0.00%","0.00%","0.00%",0,"0.00%","100%","0.00%",0,NA,0
"Nigel Lucas","GARD-WEBB",40,30.83,"D",54.1,50.1,64.2,NA,1,0,0,100,0,0,8,7,0.36,0,0,0,NA,0,0,0,NA,0,0,0,0,0,0,0,0,0,0,0,0,"0.00%",0,0,0,0,2,2,0,1,"100%",8,1,0,0,"0.00%","0.00%","100%","0.00%",8,"0.00%","0.00%","0.00%",0,NA,0
"Ta'Ron Haile","AUSTINPEAY",59,30.83,"D",58.3,57.8,59.3,60,3,1,2,118.8,0,-6,48,45,1.55,1,0,1,NA,0,0,1,0,1,0,0,0,0,0,0,0,0,0,0,0,"25.00%",1,1,0,1,2,1,0,1,"100%",48,1,0,0,"3.20%","0.00%","100%","0.00%",48,"0.00%","50.00%","0.00%",0,NA,0
"D.J. Cureton","RHODE ISLD",40,30.79,"D",58.2,56.9,61.3,59.2,1,1,0,116.7,0,0,12,7,0.75,0,0,1,NA,0,0,0,0,0,0,0,0,0,0,0,0,0,0,0,0,"50.00%",0,0,0,1,2,1,0,1,"100%",12,1,0,0,"0.00%","0.00%","100%","0.00%",12,"0.00%","50.00%","0.00%",0,NA,0
"Alex Koulovatos","E ILLINOIS",32,30.15,"D",56.8,53.4,63.4,NA,NA,0,0,118.8,0,0,2,10,0.17,NA,0,NA,NA,NA,0,0,NA,NA,0,NA,1,0,0,0,0,0,0,0,0,NA,NA,0,0,NA,1,1,0,1,"100%",2,1,0,0,"0.00%","0.00%","100%","0.00%",2,"0.00%",NA,NA,0,NA,0
"Aaron Woodard","PRVIEW A&M",23,29.92,"D",48.7,46.4,57.2,NA,1,0,0,83.3,0,5,10,10,1,0,2,1,NA,0,0,0,NA,0,0,0,1,0,0,0,0,0,0,0,0,"50.00%",0,0,0,0,3,2,0,1,"33.30%",10,1,0,0,"0.00%","0.00%","33.30%","0.00%",3.3,"0.00%","50.00%","0.00%",0,NA,0
"Elijah Ruffin","ALCORN ST",49,29.42,"D",46.8,48.9,46.2,NA,5,1,2,75,0,3,15,19,0.54,1,1,0,NA,1,0,1,NA,0,0,0,0,0,0,0,0,0,0,0,0,"16.70%",2,0,0,1,5,3,0,1,"50.00%",15,1,0,0,"3.60%","0.00%","50.00%","0.00%",7.5,"0.00%","0.00%","25.00%",0,NA,0
"Josh Brown","E ILLINOIS",56,29.34,"D",50.2,49.2,56.9,59.6,5,2,0,90.3,0,7,11.8,8.8,1.74,0,0,1,NA,1,1,1,0,0,0,0,0,0,0,0,0,0,0,0,0,"28.60%",0,0,0,2,7,5,1,4,"66.70%",47,2,1,0,"3.70%","0.00%","33.30%","0.00%",7.8,"16.70%","25.00%","33.30%",0,NA,0
"Braylon Jones","W CAROLINA",24,29.23,"D",68.7,57.6,70,79.4,3,1,1,118.8,0,8,58,-4,3.63,0,0,0,NA,0,0,1,NA,0,0,0,0,0,0,0,0,0,1,0,1,"0.00%",0,0,1,1,1,1,1,1,"100%",58,1,0,0,"6.30%","0.00%","100%","0.00%",58,"0.00%","0.00%","0.00%",0,NA,0
"Jonathan Kimbrough-Campbell","NC A&T",66,28.46,"D",60.9,55.2,72.1,60,10,2,0,158.3,0,11,18.3,3.8,2.09,1,0,1,NA,1,0,2,0,0,0,0,1,0,0,0,0,0,0,0,0,"16.70%",0,0,0,2,4,3,0,4,"100%",73,2,0,0,"5.70%","0.00%","50.00%","0.00%",18.3,"0.00%","16.70%","16.70%",0,NA,0
"Anthony Isley","N IOWA",17,27.64,"D",58.2,52.5,65.9,60,2,0,0,112.5,0,5,11,7,5.5,0,0,0,NA,0,0,0,0,0,0,0,0,0,0,0,0,0,0,0,0,"0.00%",0,0,0,0,1,1,0,1,"100%",11,1,0,0,"0.00%","0.00%","100%","0.00%",11,"0.00%","0.00%","0.00%",0,NA,0
"Darius Bean","HOUCHR",29,27.49,"D",51.7,66.3,35.5,60,1,0,0,91.7,0,0,6,6,0.43,0,0,1,NA,0,0,0,0,0,0,0,0,0,0,0,0,0,0,0,0,"50.00%",0,0,0,0,3,0,0,1,"100%",6,0,0,0,"0.00%","0.00%","0.00%","0.00%",6,"0.00%","100%","0.00%",0,NA,0
"Teeg Slone","UC DAVIS",42,27.08,"D",57.4,56.6,61.9,58.5,7,0,2,113.9,0,0,11.3,8.8,2.62,0,0,0,NA,1,0,2,0,0,0,0,0,0,0,0,0,0,0,0,0,"12.50%",0,0,0,0,4,4,2,6,"100%",68,4,0,0,"7.70%","0.00%","66.70%","0.00%",11.3,"0.00%","0.00%","12.50%",0,NA,0
"Patrick Batiste","INCAR WORD",77,26.76,"D",61.4,56.8,74.2,60,2,2,0,135.4,0,0,33.5,14.4,3.27,0,2,0,NA,1,0,2,0,0,0,0,2,0,0,0,0,0,0,0,0,"33.30%",0,0,0,2,3,3,3,4,"50.00%",134,4,1,0,"4.90%","0.00%","50.00%","0.00%",16.8,"12.50%","0.00%","100%",0,NA,0
"Dillon Kellner","SAN DIEGO",16,26.75,"D",52,48.3,60,65.8,1,0,0,118.8,0,0,13,7,1.44,0,0,0,NA,0,0,0,25,0,0,0,0,0,0,0,0,1,0,0,0,"0.00%",0,0,1,0,2,2,0,1,"100%",13,1,0,0,"0.00%","0.00%","100%","0.00%",13,"0.00%","0.00%","0.00%",1,NA,0
"Deandre Goodson","STHLSK",56,26.71,"D",50.3,43,68.1,NA,7,3,1,143.8,0,8,27,19.6,2.7,1,2,0,NA,0,0,2,NA,0,0,0,1,0,0,0,0,0,0,0,0,"0.00%",0,0,0,3,4,3,0,3,"60.00%",81,2,0,0,"6.70%","0.00%","40.00%","0.00%",16.2,"0.00%","0.00%","0.00%",0,NA,0
"Jaylon Jenkins","E WASHGTON",50,26.51,"D",57.2,53.3,71.7,59.5,5,0,4,142.6,0,2.5,8.7,0,1.74,0,0,0,NA,0,0,2,0,0,0,0,1,0,0,0,0,0,0,0,0,"0.00%",2,0,0,0,4,4,1,7,"100%",61,3,0,0,"5.70%","0.00%","42.90%","0.00%",8.7,"0.00%","0.00%","0.00%",0,NA,0
"Trey Cotton","TENN MARTN",75,26.21,"D",51.1,62.3,32.7,NA,16,7,3,140.2,0,6.6,8.1,6.3,1.46,3,0,5,NA,2,0,0,NA,0,0,0,2,0,0,0,0,0,0,0,0,"30.40%",1,0,0,7,10,4,2,7,"100%",57,4,0,0,"0.00%","0.00%","57.10%","0.00%",8.1,"0.00%","35.70%","22.20%",0,NA,0
"Deryk Farmer","PORTLAND",66,25.79,"D",57.6,49.8,70.9,NA,10,1,2,158.3,0,11,45,41,1.36,0,0,1,NA,2,0,1,NA,1,0,0,1,0,0,0,0,0,0,0,0,"23.10%",2,1,0,1,4,3,0,1,"100%",45,1,0,0,"3.00%","0.00%","100%","0.00%",45,"0.00%","11.10%","50.00%",0,NA,0
"John Clifford Jr.","NC CENT",40,25.39,"D",54.8,54.3,58.7,58.6,3,1,0,128.3,0,0,14.7,10.6,2.1,0,1,0,NA,0,0,1,0,0,0,0,1,0,0,0,0,0,0,0,0,"0.00%",0,0,0,1,3,2,0,3,"60.00%",44,1,0,0,"4.80%","0.00%","20.00%","0.00%",8.8,"0.00%","0.00%","0.00%",0,NA,0
"Dionte West","PORTLAND",62,25.35,"D",48.9,45.8,56.5,NA,8,0,2,124.6,0,5.8,5.5,8.4,0.79,0,1,2,NA,0,0,0,NA,0,2,0,1,0,0,0,0,0,0,0,0,"20.00%",1,0,0,0,6,4,1,4,"80.00%",22,2,0,0,"0.00%","40.00%","40.00%","0.00%",4.4,"0.00%","28.60%","0.00%",0,NA,0
"Mykell Harvey","NC A&T",44,25.3,"D",64.8,56.4,74.9,60,5,1,3,158.3,0,0.5,31.7,16.7,4.52,0,0,0,NA,1,0,2,0,1,0,0,1,0,0,0,0,0,0,0,0,"16.70%",2,1,0,1,2,2,1,3,"100%",95,2,0,0,"9.50%","0.00%","66.70%","0.00%",31.7,"0.00%","0.00%","33.30%",0,NA,0
"Bryan Lodge","TOWSON",52,25.07,"D",51.2,42.4,70.5,59.4,3,2,0,118.8,0,12,28,0.5,2.15,1,0,0,NA,0,0,2,0,0,0,0,0,0,0,0,0,0,0,0,0,"0.00%",0,0,0,2,2,2,0,2,"100%",56,1,0,0,"7.70%","0.00%","50.00%","0.00%",28,"0.00%","0.00%","0.00%",0,NA,0
"DeMel Turner","CAL POLY",62,24.98,"D",50.4,45.3,69.1,56.1,7,1,0,154.2,0,18,16,14.5,1.78,0,1,0,NA,0,0,1,NA,0,0,0,1,0,0,0,0,0,0,0,0,"0.00%",0,0,0,1,6,6,0,3,"75.00%",48,3,0,0,"3.70%","0.00%","75.00%","0.00%",12,"0.00%","0.00%","0.00%",0,NA,0
"Gene Townsel","STHLSK",33,24.6,"D",53,51,59.3,NA,2,0,0,118.8,0,5,15,8,0.83,0,0,0,NA,0,0,1,NA,0,0,0,0,0,0,0,0,0,0,0,0,"0.00%",0,0,0,0,3,2,0,1,"100%",15,1,0,0,"5.60%","0.00%","100%","0.00%",15,"0.00%","0.00%","0.00%",0,NA,0
"Brevin Czosnyka","UTAHTC",64,24.35,"D",53.6,57.3,49.6,58.1,5,2,0,118.8,0,10.5,18,15,0.62,0,0,2,NA,1,0,1,0,0,0,0,0,0,0,0,0,0,0,0,0,"37.50%",0,0,0,2,5,2,0,1,"100%",18,1,0,0,"3.50%","0.00%","100%","0.00%",18,"0.00%","33.30%","50.00%",0,NA,0
"Ethan Cohall","PENN",18,24.11,"D",53.6,52.2,60,NA,NA,0,0,118.8,0,0,20,19,1.43,NA,0,NA,NA,NA,0,1,NA,NA,0,NA,0,0,0,0,0,0,0,0,0,NA,NA,0,0,NA,1,1,0,1,"100%",20,1,0,0,"7.10%","0.00%","100%","0.00%",20,"0.00%",NA,NA,0,NA,0
"Kaleb Simpkins","CAMPBELL",25,23.27,"D",61.8,57.6,64.8,NA,1,0,1,118.8,0,0,52,-5,2.74,0,0,0,NA,0,0,1,NA,1,0,0,0,0,0,0,0,0,0,0,0,"0.00%",1,1,0,0,1,1,0,1,"100%",52,1,0,0,"5.30%","0.00%","100%","0.00%",52,"0.00%","0.00%","0.00%",0,NA,0
"Noah Schwartz","STETSON",15,23.07,"D",60.1,59.9,60,60,1,0,0,156.3,0,0,12,13.5,2.4,0,0,0,NA,0,0,1,0,0,0,0,1,0,0,0,0,0,0,0,0,"0.00%",0,0,0,0,1,1,1,2,"100%",24,1,0,0,"10.00%","0.00%","50.00%","0.00%",12,"0.00%","0.00%","0.00%",0,NA,0
"Ryan Palmieri","SACR HEART",42,22.99,"D",53.5,49.7,64,NA,1,0,1,110.4,0,0,10.5,1.5,1.05,0,0,0,NA,3,0,1,NA,0,0,0,0,0,0,0,0,0,0,0,0,"75.00%",0,0,0,0,3,3,0,2,"100%",21,1,0,0,"5.00%","0.00%","50.00%","0.00%",10.5,"0.00%","0.00%","75.00%",0,NA,0
"Chris Martin","GEORGETOWN",77,22.23,"D",49.5,52.1,54,55,2,0,1,111.5,0,6,10.8,4,0.81,0,0,1,NA,2,0,2,20,0,0,0,0,1,0,0,0,1,0,0,0,"60.00%",0,0,2,0,5,4,1,4,"100%",43,2,0,0,"3.80%","0.00%","50.00%","0.00%",10.8,"0.00%","50.00%","66.70%",2,NA,0
"Braeden Orlandi","MONTANA",25,22.11,"D",54.1,48.7,66.4,60,4,3,0,158.3,0,0,21,5,1.5,1,0,0,NA,1,0,1,0,0,0,0,1,0,0,0,0,0,0,0,0,"20.00%",0,0,0,3,2,2,0,1,"100%",21,1,0,0,"7.10%","0.00%","100%","0.00%",21,"0.00%","0.00%","33.30%",0,NA,0
"Wayne Favors III","DELWARE ST",44,22,"D",54,58,43.9,NA,4,0,0,100.8,0,0,10.3,9.2,1.41,0,1,2,NA,1,0,1,NA,0,0,0,0,0,0,1,0,0,0,0,0,"42.90%",0,0,0,0,6,4,1,4,"80.00%",41,3,0,0,"3.50%","0.00%","60.00%","0.00%",8.2,"0.00%","100%","20.00%",0,NA,0
"Lynard Harris","NICHOLLS",25,20.94,"D",46.3,45.6,60,53.7,NA,0,0,116.7,0,0,12,-2,0.92,NA,0,NA,NA,NA,0,0,0,NA,1,NA,0,0,0,0,0,0,0,0,0,NA,NA,0,0,NA,1,1,0,1,"100%",12,1,0,0,"0.00%","100%","100%","0.00%",12,"0.00%",NA,NA,0,NA,0
"Skylar Husband","NICHOLLS",39,20.78,"D",51.2,53.5,47.6,NA,4,1,2,130.4,0,0,7.3,4.6,1.07,1,1,1,NA,2,0,0,NA,0,4,0,2,0,0,0,0,0,0,0,0,"42.90%",0,0,0,1,6,5,2,4,"80.00%",29,3,0,0,"0.00%","80.00%","60.00%","0.00%",5.8,"0.00%","100%","33.30%",0,NA,0
"Omar Emmons","TARLETON",48,19.63,"F",51.4,53.4,49.1,57.6,0,0,0,125,0,0,20,14.8,1.33,0,0,1,NA,0,0,2,25,0,0,0,1,1,0,0,0,0,0,0,0,"100%",0,0,1,0,4,3,1,2,"50.00%",40,2,1,0,"6.70%","0.00%","50.00%","0.00%",10,"25.00%","100%","0.00%",1,NA,0
"Kaleb Lyons","E ILLINOIS",51,19.43,"F",48,46.8,55.6,NA,6,1,0,118.8,0,10.5,34.5,19.5,2.38,1,0,1,NA,0,0,2,NA,0,0,0,0,0,0,0,0,0,0,0,0,"14.30%",0,0,0,1,4,3,0,2,"100%",69,2,0,0,"6.90%","0.00%","100%","0.00%",34.5,"0.00%","33.30%","0.00%",0,NA,0
"Darius Searles","MORGAN ST",21,19.43,"F",48.2,45.9,60,NA,0,0,0,130.6,0,0,12,9.7,1.71,0,1,0,NA,1,0,1,NA,0,0,0,1,0,0,0,0,0,0,0,0,"100%",0,0,0,0,2,2,0,2,"66.70%",24,1,0,0,"7.10%","0.00%","33.30%","0.00%",8,"0.00%","0.00%","100%",0,NA,0
"Carter Byrd","SE LA",82,19.2,"F",39.7,38.3,49.2,NA,10,5,0,156.3,0,21,18.7,19.8,2.11,3,1,2,NA,2,1,3,NA,0,0,0,1,0,1,0,0,0,0,0,0,"28.60%",0,0,0,5,9,7,1,6,"75.00%",112,3,1,0,"5.70%","0.00%","37.50%","0.00%",14,"12.50%","40.00%","22.20%",0,NA,0
"Avery Dixon","N DAKOTA",24,19.07,"F",45.9,56.9,37,NA,1,0,0,91.7,0,0,6,3,0.75,0,0,1,NA,1,0,0,NA,0,0,0,0,0,0,0,0,0,0,0,0,"66.70%",0,0,0,0,4,1,0,1,"100%",6,1,0,0,"0.00%","0.00%","100%","0.00%",6,"0.00%","100%","50.00%",0,NA,0
"Tae Martin","N ALABAMA",77,19,"F",50.6,47.2,68.1,NA,4,0,0,118.8,0,0,15.8,7.4,2.8,0,0,0,NA,0,0,3,NA,0,0,0,0,0,0,0,0,0,0,0,0,"0.00%",0,0,0,0,5,5,0,8,"80.00%",126,5,0,0,"6.70%","0.00%","50.00%","0.00%",12.6,"0.00%","0.00%","0.00%",0,NA,0
"Kenyan Hunter","Argonauts",65,18.99,"F",55.7,45.7,71.1,NA,6,0,1,135.4,0,9,61,26.5,2.26,0,0,1,NA,1,0,1,NA,0,0,0,1,0,0,0,0,0,0,0,0,"25.00%",1,0,0,0,3,2,1,1,"50.00%",61,1,0,0,"3.70%","0.00%","50.00%","0.00%",30.5,"0.00%","16.70%","50.00%",0,NA,0
"Shamar Williams","WAGNER",70,18.05,"F",55.3,58,48.7,NA,12,1,0,158.3,0,6.33,21.6,6.2,2.4,1,1,1,NA,2,0,3,NA,0,4,0,2,0,0,1,0,0,0,1,0,"20.00%",0,0,0,1,9,7,1,5,"83.30%",108,4,0,0,"6.70%","66.70%","66.70%","0.00%",18,"0.00%","25.00%","18.20%",0,NA,0
"Rondell Carter","PRVIEW A&M",42,17.63,"F",48.6,35.2,76.5,NA,4,0,2,143.8,0,1.5,21.3,13,3.2,0,2,0,NA,0,0,2,NA,0,0,0,1,0,0,0,0,0,0,0,0,"0.00%",2,0,0,0,4,4,0,3,"60.00%",64,3,0,0,"10.00%","0.00%","60.00%","0.00%",12.8,"0.00%","0.00%","0.00%",0,NA,0
"LJ Hall","LIUSHAR",59,17.57,"F",40,41.9,41.8,NA,6,2,1,112.5,0,6,11,9,0.39,1,0,5,NA,0,0,0,NA,1,0,0,0,0,0,0,0,0,0,0,0,"45.50%",1,1,0,2,9,4,0,1,"100%",11,1,0,0,"0.00%","0.00%","100%","0.00%",11,"0.00%","55.60%","0.00%",0,NA,0
"Kael Kolarik","S DAKOTA",80,17.5,"F",48,52.7,41.8,NA,3,1,0,118.8,0,12,22.5,19,1.29,0,0,3,NA,0,0,1,NA,0,0,0,0,0,0,0,0,0,0,1,0,"50.00%",0,0,0,1,6,2,0,2,"100%",45,2,0,0,"2.90%","0.00%","100%","0.00%",22.5,"0.00%","60.00%","0.00%",0,NA,0
"Roderick Owens Jr.","YNGTOWN ST",57,16.05,"F",40.8,46,38.2,NA,7,0,2,89.6,0,5.5,11.5,9,0.85,0,1,5,NA,0,0,1,NA,0,0,0,0,0,0,0,0,0,0,0,0,"41.70%",1,0,0,0,8,3,0,2,"66.70%",23,1,0,0,"3.70%","0.00%","33.30%","0.00%",7.7,"0.00%","45.50%","0.00%",0,NA,0
"Darius Day","BUCKNELL",21,15.67,"F",42.3,41.4,51.7,NA,1,1,0,118.8,0,0,17,17,1.89,0,0,1,NA,0,0,1,NA,0,0,0,0,0,0,0,0,0,0,0,0,"50.00%",0,0,0,1,2,1,0,1,"100%",17,0,0,0,"11.10%","0.00%","0.00%","0.00%",17,"0.00%","50.00%","0.00%",0,NA,0
"Caleb Jones","DUQUESNE",64,14.91,"F",48.5,55.9,37.5,60,3,1,0,118.8,0,8,24.5,15.5,1.63,1,0,3,NA,0,0,2,0,0,2,0,0,0,0,0,0,0,0,0,0,"50.00%",0,0,0,1,6,2,0,2,"100%",49,2,0,0,"6.70%","100%","100%","0.00%",24.5,"0.00%","75.00%","0.00%",0,NA,0
"David Roulley","WM & MARY",23,14.68,"F",50.7,55.7,49.2,NA,0,0,0,147.9,0,0,10,0,0.91,0,0,1,NA,1,0,0,NA,0,0,0,1,0,0,0,0,0,0,0,0,"100%",0,0,0,0,2,1,0,1,"100%",10,1,0,0,"0.00%","0.00%","100%","0.00%",10,"0.00%","100%","100%",0,NA,0
"Drew Buckley","ALBANY",25,14.63,"F",51.9,33.9,75.7,NA,3,2,1,118.8,0,4,42,11,5.25,0,0,0,NA,1,0,1,NA,0,0,0,0,0,0,0,0,0,0,0,0,"25.00%",1,0,0,2,2,2,0,1,"100%",42,1,0,0,"12.50%","0.00%","100%","0.00%",42,"0.00%","0.00%","100%",0,NA,0
"Charlie Neos","DELWARE ST",49,12.41,"F",47.7,60.4,28.9,NA,6,1,0,118.8,0,11,13,1.5,0.84,0,0,4,NA,1,0,1,NA,0,0,0,0,0,0,0,0,0,0,0,0,"45.50%",0,0,0,1,7,2,0,2,"100%",26,2,0,0,"3.20%","0.00%","100%","0.00%",13,"0.00%","66.70%","20.00%",0,NA,0
"Te'Nerrean Jackson","S ILLINOIS",29,12.23,"F",40.6,35.3,56.9,NA,7,0,1,118.8,0,5.67,17,15.3,3.92,0,0,0,NA,0,0,2,NA,0,0,0,0,0,0,0,0,0,0,0,0,"0.00%",1,0,0,0,4,3,0,3,"100%",51,2,0,0,"15.40%","0.00%","66.70%","0.00%",17,"0.00%","0.00%","0.00%",0,NA,0
"Ryan Largin","PRESBYTERN",66,8.64,"F",37.3,30.2,65.4,NA,9,1,1,149.3,0,6.83,22.5,24.3,2.9,0,1,0,NA,1,0,3,NA,0,0,0,1,0,0,0,0,0,0,0,0,"10.00%",1,0,0,1,7,5,0,4,"66.70%",90,4,0,0,"9.70%","0.00%","66.70%","0.00%",15,"0.00%","0.00%","33.30%",0,NA,0
"Albert Richardson","UC DAVIS",24,6.28,"F",41.4,38.6,60,NA,1,0,0,158.3,0,0,19.3,13.3,4.28,0,0,0,NA,1,1,2,NA,0,0,0,1,0,0,0,0,0,0,0,0,"50.00%",0,0,0,0,4,4,1,4,"100%",77,3,1,0,"11.10%","0.00%","75.00%","0.00%",19.3,"25.00%","0.00%","50.00%",0,NA,0
"Brock Carpenter","N IOWA",26,6.02,"F",31.8,49.3,26.9,NA,1,0,0,118.8,0,5,18,12,1.64,0,0,1,NA,0,0,1,NA,0,0,0,0,0,0,0,0,0,0,0,0,"50.00%",0,0,0,0,5,1,0,1,"100%",18,1,0,0,"9.10%","0.00%","100%","0.00%",18,"0.00%","50.00%","0.00%",0,NA,0
"Brock Beaner","MONTANA",38,5.64,"F",28.6,28.7,46.7,58.4,2,0,1,95.8,0,5,26.5,17.8,2.41,0,2,2,NA,1,0,1,0,0,0,0,0,0,0,0,0,0,0,0,0,"60.00%",1,0,0,0,7,4,0,2,"50.00%",53,1,0,0,"4.50%","0.00%","25.00%","0.00%",13.3,"0.00%","66.70%","50.00%",0,NA,0
"Devin Dunn","MONTANA",34,4.65,"F",28.4,29.3,39.3,57.3,4,1,0,120.1,0,5.5,17.7,28.5,2.79,1,2,1,NA,0,0,2,0,0,0,0,1,0,0,0,0,0,0,0,0,"20.00%",0,0,0,1,7,5,0,3,"50.00%",53,2,0,0,"10.50%","0.00%","33.30%","0.00%",8.8,"0.00%","33.30%","0.00%",0,NA,0
"David Spruiells","TXAMEA",34,0,"F",34.6,30.9,56.4,NA,4,1,0,158.3,0,9,18.3,18.6,4.29,0,1,1,NA,0,0,3,NA,0,0,0,2,0,0,0,0,0,0,0,0,"20.00%",0,0,0,1,5,4,0,4,"80.00%",73,3,0,0,"17.60%","0.00%","60.00%","0.00%",14.6,"0.00%","33.30%","0.00%",0,NA,0
