"Name","Team.Name","Offensive.Snaps","Composite_Score","Player_Grade","Jersey.Number","Position","Season","Conference","Receiving.Grade","Key.Plays","Receiving.Snaps","Snaps.on.Press.Coverage","Targets","Receptions","Receiving.Yards","Yards.per.Reception","Receiving.Touchdowns","Receiving.First.Downs","Dropped.Passes","Fumbles","Fumbles.Lost","Catchable.Targets","Contested.Targets","Contested.Catches","Yards.after.Catch","Yards.After.Catch.per.Reception","Receiving.Yards.after.Contract","Contested.Catches.Percentage","Yards.per.Route.Run","Average.Depth.of.Target","Explosive.Plays","Missed.Tackles.forced.on.Receptions","Percentage.of.Catchable.Passes.Caught","Dropped.Catchable.Passes.Percentage","Contested.Catches.Caught.Percentage","Passer.Rating.when.Targetted","Slot.Target.Percentage","Deep.Target.Percentage","Completion.Percentage.when.Targeted","Percentage.of.Targets.per.Receiving.Snaps","Conference_Level","Catch_Rate","Yards_Per_Tgt","Tgt_Per_Snap"
"Dkhai Joseph","SE LA",42,100,"A",9,"WR",2026,"Southland",81.9,11,25,2,11,7,141,20.1,2,5,1,0,0,8,1,0,113,16.1,68,0,5.64,9.8,2,4,0.875,0.125,"9.10%",146.8,0.44,0.44,0.182,0.636,"FCS",0.636363636363636,12.8181818181818,0.44
"Xavier Johnson","N ALABAMA",50,94.02,"A",0,"WR",2026,"United Athletic",85.9,7,33,7,8,8,175,21.9,1,7,0,0,0,8,2,2,20,2.5,11,1,5.3,19.6,5,1,1,0,"25.00%",158.3,0.03,0.242,0.375,1,"FCS",1,21.875,0.242424242424242
"Kyle Thomas","S ILLINOIS",67,86.82,"A",6,"WR",2026,"Missouri Valley",70.8,4,36,16,8,6,219,36.5,1,5,0,0,0,6,0,0,72,12,5,0,6.08,23.4,4,0,1,0,"0.00%",156.3,0.028,0.222,0.625,0.75,"FCS",0.75,27.375,0.222222222222222
"Brooks Davis","MONTANA",42,84.95,"A",3,"WR",2026,"Big Sky",85.2,11,33,1,14,12,151,12.6,0,5,0,0,0,12,2,2,65,5.4,31,1,4.58,8.8,3,2,1,0,"14.30%",111.6,0,0.424,0.143,0.857,"FCS",0.857142857142857,10.7857142857143,0.424242424242424
"Tennel Bryant","S DAKOTA",26,84.08,"A",9,"WR",2026,"Missouri Valley",86.4,3,16,0,4,3,120,40,2,3,0,0,0,3,0,0,18,6,0,0,7.5,29.3,2,0,1,0,"0.00%",156.3,0.125,0.25,0.5,0.75,"FCS",0.75,30,0.25
"Aaron Enterline","TOWSON",46,77.25,"B",0,"WR",2026,"CAA",87.6,9,34,8,13,10,123,12.3,1,6,0,0,0,10,0,0,43,4.3,17,0,3.62,9.8,4,1,1,0,"0.00%",131.3,0.147,0.382,0.154,0.769,"FCS",0.769230769230769,9.46153846153846,0.382352941176471
"Marquis Willis","TARLETON",65,76.99,"B",7,"WR",2026,"United Athletic",76.8,9,46,5,15,10,166,16.6,0,7,0,0,0,10,2,0,42,4.2,17,0,3.61,11.9,6,2,1,0,"13.30%",103.8,0.022,0.326,0.2,0.667,"FCS",0.666666666666667,11.0666666666667,0.326086956521739
"Lynn Wyche-El","YNGTOWN ST",34,76.2,"B",1,"WR",2026,"Missouri Valley",78.9,4,23,0,6,5,77,15.4,2,4,0,0,0,5,0,0,44,8.8,35,0,3.35,14.2,2,2,1,0,"0.00%",158.3,0.261,0.261,0.167,0.833,"FCS",0.833333333333333,12.8333333333333,0.260869565217391
"Kymari Gray","CHISTA",40,75.73,"B",2,"WR",2026,"IND (FCS)",75.9,5,22,4,7,7,111,15.9,2,5,0,0,0,7,1,1,61,8.7,9,1,5.05,7.1,4,0,1,0,"14.30%",158.3,0.091,0.318,0,1,"FCS",1,15.8571428571429,0.318181818181818
"Korey Tai","N DAKOTA",41,75.53,"B",5,"WR",2026,"Missouri Valley",71.4,4,29,2,6,4,140,35,1,3,0,0,0,4,1,0,87,21.8,15,0,4.83,13.5,3,2,1,0,"16.70%",149.3,0.103,0.207,0.333,0.667,"FCS",0.666666666666667,23.3333333333333,0.206896551724138
"Galen Combs","ROB MORRIS",48,74.58,"B",9,"WR",2026,"Northeast",80.7,7,32,0,12,9,119,13.2,1,5,0,0,0,10,0,0,24,2.7,11,0,3.72,13.8,2,2,0.9,0,"0.00%",133.7,0.125,0.375,0.25,0.75,"FCS",0.75,9.91666666666667,0.375
"Noah Kjar","WEBER ST",73,73.54,"B",8,"WR",2026,"Big Sky",71.8,9,52,9,10,7,121,17.3,2,5,1,0,0,9,2,1,37,5.3,30,0.5,2.33,12.4,1,0,0.778,0.111,"20.00%",150.4,0.192,0.192,0.1,0.7,"FCS",0.7,12.1,0.192307692307692
"Shamar Fowles","BRYANT",44,72.97,"B",6,"WR",2026,"CAA",77.5,5,23,0,6,4,112,28,1,4,1,0,0,5,0,0,93,23.3,25,0,4.87,10.5,4,2,0.8,0.2,"0.00%",149.3,0.261,0.261,0.167,0.667,"FCS",0.666666666666667,18.6666666666667,0.260869565217391
"Micah Simpson","TXAMEA",58,70.9,"B",4,"WR",2026,"Southland",73.6,4,25,0,4,4,88,22,1,2,0,0,0,4,1,1,66,16.5,30,1,3.52,5.5,2,3,1,0,"25.00%",158.3,0.12,0.16,0.25,1,"FCS",1,22,0.16
"Wesley Garrett","E WASHGTON",63,70.71,"B",13,"WR",2026,"Big Sky",76.2,6,40,3,10,7,109,15.6,1,3,0,0,0,7,4,3,10,1.4,4,0.75,2.73,16.4,2,1,1,0,"40.00%",139.2,0.025,0.25,0.3,0.7,"FCS",0.7,10.9,0.25
"Jackson Dufrene","NICHOLLS",51,69.47,"B",13,"WR",2026,"Southland",75.3,6,28,4,8,5,99,19.8,3,5,0,0,0,5,1,0,54,10.8,4,0,3.54,13.1,3,0,1,0,"12.50%",105.7,0.107,0.286,0.375,0.625,"FCS",0.625,12.375,0.285714285714286
"Tra Neal","MONMOUTH",79,68.32,"B",7,"WR",2026,"CAA",68.8,6,45,11,8,7,106,15.1,1,5,0,0,0,7,0,0,62,8.9,47,0,2.36,5.3,2,0,1,0,"0.00%",158.3,0.089,0.178,0,0.875,"FCS",0.875,13.25,0.177777777777778
"Develle Barksdale","CHISTA",49,67.05,"B",3,"WR",2026,"IND (FCS)",76.2,6,27,2,5,5,92,18.4,0,3,0,0,0,5,1,1,45,9,33,1,3.41,9.4,3,3,1,0,"20.00%",118.8,0.074,0.185,0.2,1,"FCS",1,18.4,0.185185185185185
"Mark Bails","SO UTAH",44,66.4,"B",5,"WR",2026,"Big Sky",68.2,5,23,4,5,4,138,34.5,0,3,0,1,1,4,0,0,95,23.8,36,0,6,10.8,4,1,1,0,"0.00%",118.8,0.087,0.217,0,0.8,"FCS",0.8,27.6,0.217391304347826
"Bryce Parker","TARLETON",33,65.75,"B",10,"WR",2026,"United Athletic",76.6,5,25,5,8,7,89,12.7,0,3,0,0,0,7,5,5,21,3,15,1,3.56,11.8,2,0,1,0,"62.50%",113,0.32,0.32,0.25,0.875,"FCS",0.875,11.125,0.32
"Travion Solomon","MERCER",62,64.86,"B",1,"WR",2026,"Southern",75.3,4,35,7,8,6,120,20,0,3,0,0,0,6,0,0,37,6.2,18,0,3.43,16.9,3,2,1,0,"0.00%",116.7,0.029,0.229,0.375,0.75,"FCS",0.75,15,0.228571428571429
"Landon Farco","STETSON",62,63.88,"B",9,"WR",2026,"Pioneer",66.3,4,45,14,8,5,95,19,1,3,0,0,0,5,3,2,26,5.2,10,0.667,2.11,17.8,3,1,1,0,"37.50%",143.2,0.089,0.178,0.5,0.625,"FCS",0.625,11.875,0.177777777777778
"David Spjut","SO UTAH",29,63.14,"B",15,"WR",2026,"Big Sky",74.5,5,20,6,7,5,76,15.2,1,3,0,1,1,5,0,0,61,12.2,28,0,3.8,4,3,3,1,0,"0.00%",146.4,0.3,0.35,0,0.714,"FCS",0.714285714285714,10.8571428571429,0.35
"Daniel Haughton","FURMAN",58,61.56,"B",12,"WR",2026,"Southern",68.6,5,35,1,10,8,103,12.9,1,3,0,0,0,8,0,0,47,5.9,20,0,2.94,9.7,3,0,1,0,"0.00%",142.9,0.257,0.286,0.2,0.8,"FCS",0.8,10.3,0.285714285714286
"Jeremiah Sanders","YNGTOWN ST",34,61.45,"B",6,"WR",2026,"Missouri Valley",73.3,3,19,6,4,4,65,16.3,1,3,0,0,0,4,1,1,10,2.5,11,1,3.42,15,1,1,1,0,"25.00%",158.3,0,0.211,0.25,1,"FCS",1,16.25,0.210526315789474
"Kyran Lee","TXRG",67,60.25,"B",12,"WR",2026,"Southland",69.1,10,50,8,16,8,125,15.6,1,6,1,0,0,9,2,1,15,1.9,2,0.5,2.5,16.4,3,0,0.889,0.111,"12.50%",71.1,0.3,0.32,0.313,0.5,"FCS",0.5,7.8125,0.32
"Bryan Hunt","YNGTOWN ST",38,59.51,"C",8,"WR",2026,"Missouri Valley",71.5,3,22,4,5,5,64,12.8,1,3,0,0,0,5,0,0,66,13.2,37,0,2.91,-0.4,2,1,1,0,"0.00%",158.3,0.045,0.227,0,1,"FCS",1,12.8,0.227272727272727
"Jaylin Baker","STHLSK",70,59.09,"C",4,"WR",2026,"Northeast",65.4,6,50,15,8,6,64,10.7,2,4,0,0,0,6,1,1,19,3.2,10,1,1.28,10,2,1,1,0,"12.50%",137.5,0.04,0.16,0.25,0.75,"FCS",0.75,8,0.16
"Ty Durham","CENT ARK",55,58.89,"C",7,"WR",2026,"United Athletic",74.5,4,21,4,5,3,34,11.3,2,1,0,0,0,3,2,1,22,7.3,12,0.5,1.62,11,1,4,1,0,"40.00%",120,0.048,0.238,0.2,0.6,"FCS",0.6,6.8,0.238095238095238
"Ashton Schumann","CHATTNOOGA",55,58.65,"C",14,"WR",2026,"Southern",68,6,30,11,9,5,98,19.6,0,3,0,0,0,5,0,0,60,12,40,0,3.27,13.2,1,1,1,0,"0.00%",93.8,0,0.3,0.222,0.556,"FCS",0.555555555555556,10.8888888888889,0.3
"Fidel Pitts","CAL POLY",71,58.55,"C",4,"WR",2026,"Big Sky",71.5,7,47,5,9,5,103,20.6,0,5,0,0,0,5,2,1,38,7.6,21,0.5,2.19,16.2,4,0,1,0,"22.20%",96.1,0.043,0.191,0.333,0.556,"FCS",0.555555555555556,11.4444444444444,0.191489361702128
"Riley Purcell","MOREHEAD",33,58.01,"C",8,"WR",2026,"Pioneer",76.5,3,21,8,6,5,66,13.2,1,3,0,0,0,6,1,1,2,0.4,2,1,3.14,14.8,2,0,0.833,0,"16.70%",152.1,0,0.286,0.333,0.833,"FCS",0.833333333333333,11,0.285714285714286
"Chedon James","IDAHO ST",38,57.91,"C",8,"WR",2026,"Big Sky",69.4,4,26,4,6,3,98,32.7,1,2,1,0,0,4,1,1,43,14.3,5,1,3.77,13.8,2,0,0.75,0.25,"16.70%",135.4,0.231,0.231,0.167,0.5,"FCS",0.5,16.3333333333333,0.230769230769231
"T.J. Lockley","W GEORGIA",27,57.64,"C",1,"WR",2026,"United Athletic",76.6,6,22,0,9,6,76,12.7,1,4,0,0,0,6,1,1,37,6.2,8,1,3.45,10.7,2,0,1,0,"11.10%",90.3,0.409,0.409,0.111,0.667,"FCS",0.666666666666667,8.44444444444444,0.409090909090909
"Marcus Mozer","N COLORADO",58,57.4,"C",81,"WR",2026,"Big Sky",66.4,5,31,4,6,3,72,24,1,3,1,0,0,4,2,1,23,7.7,20,0.5,2.32,19.2,2,1,0.75,0.25,"33.30%",133.3,0,0.194,0.5,0.5,"FCS",0.5,12,0.193548387096774
"Elisha Edwards","MCNEESE",63,57.25,"C",2,"WR",2026,"Southland",65.5,6,39,16,12,8,111,13.9,0,4,0,0,0,9,3,1,49,6.1,9,0.333,2.85,11.1,4,1,0.889,0,"25.00%",96.2,0.051,0.308,0.333,0.667,"FCS",0.666666666666667,9.25,0.307692307692308
"Bugs Mortimer","STF AUSTIN",40,55.32,"C",9,"WR",2026,"Southland",64,2,22,3,7,6,89,14.8,1,1,0,0,0,6,1,0,76,12.7,7,0,4.05,3,1,1,1,0,"14.30%",158.3,0.273,0.318,0,0.857,"FCS",0.857142857142857,12.7142857142857,0.318181818181818
"Chris Gundy","VALPO",43,55.2,"C",9,"WR",2026,"Pioneer",72.4,6,30,0,9,5,107,21.4,0,3,0,0,0,5,1,0,38,7.6,10,0,3.57,16.8,3,0,1,0,"11.10%",97.9,0.267,0.3,0.556,0.556,"FCS",0.555555555555556,11.8888888888889,0.3
"Curtis Deville","MCNEESE",70,55.03,"C",6,"WR",2026,"Southland",65.5,6,43,14,12,5,87,17.4,2,4,1,0,0,7,2,0,38,7.6,9,0,2.02,14.1,2,0,0.714,0.143,"16.70%",106.6,0,0.279,0.083,0.417,"FCS",0.416666666666667,7.25,0.27906976744186
"Sean Wilson Jr.","BRYANT",46,54.81,"C",2,"WR",2026,"CAA",74.1,4,23,5,7,4,51,12.8,1,3,0,0,0,4,2,2,21,5.3,16,1,2.22,11.3,1,0,1,0,"28.60%",119.6,0,0.304,0.143,0.571,"FCS",0.571428571428571,7.28571428571429,0.304347826086957
"Tyrell Pollard","CENT ARK",56,53.83,"C",11,"WR",2026,"United Athletic",72.8,2,21,9,3,3,79,26.3,0,2,0,0,0,3,0,0,41,13.7,18,0,3.76,12.7,2,1,1,0,"0.00%",118.8,0.048,0.143,0,1,"FCS",1,26.3333333333333,0.142857142857143
"Mitchell January","DRAKE",42,53.68,"C",10,"WR",2026,"Pioneer",67.6,2,33,9,7,5,75,15,1,2,0,0,0,5,2,1,30,6,5,0.5,2.27,13.9,1,0,1,0,"28.60%",145.8,0.061,0.212,0.429,0.714,"FCS",0.714285714285714,10.7142857142857,0.212121212121212
"Jaydon Smith","TXRG",51,53.52,"C",8,"WR",2026,"Southland",68.7,6,37,9,9,4,90,22.5,1,4,1,0,0,5,0,0,16,4,8,0,2.43,20.2,3,1,0.8,0.2,"0.00%",78.2,0.243,0.243,0.556,0.444,"FCS",0.444444444444444,10,0.243243243243243
"Dylan Lord","ILL STATE",58,53.49,"C",4,"WR",2026,"Missouri Valley",71.8,9,29,1,10,8,62,7.8,1,5,0,0,0,8,0,0,6,0.8,6,0,2.14,10.5,1,0,1,0,"0.00%",125.8,0.31,0.345,0.2,0.8,"FCS",0.8,6.2,0.344827586206897
"Romelo Boykin","ABILENE CH",52,53.09,"C",19,"WR",2026,"United Athletic",68.6,4,37,17,7,6,77,12.8,0,4,0,0,0,6,0,0,54,9,26,0,2.08,4.7,1,2,1,0,"0.00%",112.5,0,0.189,0,0.857,"FCS",0.857142857142857,11,0.189189189189189
"Darius Bailey","PORTLAND",29,52.84,"C",16,"WR",2026,"Big Sky",65.8,2,17,1,3,3,56,18.7,1,2,0,0,0,3,1,1,0,0,0,1,3.29,20.3,1,0,1,0,"33.30%",158.3,0,0.176,0.333,1,"FCS",1,18.6666666666667,0.176470588235294
"Elijah Roy","LNDNWD",46,52.72,"C",18,"WR",2026,"Big South - OVC Football Association",70.4,3,26,1,6,4,72,18,1,2,0,0,0,4,0,0,35,8.8,13,0,2.77,8,2,0,1,0,"0.00%",147.2,0.115,0.231,0,0.667,"FCS",0.666666666666667,12,0.230769230769231
"Robert Young","WEBER ST",55,52.13,"C",0,"WR",2026,"Big Sky",69.4,6,43,5,11,6,73,12.2,1,5,0,0,0,6,0,0,23,3.8,14,0,1.7,10.9,2,1,1,0,"0.00%",67.6,0.256,0.256,0,0.545,"FCS",0.545454545454545,6.63636363636364,0.255813953488372
"SirCharles Gordon","HOLY CROSS",24,51.8,"C",88,"WR",2026,"Patriot",82.9,5,16,3,5,3,54,18,0,3,0,0,0,3,0,0,48,16,15,0,3.38,6.6,1,2,1,0,"0.00%",97.1,0.063,0.313,0,0.6,"FCS",0.6,10.8,0.3125
"Mike Williams","UTAHTC",52,51.55,"C",4,"WR",2026,"Big Sky",63.5,2,32,4,5,3,80,26.7,1,2,0,0,0,3,0,0,20,6.7,5,0,2.5,15.6,2,0,1,0,"0.00%",143.8,0.094,0.156,0.2,0.6,"FCS",0.6,16,0.15625
"Kai Austin","WM & MARY",62,50.94,"C",0,"WR",2026,"Patriot",62.1,6,41,0,14,10,82,8.2,0,4,0,1,1,10,0,0,58,5.8,26,0,2,8.3,1,4,1,0,"0.00%",46.4,0.146,0.342,0.214,0.714,"FCS",0.714285714285714,5.85714285714286,0.341463414634146
"Makhia Sherrard","TENN MARTN",52,50.61,"C",7,"WR",2026,"Big South - OVC Football Association",67.2,4,32,7,4,4,79,19.8,0,1,0,0,0,4,0,0,44,11,44,0,2.47,8.8,1,0,1,0,"0.00%",118.8,0.063,0.125,0,1,"FCS",1,19.75,0.125
"John Anthony Jr.","SE MO ST",59,50.59,"C",5,"WR",2026,"Big South - OVC Football Association",64.8,6,40,15,8,3,91,30.3,1,3,0,0,0,3,3,0,48,16,3,0,2.28,16.8,2,0,1,0,"37.50%",80.7,0.025,0.2,0.375,0.375,"FCS",0.375,11.375,0.2
"Jacob Kania","W ILLINOIS",35,49.85,"C",8,"WR",2026,"Big South - OVC Football Association",70.8,2,16,5,2,2,58,29,0,2,0,0,0,2,1,1,19,9.5,6,1,3.63,19.5,1,0,1,0,"50.00%",118.8,0,0.125,0.5,1,"FCS",1,29,0.125
"Demetrius Pearce","SE MO ST",48,49.59,"C",3,"WR",2026,"Big South - OVC Football Association",64.1,2,31,9,3,2,64,32,0,2,0,0,0,2,0,0,18,9,6,0,2.06,28,2,2,1,0,"0.00%",109.7,0.032,0.097,0.667,0.667,"FCS",0.666666666666667,21.3333333333333,0.0967741935483871
"Tayvion McCoy","CAL POLY",69,49.58,"C",2,"WR",2026,"Big Sky",70.1,7,46,2,11,7,65,9.3,0,3,0,0,0,7,1,1,54,7.7,28,1,1.41,9.3,2,2,1,0,"9.10%",40.2,0.152,0.239,0.182,0.636,"FCS",0.636363636363636,5.90909090909091,0.239130434782609
"Ja'Carree Kelly","NEW HAMP",39,49.11,"C",9,"WR",2026,"CAA",75.4,3,23,0,6,5,78,15.6,0,2,0,0,0,5,0,0,36,7.2,10,0,3.39,8.7,3,0,1,0,"0.00%",118.8,0.261,0.261,0,0.833,"FCS",0.833333333333333,13,0.260869565217391
"Josh Evans","BETH COOK",64,49.09,"C",9,"WR",2026,"SWAC",62.5,6,34,11,7,3,75,25,1,3,0,0,0,3,1,0,29,9.7,2,0,2.21,15.6,2,0,1,0,"14.30%",122,0.029,0.206,0.286,0.429,"FCS",0.428571428571429,10.7142857142857,0.205882352941176
"BJ Norman","ALBANY",33,48.23,"C",5,"WR",2026,"CAA",65.6,3,21,9,6,5,45,9,1,2,0,0,0,5,1,1,25,5,13,1,2.14,9.8,1,0,1,0,"16.70%",137.5,0,0.286,0.167,0.833,"FCS",0.833333333333333,7.5,0.285714285714286
"Cristian Driver","ABILENE CH",46,48,"C",4,"WR",2026,"United Athletic",70.2,8,33,17,13,5,75,15,0,4,0,0,0,8,5,2,25,5,12,0.4,2.27,15.8,2,0,0.625,0,"38.50%",26.1,0.061,0.394,0.308,0.385,"FCS",0.384615384615385,5.76923076923077,0.393939393939394
"Aboraa Kwarteng","RHODE ISLD",62,47.68,"C",5,"WR",2026,"CAA",66.7,7,30,6,8,4,57,14.3,1,3,2,0,0,6,2,0,26,6.5,13,0,1.9,8.6,1,3,0.667,0.333,"25.00%",113,0.033,0.267,0,0.5,"FCS",0.5,7.125,0.266666666666667
"Terrence Rone","DELWARE ST",57,47.59,"C",6,"WR",2026,"MEAC",71.6,5,30,0,7,4,83,20.8,0,4,0,0,0,4,0,0,18,4.5,13,0,2.77,15.3,3,0,1,0,"0.00%",59.5,0.233,0.233,0.143,0.571,"FCS",0.571428571428571,11.8571428571429,0.233333333333333
"Nodin Tracy","FORDHAM",50,47.19,"C",21,"WR",2026,"Patriot",67.1,4,25,9,7,4,56,14,1,2,1,0,0,5,2,2,5,1.3,4,1,2.24,12.4,1,0,0.8,0.2,"28.60%",122.6,0,0.28,0.143,0.571,"FCS",0.571428571428571,8,0.28
"Jimmy Trilla","IDAHO ST",29,46.9,"C",10,"WR",2026,"Big Sky",68.7,4,21,4,6,4,58,14.5,0,2,0,0,0,4,1,0,30,7.5,23,0,2.76,12,1,1,1,0,"16.70%",97.9,0.286,0.286,0.333,0.667,"FCS",0.666666666666667,9.66666666666667,0.285714285714286
"Trey Olsen","N COLORADO",50,46.34,"C",13,"WR",2026,"Big Sky",64.7,5,26,1,5,2,69,34.5,0,2,1,0,0,3,3,2,2,1,2,0.667,2.65,25.6,2,0,0.667,0.333,"60.00%",87.5,0,0.192,0.8,0.4,"FCS",0.4,13.8,0.192307692307692
"Jordan Smith","NICHOLLS",53,45.87,"C",12,"WR",2026,"Southland",69.7,6,28,1,8,7,51,7.3,0,4,0,0,0,7,0,0,21,3,15,0,1.82,3.5,1,2,1,0,"0.00%",93.2,0.179,0.286,0,0.875,"FCS",0.875,6.375,0.285714285714286
"Ryan Petras","DUQUESNE",40,45.58,"C",14,"WR",2026,"Northeast",70.2,3,21,4,9,3,52,17.3,1,2,0,0,0,3,2,0,1,0.3,0,0,2.48,17.9,2,0,1,0,"22.20%",91,0.381,0.429,0.556,0.333,"FCS",0.333333333333333,5.77777777777778,0.428571428571429
"Cru Newman","PORTLAND",51,45.12,"C",6,"WR",2026,"Big Sky",64.9,6,32,2,7,7,31,4.4,1,3,0,0,0,7,1,1,22,3.1,11,1,0.97,1.4,1,1,1,0,"14.30%",124.7,0.188,0.219,0,1,"FCS",1,4.42857142857143,0.21875
"Eric Rasheed","MERCER",67,45.1,"C",0,"WR",2026,"Southern",63.3,6,39,5,8,6,40,6.7,0,2,0,0,0,6,0,0,30,5,29,0,1.03,4.9,0,4,1,0,"0.00%",85.4,0.051,0.205,0.125,0.75,"FCS",0.75,5,0.205128205128205
"Raydrian Baltrip","ABILENE CH",37,45.04,"C",7,"WR",2026,"United Athletic",64.7,3,28,5,3,3,50,16.7,0,2,0,0,0,3,1,1,21,7,19,1,1.79,9.7,2,1,1,0,"33.30%",118.8,0.107,0.107,0.333,1,"FCS",1,16.6666666666667,0.107142857142857
"Taco Dowler","MONTANA ST",49,44.72,"C",14,"WR",2026,"Big Sky",61.8,3,27,6,7,4,47,11.8,0,1,1,0,0,5,1,0,51,12.8,36,0,1.74,1.6,1,5,0.8,0.2,"14.30%",77.7,0.222,0.259,0,0.571,"FCS",0.571428571428571,6.71428571428571,0.259259259259259
"Luke Vanantwerp","WM & MARY",27,44.69,"C",19,"WR",2026,"Patriot",69.4,2,20,0,5,5,55,11,0,2,0,0,0,5,0,0,27,5.4,18,0,2.75,5.6,1,1,1,0,"0.00%",112.5,0.05,0.25,0,1,"FCS",1,11,0.25
"Winston Moore","COLGATE",64,44.66,"C",2,"WR",2026,"Patriot",66.4,4,37,13,12,6,42,7,0,3,0,0,0,6,3,1,28,4.7,25,0.333,1.14,11,0,3,1,0,"25.00%",23.6,0.27,0.324,0.167,0.5,"FCS",0.5,3.5,0.324324324324324
"Cameron Weir","N DAKOTA",20,44.46,"C",11,"WR",2026,"Missouri Valley",71.4,2,16,0,5,4,58,14.5,0,3,0,0,0,4,0,0,34,8.5,3,0,3.63,9.6,2,0,1,0,"0.00%",115,0.188,0.313,0.4,0.8,"FCS",0.8,11.6,0.3125
"Jordan Bride","GRAMBLING",25,44,"C",2,"WR",2026,"SWAC",69,4,21,8,5,4,79,19.8,0,1,0,0,0,4,0,0,37,9.3,7,0,3.76,15,1,0,1,0,"0.00%",79.2,0.095,0.238,0.4,0.8,"FCS",0.8,15.8,0.238095238095238
"Lekeldrick Bridges","MONTANA",33,43.87,"C",13,"WR",2026,"Big Sky",64.8,4,29,2,4,3,31,10.3,1,1,0,0,0,3,0,0,20,6.7,21,0,1.07,4,1,2,1,0,"0.00%",136.5,0.138,0.138,0,0.75,"FCS",0.75,7.75,0.137931034482759
"Jaiden Ellis-Lahey","N IOWA",37,42.66,"C",6,"WR",2026,"Missouri Valley",71.7,6,21,13,6,2,59,29.5,0,2,0,0,0,2,1,0,4,2,2,0,2.81,20,2,0,1,0,"16.70%",70.8,0.048,0.286,0.5,0.333,"FCS",0.333333333333333,9.83333333333333,0.285714285714286
"Dane Steel","MONTANA ST",50,42.64,"C",84,"WR",2026,"Big Sky",68.2,6,29,11,4,3,38,12.7,1,3,0,0,0,3,0,0,22,7.3,6,0,1.31,8,1,0,1,0,"0.00%",143.8,0.035,0.138,0,0.75,"FCS",0.75,9.5,0.137931034482759
"Jason Palmieri","SACR HEART",44,42.59,"C",8,"WR",2026,"CAA",65.6,8,23,4,9,6,53,8.8,0,3,0,0,0,7,3,1,25,4.2,17,0.333,2.3,9.4,1,1,0.857,0,"33.30%",42.6,0.348,0.391,0.222,0.667,"FCS",0.666666666666667,5.88888888888889,0.391304347826087
"Jordan Rae","ALBANY",35,42.39,"C",1,"WR",2026,"CAA",60.5,5,21,4,5,3,51,17,1,2,1,0,0,5,2,0,19,6.3,3,0,2.43,10.6,1,1,0.6,0.2,"40.00%",134.2,0.095,0.238,0.2,0.6,"FCS",0.6,10.2,0.238095238095238
"Rylin Lang","E WASHGTON",39,41.84,"C",83,"WR",2026,"Big Sky",72.3,5,24,0,6,6,57,9.5,0,4,0,0,0,6,0,0,33,5.5,3,0,2.38,4,1,0,1,0,"0.00%",106.3,0.25,0.25,0,1,"FCS",1,9.5,0.25
"Marquis Buchanan","RHODE ISLD",69,41.45,"C",1,"WR",2026,"CAA",69.3,7,35,6,10,4,25,6.3,1,3,0,0,0,4,3,1,16,4,11,0.333,0.71,5.8,0,1,1,0,"30.00%",81.3,0.143,0.286,0,0.4,"FCS",0.4,2.5,0.285714285714286
"Arshawn Powell","CHISTA",46,41.17,"C",7,"WR",2026,"IND (FCS)",66.1,3,26,0,4,4,48,12,0,2,0,0,0,4,0,0,25,6.3,8,0,1.85,5.8,2,2,1,0,"0.00%",116.7,0.154,0.154,0,1,"FCS",1,12,0.153846153846154
"Ryan Ricketti","NEW HAMP",28,40.75,"C",14,"WR",2026,"CAA",70.8,4,16,0,5,3,47,15.7,0,3,1,0,0,4,2,1,18,6,13,0.5,2.94,8,2,0,0.75,0.25,"40.00%",91.3,0.313,0.313,0,0.6,"FCS",0.6,9.4,0.3125
"Braden Reed","VILLANOVA",48,40.28,"C",83,"WR",2026,"Patriot",70.7,7,35,4,9,6,50,8.3,0,4,0,0,0,6,1,1,15,2.5,4,1,1.43,4.8,1,0,1,0,"11.10%",80.8,0.2,0.257,0.111,0.667,"FCS",0.666666666666667,5.55555555555556,0.257142857142857
"Blake Thomas","LAMAR",32,40.25,"C",4,"WR",2026,"Southland",66.7,4,18,7,6,4,30,7.5,0,1,0,0,0,4,1,1,31,7.8,9,1,1.67,9.7,0,3,1,0,"16.70%",78.5,0.111,0.333,0.333,0.667,"FCS",0.666666666666667,5,0.333333333333333
"Cody Blicharz","DRAKE",36,40.01,"C",9,"WR",2026,"Pioneer",73.6,4,29,2,6,4,36,9,0,3,0,0,0,4,1,0,23,5.8,13,0,1.24,4.5,0,2,1,0,"16.70%",82.6,0.138,0.207,0,0.667,"FCS",0.666666666666667,6,0.206896551724138
"Brayden White","S DAKOTA",50,39.84,"D",2,"WR",2026,"Missouri Valley",58.8,3,24,1,5,4,34,8.5,1,2,1,0,0,5,1,1,11,2.8,7,1,1.42,8.2,1,1,0.8,0.2,"20.00%",134.6,0.042,0.208,0,0.8,"FCS",0.8,6.8,0.208333333333333
"Samuel Gbatu Jr.","UC DAVIS",30,39.57,"D",8,"WR",2026,"Big Sky",74.6,6,20,6,7,5,60,12,0,3,1,0,0,6,0,0,28,5.6,10,0,3,10.9,2,0,0.833,0.167,"0.00%",57.7,0.25,0.35,0.143,0.714,"FCS",0.714285714285714,8.57142857142857,0.35
"Tysen Boze","S DAKOTA",52,38.44,"D",6,"WR",2026,"Missouri Valley",66.4,2,22,1,2,2,44,22,0,2,0,0,0,2,1,1,30,15,2,1,2,7,1,0,1,0,"50.00%",118.8,0,0.091,0,1,"FCS",1,22,0.0909090909090909
"Cole Monach","SAN DIEGO",57,38.35,"D",17,"WR",2026,"Pioneer",65.3,3,28,1,5,3,43,14.3,0,1,0,0,0,3,0,0,11,3.7,7,0,1.54,15.2,2,2,1,0,"0.00%",87.9,0.179,0.179,0.2,0.6,"FCS",0.6,8.6,0.178571428571429
"Hank Foley","DRAKE",27,38.11,"D",18,"WR",2026,"Pioneer",64,1,22,5,6,3,43,14.3,0,2,0,0,0,3,2,1,27,9,27,0.5,1.95,7.3,1,1,1,0,"33.30%",34,0,0.273,0,0.5,"FCS",0.5,7.16666666666667,0.272727272727273
"Christopher Hall","SAN DIEGO",41,38,"D",81,"WR",2026,"Pioneer",63.5,1,18,1,1,1,32,32,0,1,0,0,0,1,0,0,9,9,4,0,1.78,23,1,0,1,0,"0.00%",118.8,0.056,0.056,1,1,"FCS",1,32,0.0555555555555556
"Stevan Gavric","ILL STATE",26,37.86,"D",18,"WR",2026,"Missouri Valley",66.6,3,15,9,4,4,38,9.5,0,2,0,0,0,4,0,0,20,5,10,0,2.53,4.5,1,1,1,0,"0.00%",106.3,0.133,0.267,0,1,"FCS",1,9.5,0.266666666666667
"Suderian Harrison","E TENN ST",43,37.79,"D",9,"WR",2026,"Southern",67.2,10,28,5,10,7,44,6.3,0,3,0,0,0,7,0,0,48,6.9,13,0,1.57,2.4,0,2,1,0,"0.00%",39.2,0.286,0.357,0,0.7,"FCS",0.7,4.4,0.357142857142857
"Ty Carlson","NEW HAMP",47,37.72,"D",6,"WR",2026,"CAA",66.1,2,24,6,4,2,31,15.5,1,2,0,0,0,2,0,0,2,1,2,0,1.29,12,1,0,1,0,"0.00%",115.6,0,0.167,0.25,0.5,"FCS",0.5,7.75,0.166666666666667
"DK Daniel","W GEORGIA",29,37.44,"D",7,"WR",2026,"United Athletic",68.4,3,19,2,3,2,34,17,0,2,0,0,0,2,2,1,17,8.5,11,0.5,1.79,6.7,1,0,1,0,"66.70%",104.9,0.158,0.158,0,0.667,"FCS",0.666666666666667,11.3333333333333,0.157894736842105
"Terence Loville","PORTLAND",64,37.39,"D",3,"WR",2026,"Big Sky",60.7,7,40,11,10,3,71,23.7,0,3,1,0,0,5,5,0,10,3.3,4,0,1.78,22.3,1,0,0.6,0.2,"50.00%",56.7,0,0.25,0.5,0.3,"FCS",0.3,7.1,0.25
"Lincoln Fisher","HOLY CROSS",37,37.11,"D",2,"WR",2026,"Patriot",63.1,5,24,11,5,3,31,10.3,1,2,1,0,0,4,2,1,4,1.3,3,0.5,1.29,13.6,1,0,0.75,0.25,"40.00%",117.5,0,0.208,0.4,0.6,"FCS",0.6,6.2,0.208333333333333
"Anthony Westervelt","SE MO ST",40,36.98,"D",84,"WR",2026,"Big South - OVC Football Association",60.7,3,27,5,3,1,46,46,0,1,0,0,0,1,1,0,0,0,0,0,1.7,32.3,1,0,1,0,"33.30%",42.4,0.111,0.111,1,0.333,"FCS",0.333333333333333,15.3333333333333,0.111111111111111
"Zack Card","IDAHO",26,36.49,"D",11,"WR",2026,"Big Sky",63.5,3,21,2,3,1,38,38,0,0,0,0,0,1,1,0,7,7,3,0,1.81,25.7,1,0,1,0,"33.30%",81.9,0.143,0.143,0.667,0.333,"FCS",0.333333333333333,12.6666666666667,0.142857142857143
"Khylen Harris-Norman","SE MO ST",24,36.08,"D",16,"WR",2026,"Big South - OVC Football Association",71.9,2,15,2,5,2,30,15,0,2,0,0,0,2,1,1,0,0,0,1,2,20.6,1,0,1,0,"20.00%",60.4,0.133,0.333,0.2,0.4,"FCS",0.4,6,0.333333333333333
"Ryan Jezioro","IDAHO",68,35.56,"D",89,"WR",2026,"Big Sky",64.4,5,47,16,9,6,44,7.3,0,4,0,0,0,6,1,0,6,1,5,0,0.94,12.9,0,0,1,0,"11.10%",78,0,0.191,0.111,0.667,"FCS",0.666666666666667,4.88888888888889,0.191489361702128
"Gavin Nelson","MONMOUTH",83,35.55,"D",0,"WR",2026,"CAA",56.3,9,46,7,15,7,63,9,0,4,1,0,0,9,3,0,36,5.1,10,0,1.37,12.4,2,0,0.778,0.111,"20.00%",58.5,0.261,0.326,0.267,0.467,"FCS",0.466666666666667,4.2,0.326086956521739
"Stetson Sarratt","STF AUSTIN",61,35.55,"D",17,"WR",2026,"Southland",57.6,1,33,6,6,1,54,54,0,1,0,0,0,1,1,0,40,40,3,0,1.64,9.3,1,0,1,0,"16.70%",64.6,0.091,0.182,0.167,0.167,"FCS",0.166666666666667,9,0.181818181818182
"Kobe Stewart","BETH COOK",36,35.5,"D",8,"WR",2026,"SWAC",63.6,4,19,4,2,2,40,20,0,1,0,0,0,2,0,0,8,4,3,0,2.11,16,2,0,1,0,"0.00%",118.8,0,0.105,0,1,"FCS",1,20,0.105263157894737
"Deng Deng","N DAKOTA",55,35.29,"D",2,"WR",2026,"Missouri Valley",59.5,2,34,19,6,4,55,13.8,0,2,0,0,0,4,0,0,8,2,5,0,1.62,14.5,2,0,1,0,"0.00%",95.8,0,0.176,0.167,0.667,"FCS",0.666666666666667,9.16666666666667,0.176470588235294
"Zion Fowler-El","WAGNER",32,35.13,"D",1,"WR",2026,"Northeast",66.5,5,19,4,6,4,45,11.3,0,2,1,0,0,5,0,0,25,6.3,9,0,2.37,7.2,1,1,0.8,0.2,"0.00%",88.9,0.053,0.316,0,0.667,"FCS",0.666666666666667,7.5,0.31578947368421
"Snap Reed","N ALABAMA",56,35.01,"D",2,"WR",2026,"United Athletic",59.2,7,38,1,10,5,34,6.8,0,1,0,0,0,6,3,2,2,0.4,2,0.667,0.89,11,0,2,0.833,0,"30.00%",57.9,0.263,0.263,0.1,0.5,"FCS",0.5,3.4,0.263157894736842
"Wyatt Rogers","STETSON",61,34.94,"D",5,"WR",2026,"Pioneer",64.9,7,42,7,13,6,58,9.7,0,1,0,0,0,6,1,0,24,4,11,0,1.38,8.4,1,0,1,0,"7.70%",59.1,0.238,0.309,0.077,0.462,"FCS",0.461538461538462,4.46153846153846,0.30952380952381
"Elyjah Mitchell","NORFOLK",45,34.5,"D",0,"WR",2026,"MEAC",66.2,6,30,9,7,5,43,8.6,0,3,0,0,0,5,1,0,10,2,4,0,1.43,9.3,0,0,1,0,"14.30%",87.2,0.033,0.233,0,0.714,"FCS",0.714285714285714,6.14285714285714,0.233333333333333
"Keyon Concepcion","MAINE",22,34.46,"D",19,"WR",2026,"CAA",66.9,3,15,1,3,2,36,18,0,1,0,0,0,2,0,0,3,1.5,0,0,2.4,13.7,1,0,1,0,"0.00%",107.6,0.2,0.2,0.333,0.667,"FCS",0.666666666666667,12,0.2
"Devin Yeats","VALPO",34,34.38,"D",17,"WR",2026,"Pioneer",62.2,3,25,4,8,2,46,23,0,1,0,0,0,2,1,0,8,4,3,0,1.84,17.6,1,1,1,0,"12.50%",51,0.04,0.32,0.375,0.25,"FCS",0.25,5.75,0.32
"Jamall Mensah","RHODE ISLD",41,34.34,"D",9,"WR",2026,"CAA",67.7,3,22,3,3,2,35,17.5,0,2,0,0,0,2,0,0,21,10.5,6,0,1.59,10.3,1,0,1,0,"0.00%",106.3,0.091,0.136,0,0.667,"FCS",0.666666666666667,11.6666666666667,0.136363636363636
"Ja'Kheo Mitchell","UTAHTC",23,34.07,"D",7,"WR",2026,"Big Sky",66.9,2,15,4,4,3,38,12.7,0,2,0,0,0,4,1,0,23,7.7,2,0,2.53,5,2,0,0.75,0,"25.00%",104.2,0.2,0.267,0,0.75,"FCS",0.75,9.5,0.266666666666667
"Jack Smith","S DAK ST",27,33.91,"D",2,"WR",2026,"Missouri Valley",66.8,2,15,2,5,3,36,12,0,2,0,0,0,3,1,0,8,2.7,4,0,2.4,11.2,1,0,1,0,"20.00%",82.1,0.333,0.333,0.2,0.6,"FCS",0.6,7.2,0.333333333333333
"Kory Jones","GARD-WEBB",76,33.56,"D",2,"WR",2026,"Big South - OVC Football Association",63.2,6,48,15,8,3,51,17,0,3,0,0,0,3,3,0,7,2.3,2,0,1.06,15.1,1,0,1,0,"37.50%",59.9,0,0.167,0.25,0.375,"FCS",0.375,6.375,0.166666666666667
"Taj Hughes","N IOWA",24,33.35,"D",25,"WR",2026,"Missouri Valley",67.2,4,16,2,6,5,16,3.2,0,3,0,0,0,5,1,1,17,3.4,9,1,1,0.7,0,1,1,0,"16.70%",79.2,0.313,0.375,0,0.833,"FCS",0.833333333333333,2.66666666666667,0.375
"Paul Billups II","NORFOLK",45,33.35,"D",1,"WR",2026,"MEAC",60.6,3,30,12,3,2,37,18.5,0,1,0,0,0,2,1,1,5,2.5,0,1,1.23,14.3,1,0,1,0,"33.30%",109,0,0.1,0.333,0.667,"FCS",0.666666666666667,12.3333333333333,0.1
"Dimitri Howard","MURRAY ST",24,32.66,"D",6,"WR",2026,"Missouri Valley",69.8,4,19,1,5,4,36,9,0,1,0,0,0,4,1,0,20,5,3,0,1.89,6.8,1,0,1,0,"20.00%",96.7,0.158,0.263,0,0.8,"FCS",0.8,7.2,0.263157894736842
"Willie Anderson","BETH COOK",57,32.66,"D",17,"WR",2026,"SWAC",64.4,6,32,2,10,7,44,6.3,0,2,1,0,0,8,0,0,48,6.9,13,0,1.38,7.3,0,0,0.875,0.125,"0.00%",78.8,0.313,0.313,0.2,0.7,"FCS",0.7,4.4,0.3125
"Trey Firestone","MURRAY ST",55,32.48,"D",13,"WR",2026,"Missouri Valley",63.8,8,31,2,9,3,62,20.7,0,2,1,0,0,4,2,0,15,5,2,0,2,11.6,1,0,0.75,0.25,"22.20%",58.6,0.097,0.29,0.222,0.333,"FCS",0.333333333333333,6.88888888888889,0.290322580645161
"Nathan Stewart","DELWARE ST",61,32.47,"D",11,"WR",2026,"MEAC",53.8,5,32,4,8,5,39,7.8,0,2,0,0,0,5,3,1,17,3.4,7,0.333,1.22,8.1,0,1,1,0,"37.50%",74.5,0,0.25,0,0.625,"FCS",0.625,4.875,0.25
"Julian Mason","IDAHO ST",43,32.22,"D",80,"WR",2026,"Big Sky",57.3,3,26,13,6,3,51,17,0,1,1,0,0,4,2,1,1,0.3,1,0.5,1.96,19.8,1,0,0.75,0.25,"33.30%",79.2,0,0.231,0.5,0.5,"FCS",0.5,8.5,0.230769230769231
"David Cabrera","E WASHGTON",26,31.6,"D",14,"WR",2026,"Big Sky",65.2,3,19,0,4,2,24,12,0,1,0,0,0,2,1,0,25,12.5,0,0,1.26,16.5,1,2,1,0,"25.00%",68.8,0.211,0.211,0.25,0.5,"FCS",0.5,6,0.210526315789474
"Anthony Ice","MOREHEAD",39,31.59,"D",2,"WR",2026,"Pioneer",63.4,3,25,0,6,4,29,7.3,0,2,0,0,0,4,1,1,11,2.8,5,1,1.16,9,1,0,1,0,"16.70%",77.8,0.24,0.24,0.167,0.667,"FCS",0.666666666666667,4.83333333333333,0.24
"Alijah Turner","STHLSK",45,31.52,"D",9,"WR",2026,"Northeast",59.7,3,37,5,9,5,43,8.6,0,2,0,0,0,5,0,0,17,3.4,8,0,1.16,12.2,1,0,1,0,"0.00%",68.3,0.216,0.243,0.333,0.556,"FCS",0.555555555555556,4.77777777777778,0.243243243243243
"Lonyatta Alexander Jr.","IDAHO",30,31.38,"D",2,"WR",2026,"Big Sky",55,5,23,4,9,4,64,16,0,2,1,1,0,5,1,0,18,4.5,7,0,2.78,15.4,2,0,0.8,0.2,"11.10%",68.8,0.043,0.391,0.222,0.444,"FCS",0.444444444444444,7.11111111111111,0.391304347826087
"Jai Boyd","W CAROLINA",37,31.34,"D",1,"WR",2026,"Southern",58.1,6,28,1,7,6,32,5.3,0,2,1,0,0,7,0,0,24,4,14,0,1.14,3.3,0,2,0.857,0.143,"0.00%",85.7,0.143,0.25,0,0.857,"FCS",0.857142857142857,4.57142857142857,0.25
"DJ Maultsby","SCAR STATE",43,31.29,"D",80,"WR",2026,"MEAC",63.1,3,19,3,2,2,24,12,0,1,0,0,0,2,0,0,14,7,10,0,1.26,5,1,1,1,0,"0.00%",116.7,0,0.105,0,1,"FCS",1,12,0.105263157894737
"Nehemiah Hixon","ALABAMA ST",27,31.19,"D",4,"WR",2026,"SWAC",65.9,4,18,0,2,2,24,12,0,2,0,0,0,2,0,0,14,7,0,0,1.33,5,0,1,1,0,"0.00%",116.7,0.111,0.111,0,1,"FCS",1,12,0.111111111111111
"Luke Shields","FURMAN",50,31.07,"D",13,"WR",2026,"Southern",60.3,6,28,3,9,6,34,5.7,0,2,1,0,0,7,2,1,14,2.3,10,0.5,1.21,6.6,0,2,0.857,0.143,"22.20%",33.8,0.036,0.321,0,0.667,"FCS",0.666666666666667,3.77777777777778,0.321428571428571
"Trey Weary","E TENN ST",43,31.06,"D",8,"WR",2026,"Southern",68.2,3,23,4,4,3,26,8.7,0,2,0,0,0,3,1,1,6,2,3,1,1.13,4,0,0,1,0,"25.00%",91.7,0.043,0.174,0,0.75,"FCS",0.75,6.5,0.173913043478261
"Brit Simmons","LAMAR",23,30.81,"D",5,"WR",2026,"Southland",65.1,3,18,1,5,3,39,13,0,2,1,0,0,4,0,0,29,9.7,11,0,2.17,6.2,1,0,0.75,0.25,"0.00%",84.6,0.278,0.278,0,0.6,"FCS",0.6,7.8,0.277777777777778
"Derrick Miller","HOWARD",22,29.96,"D",9,"WR",2026,"MEAC",62,1,15,1,1,1,15,15,0,1,0,0,0,1,1,1,0,0,0,1,1,15,1,0,1,0,"100%",118.8,0,0.067,0,1,"FCS",1,15,0.0666666666666667
"Drew Krobath","LNDNWD",55,29.72,"D",8,"WR",2026,"Big South - OVC Football Association",57.1,3,30,8,5,1,15,15,1,1,0,0,0,1,2,1,3,3,3,0.5,0.5,24.4,1,0,1,0,"40.00%",39.6,0.167,0.167,0.6,0.2,"FCS",0.2,3,0.166666666666667
"Kameran Senegal","MCNEESE",39,29.35,"D",1,"WR",2026,"Southland",57.8,1,26,10,5,4,28,7,0,1,0,0,0,4,0,0,41,10.3,16,0,1.08,2.8,0,1,1,0,"0.00%",90,0.115,0.192,0.2,0.8,"FCS",0.8,5.6,0.192307692307692
"Cameron Glenn","TXRG",35,29.32,"D",10,"WR",2026,"Southland",60.5,2,27,17,3,1,25,25,0,1,0,0,0,1,1,0,0,0,0,0,0.93,27,1,0,1,0,"33.30%",64.6,0,0.111,1,0.333,"FCS",0.333333333333333,8.33333333333333,0.111111111111111
"Terrence Honeywood","WOFFORD",50,29.3,"D",10,"WR",2026,"Southern",59.3,1,32,2,5,1,27,27,0,1,0,0,0,1,0,0,11,11,4,0,0.84,18.4,1,1,1,0,"0.00%",49.6,0,0.156,0.6,0.2,"FCS",0.2,5.4,0.15625
"Prince Zombo Jr.","UTAHTC",46,29.27,"D",8,"WR",2026,"Big Sky",61,3,30,7,6,3,33,11,0,2,0,0,0,3,0,0,8,2.7,2,0,1.1,20,0,0,1,0,"0.00%",66.7,0.067,0.2,0.333,0.5,"FCS",0.5,5.5,0.2
"Matt Fogler","COLGATE",64,29.19,"D",14,"WR",2026,"Patriot",59.3,3,37,36,6,3,33,11,0,2,0,0,0,3,1,0,9,3,5,0,0.89,11.7,0,1,1,0,"16.70%",66.7,0,0.162,0,0.5,"FCS",0.5,5.5,0.162162162162162
"Dakarai Anderson","CENT ARK",43,29.11,"D",8,"WR",2026,"United Athletic",61.7,2,17,1,4,3,13,4.3,1,1,0,0,0,3,0,0,5,1.7,2,0,0.76,5,0,0,1,0,"0.00%",117.7,0.235,0.235,0,0.75,"FCS",0.75,3.25,0.235294117647059
"Ray Hall","CAL POLY",53,28.89,"D",88,"WR",2026,"Big Sky",59.4,7,40,2,9,4,44,11,0,2,1,0,0,7,3,0,9,2.3,2,0,1.1,12.2,2,1,0.571,0.143,"33.30%",59.5,0,0.225,0.111,0.444,"FCS",0.444444444444444,4.88888888888889,0.225
"Isaac McMullin","UTAHTC",23,28.69,"D",21,"WR",2026,"Big Sky",66.9,2,15,4,2,2,23,11.5,0,1,0,0,0,2,0,0,8,4,0,0,1.53,7.5,0,0,1,0,"0.00%",114.6,0.067,0.133,0,1,"FCS",1,11.5,0.133333333333333
"Torance Washington Jr.","STHLSK",53,28.64,"D",3,"WR",2026,"Northeast",54.4,5,40,9,11,3,31,10.3,0,2,1,0,0,5,0,0,10,3.3,10,0,0.78,10.8,1,3,0.6,0.2,"0.00%",39.6,0.2,0.275,0.273,0.273,"FCS",0.272727272727273,2.81818181818182,0.275
"D.J. Linkins","STNY BROOK",49,28.5,"D",1,"WR",2026,"CAA",56.6,1,34,15,3,3,29,9.7,0,1,0,0,0,3,0,0,19,6.3,11,0,0.85,3.3,1,1,1,0,"0.00%",106.9,0,0.088,0,1,"FCS",1,9.66666666666667,0.0882352941176471
"Kam Phillips","COLGATE",58,28.45,"D",7,"WR",2026,"Patriot",62.6,6,35,7,7,3,43,14.3,0,3,1,0,0,4,3,1,5,1.7,3,0.333,1.23,14.1,1,0,0.75,0.25,"42.90%",23.8,0.171,0.2,0.286,0.429,"FCS",0.428571428571429,6.14285714285714,0.2
"B.J. Fleming","TARLETON",56,28.42,"D",4,"WR",2026,"United Athletic",60.6,5,44,5,7,4,28,7,0,1,0,0,0,5,3,1,4,1,1,0.333,0.64,17.3,0,0,0.8,0,"42.90%",66.4,0.023,0.159,0.286,0.571,"FCS",0.571428571428571,4,0.159090909090909
"Lincoln Delaere","DRAKE",17,28.18,"D",80,"WR",2026,"Pioneer",61,1,15,6,1,1,6,6,1,1,0,0,0,1,0,0,0,0,0,0,0.4,13,0,0,1,0,"0.00%",131.3,0.067,0.067,0,1,"FCS",1,6,0.0666666666666667
"Seth Sweitzer","STNY BROOK",57,28.13,"D",3,"WR",2026,"CAA",57.6,5,41,1,10,7,50,7.1,0,3,2,0,0,9,0,0,19,2.7,9,0,1.22,5.7,0,0,0.778,0.222,"0.00%",81.3,0.244,0.244,0,0.7,"FCS",0.7,5,0.24390243902439
"Franck Pierre","ALABAMA ST",37,27.92,"D",7,"WR",2026,"SWAC",61,2,27,9,3,1,27,27,0,1,0,0,0,1,0,0,0,0,0,0,1,17.7,1,0,1,0,"0.00%",67.4,0,0.111,0.667,0.333,"FCS",0.333333333333333,9,0.111111111111111
"Isaiah Scott","WOFFORD",49,27.86,"D",9,"WR",2026,"Southern",58.5,2,32,5,6,3,47,15.7,0,2,0,0,0,3,0,0,9,3,4,0,1.47,12,1,0,1,0,"0.00%",36.8,0,0.188,0.333,0.5,"FCS",0.5,7.83333333333333,0.1875
"Noah Colon","HAMPTON",37,27.46,"D",6,"WR",2026,"CAA",64.8,5,27,0,6,3,40,13.3,0,2,1,0,0,4,0,0,3,1,3,0,1.48,7.8,1,0,0.75,0.25,"0.00%",71.5,0.222,0.222,0.167,0.5,"FCS",0.5,6.66666666666667,0.222222222222222
"Spencer Jones","CAMPBELL",43,27.18,"D",1,"WR",2026,"CAA",61.2,3,30,15,10,4,28,7,0,1,0,0,0,4,3,1,10,2.5,7,0.333,0.93,7.7,0,0,1,0,"30.00%",47.9,0.033,0.333,0,0.4,"FCS",0.4,2.8,0.333333333333333
"Jackson House","E KENTUCKY",43,27.17,"D",16,"WR",2026,"United Athletic",61.7,2,27,0,6,4,31,7.8,0,2,0,0,0,4,0,0,19,4.8,7,0,1.15,5.7,0,1,1,0,"0.00%",39.6,0.222,0.222,0,0.667,"FCS",0.666666666666667,5.16666666666667,0.222222222222222
"Brandon Binkowski","VILLANOVA",52,27.08,"D",81,"WR",2026,"Patriot",60.9,3,35,16,5,5,19,3.8,0,2,0,0,0,5,0,0,21,4.2,11,0,0.54,-0.4,0,1,1,0,"0.00%",82.5,0,0.143,0,1,"FCS",1,3.8,0.142857142857143
"Chinua Ezeigbo","CAMPBELL",38,26.85,"D",19,"WR",2026,"CAA",61.3,1,27,20,4,3,21,7,0,1,0,0,0,3,2,1,9,3,8,0.5,0.78,4.3,1,0,1,0,"50.00%",86.5,0,0.148,0,0.75,"FCS",0.75,5.25,0.148148148148148
"Christian Sabsook","TXRG",53,26.73,"D",81,"WR",2026,"Southland",54.8,1,36,21,1,1,7,7,1,1,0,0,0,1,0,0,0,0,0,0,0.19,14,0,0,1,0,"0.00%",135.4,0,0.028,0,1,"FCS",1,7,0.0277777777777778
"Ricky Gonzalez II","FORDHAM",50,26.63,"D",5,"WR",2026,"Patriot",63.1,2,26,5,3,2,25,12.5,0,2,0,0,0,2,0,0,7,3.5,5,0,0.96,7.7,1,1,1,0,"0.00%",52.8,0,0.115,0,0.667,"FCS",0.666666666666667,8.33333333333333,0.115384615384615
"Josiah Brown","LIUSHAR",31,26.39,"D",7,"WR",2026,"Northeast",59.6,1,17,1,2,1,16,16,0,1,0,0,0,1,1,0,0,0,0,0,0.94,25.5,1,0,1,0,"50.00%",77.1,0.118,0.118,0.5,0.5,"FCS",0.5,8,0.117647058823529
"Ellis Stewart","NICHOLLS",56,26.25,"D",8,"WR",2026,"Southland",56.8,3,25,4,5,2,25,12.5,0,2,1,0,0,3,0,0,10,5,5,0,1,23.6,1,1,0.667,0.333,"0.00%",56.3,0,0.2,0.4,0.4,"FCS",0.4,5,0.2
"Elijah Taylor","SAN DIEGO",50,26.1,"D",3,"WR",2026,"Pioneer",58,2,25,5,5,3,34,11.3,0,1,0,0,0,3,1,1,14,4.7,6,1,1.36,7.6,1,0,1,0,"20.00%",40.8,0.04,0.2,0,0.6,"FCS",0.6,6.8,0.2
"Alex Voss","ELON",51,26.05,"D",8,"WR",2026,"CAA",58.2,2,24,4,5,2,38,19,0,1,1,0,0,3,2,1,2,1,2,0.5,1.58,20,1,0,0.667,0.333,"40.00%",27.5,0.083,0.208,0.6,0.4,"FCS",0.4,7.6,0.208333333333333
"Santana Carlos","W CAROLINA",35,25.96,"D",10,"WR",2026,"Southern",56.5,3,26,8,5,2,26,13,0,1,0,0,0,2,0,0,11,5.5,3,0,1,24.6,1,0,1,0,"0.00%",57.1,0,0.192,0.6,0.4,"FCS",0.4,5.2,0.192307692307692
"Jaquan McGee","TEXAS STHN",48,25.95,"D",5,"WR",2026,"SWAC",59,1,21,5,4,2,26,13,0,1,0,0,0,2,0,0,17,8.5,8,0,1.24,11.3,1,0,1,0,"0.00%",70.8,0.095,0.191,0.25,0.5,"FCS",0.5,6.5,0.19047619047619
"Joseph Young","LIUSHAR",60,25.86,"D",5,"WR",2026,"Northeast",56.9,2,27,9,4,2,9,4.5,1,1,0,0,0,2,0,0,11,5.5,1,0,0.33,14.8,0,0,1,0,"0.00%",95.8,0,0.148,0.25,0.5,"FCS",0.5,2.25,0.148148148148148
"Deuce Oliver","TENN MARTN",41,25.81,"D",1,"WR",2026,"Big South - OVC Football Association",59.2,4,26,1,8,6,25,4.2,0,2,0,0,0,6,0,0,14,2.3,3,0,0.96,2.6,0,0,1,0,"0.00%",77.6,0.308,0.308,0,0.75,"FCS",0.75,3.125,0.307692307692308
"Nae'Saan Dickerson","GRAMBLING",27,25.7,"D",11,"WR",2026,"SWAC",65,4,20,7,6,2,19,9.5,0,2,0,0,0,2,0,0,8,4,7,0,0.95,6.2,0,1,1,0,"0.00%",43.1,0,0.3,0,0.333,"FCS",0.333333333333333,3.16666666666667,0.3
"Zae-Mear Correll","DUQUESNE",40,25.54,"D",6,"WR",2026,"Northeast",59.8,1,23,4,6,3,31,10.3,0,1,0,0,0,3,2,0,3,1,1,0,1.35,10.2,1,0,1,0,"33.30%",65.3,0.043,0.261,0.167,0.5,"FCS",0.5,5.16666666666667,0.260869565217391
"Tanner Harrison","TXAMEA",60,24.95,"D",5,"WR",2026,"Southland",62.5,5,24,5,5,3,37,12.3,0,3,1,0,0,4,0,0,4,1.3,1,0,1.54,10.8,1,0,0.75,0.25,"0.00%",43.3,0,0.208,0,0.6,"FCS",0.6,7.4,0.208333333333333
"Dylan Evans","MERCYHURST",37,24.75,"D",23,"WR",2026,"Northeast",61.4,4,23,10,7,5,37,7.4,0,2,1,0,0,6,0,0,10,2,6,0,1.61,7.3,0,0,0.833,0.167,"0.00%",44,0,0.304,0,0.714,"FCS",0.714285714285714,5.28571428571429,0.304347826086957
"AJ Colombo","W CAROLINA",44,24.73,"D",0,"WR",2026,"Southern",55.6,5,29,1,2,2,17,8.5,0,1,0,0,0,2,0,0,16,8,14,0,0.59,0.5,0,1,1,0,"0.00%",102.1,0.069,0.069,0,1,"FCS",1,8.5,0.0689655172413793
"Matthew Iuvara","ALBANY",27,24.56,"D",6,"WR",2026,"CAA",60.5,2,15,6,3,2,15,7.5,0,2,0,0,0,2,1,0,7,3.5,6,0,1,10,0,0,1,0,"33.30%",78.5,0.067,0.2,0.333,0.667,"FCS",0.666666666666667,5,0.2
"Tyson George","GRAMBLING",25,24.54,"D",8,"WR",2026,"SWAC",60.7,3,20,6,3,3,22,7.3,0,1,0,0,0,3,0,0,15,5,5,0,1.1,2.3,1,0,1,0,"0.00%",97.2,0.15,0.15,0,1,"FCS",1,7.33333333333333,0.15
"Daejawn Smith","SOUTHERN U",18,24.52,"D",2,"WR",2026,"SWAC",60.9,1,15,0,4,2,13,6.5,0,0,0,0,0,2,0,0,6,3,6,0,0.87,18.3,0,1,1,0,"0.00%",57.3,0.267,0.267,0.5,0.5,"FCS",0.5,3.25,0.266666666666667
"Jashaun Amin","TOWSON",29,24.47,"D",1,"WR",2026,"CAA",58.9,1,24,4,4,2,22,11,0,1,0,0,0,2,2,1,1,0.5,0,0.5,0.92,9.3,1,0,1,0,"50.00%",66.7,0.083,0.167,0.25,0.5,"FCS",0.5,5.5,0.166666666666667
"Elijah Daniels","CENT CT ST",23,24.16,"D",1,"WR",2026,"Northeast",60.8,2,15,8,2,1,11,11,0,1,0,0,0,1,1,1,1,1,1,1,0.73,15.5,0,0,1,0,"50.00%",66.7,0,0.133,0.5,0.5,"FCS",0.5,5.5,0.133333333333333
"Roriyon Richardson","TEXAS STHN",47,24.16,"D",1,"WR",2026,"SWAC",59.1,2,25,3,6,4,22,5.5,0,1,0,0,0,4,1,0,17,4.3,6,0,0.88,8,0,0,1,0,"16.70%",72.9,0.04,0.24,0.167,0.667,"FCS",0.666666666666667,3.66666666666667,0.24
"Alfred Honesty","WM & MARY",58,24.03,"D",3,"WR",2026,"Patriot",59.5,2,36,0,5,2,16,8,0,2,0,0,0,2,1,0,7,3.5,5,0,0.44,13,0,1,1,0,"20.00%",48.8,0,0.139,0.2,0.4,"FCS",0.4,3.2,0.138888888888889
"Kaleb Washington","TENN MARTN",58,24,"D",3,"WR",2026,"Big South - OVC Football Association",60.6,3,31,7,4,3,15,5,0,2,0,0,0,3,0,0,1,0.3,1,0,0.48,14.3,0,0,1,0,"0.00%",80.2,0.097,0.129,0.25,0.75,"FCS",0.75,3.75,0.129032258064516
"Lawson Dixon","SE LA",60,23.98,"D",14,"WR",2026,"Southland",55.9,4,31,2,5,1,6,6,1,1,1,0,0,2,2,1,0,0,0,0.5,0.19,20.4,0,0,0.5,0.5,"40.00%",79.2,0.097,0.161,0.4,0.2,"FCS",0.2,1.2,0.161290322580645
"Kaymen Coleman","CHISTA",28,23.86,"D",12,"WR",2026,"IND (FCS)",61,1,16,1,2,2,13,6.5,0,1,0,0,0,2,1,1,0,0,-1,1,0.81,6.5,0,0,1,0,"50.00%",93.8,0,0.125,0,1,"FCS",1,6.5,0.125
"Tommy Poe","IDAHO ST",51,23.75,"D",13,"WR",2026,"Big Sky",56.9,2,31,17,4,3,25,8.3,0,1,0,0,0,3,0,0,13,4.3,6,0,0.81,6,0,0,1,0,"0.00%",90.6,0,0.129,0,0.75,"FCS",0.75,6.25,0.129032258064516
"Kenaz McMillian","ELON",48,23.58,"D",9,"WR",2026,"CAA",58.3,2,19,1,5,1,22,22,0,1,1,0,0,2,1,1,1,1,1,1,1.16,28.2,1,0,0.5,0.5,"20.00%",5.8,0.105,0.263,0.8,0.2,"FCS",0.2,4.4,0.263157894736842
"Tyler Hennessy","UC DAVIS",29,23.51,"D",13,"WR",2026,"Big Sky",64.8,3,21,4,6,3,19,6.3,0,1,0,0,0,4,1,0,17,5.7,9,0,0.9,4.2,0,0,0.75,0,"16.70%",56.9,0.095,0.286,0,0.5,"FCS",0.5,3.16666666666667,0.285714285714286
"Evan Brooks","LIUSHAR",52,23.4,"D",8,"WR",2026,"Northeast",57.5,2,22,10,4,1,18,18,0,1,0,0,0,1,0,0,2,2,0,0,0.82,24,1,0,1,0,"0.00%",45.8,0,0.182,0.5,0.25,"FCS",0.25,4.5,0.181818181818182
"Tristin Purnell","SE MO ST",30,23.39,"D",17,"WR",2026,"Big South - OVC Football Association",52.2,3,21,2,6,4,22,5.5,0,1,0,0,0,4,0,0,6,1.5,5,0,1.05,5.3,0,1,1,0,"0.00%",72.9,0.191,0.286,0,0.667,"FCS",0.666666666666667,3.66666666666667,0.285714285714286
"Bryce Allen","RICHMOND",23,23.12,"D",8,"WR",2026,"Patriot",56.3,2,18,10,7,2,22,11,0,1,0,0,0,2,2,1,0,0,-1,0.5,1.22,12.6,1,0,1,0,"28.60%",40.2,0,0.389,0.143,0.286,"FCS",0.285714285714286,3.14285714285714,0.388888888888889
"LJ Green","MURRAY ST",30,22.83,"D",7,"WR",2026,"Missouri Valley",60,1,17,0,1,1,11,11,0,1,0,0,0,1,0,0,4,4,3,0,0.65,7,0,0,1,0,"0.00%",112.5,0,0.059,0,1,"FCS",1,11,0.0588235294117647
"Colton Rodriguez","TARLETON",19,22.81,"D",80,"WR",2026,"United Athletic",59.1,1,17,3,1,1,11,11,0,1,0,0,0,1,0,0,3,3,3,0,0.65,8,0,0,1,0,"0.00%",112.5,0.059,0.059,0,1,"FCS",1,11,0.0588235294117647
"Evan Wallace","MAINE",30,22.73,"D",12,"WR",2026,"CAA",55.3,3,16,2,6,3,31,10.3,0,1,1,0,0,4,0,0,27,9,10,0,1.94,8.5,1,1,0.75,0.25,"0.00%",25.7,0.25,0.375,0.167,0.5,"FCS",0.5,5.16666666666667,0.375
"Evan Van Dyke","MERCYHURST",29,22.53,"D",1,"WR",2026,"Northeast",65.4,1,21,2,2,2,13,6.5,0,1,0,0,0,2,0,0,4,2,2,0,0.62,4.5,0,0,1,0,"0.00%",93.8,0.048,0.095,0,1,"FCS",1,6.5,0.0952380952380952
"Tony Harste","IDAHO",61,22.1,"D",4,"WR",2026,"Big Sky",54.9,4,46,11,5,2,30,15,0,2,1,0,0,3,1,0,19,9.5,3,0,0.65,15.4,1,0,0.667,0.333,"20.00%",60.4,0.065,0.109,0.4,0.4,"FCS",0.4,6,0.108695652173913
"Tristan Goodly","SE LA",61,21.94,"D",4,"WR",2026,"Southland",61.2,8,31,7,7,2,16,8,0,1,0,0,0,3,3,1,3,1.5,1,0.333,0.52,10.9,0,0,0.667,0,"42.90%",39.6,0,0.226,0.143,0.286,"FCS",0.285714285714286,2.28571428571429,0.225806451612903
"Damani Williams","CENT CT ST",42,21.84,"D",2,"WR",2026,"Northeast",58.5,3,27,0,7,4,21,5.3,0,2,1,0,0,5,2,1,8,2,3,0.5,0.78,3.1,0,0,0.8,0.2,"28.60%",62.2,0.185,0.259,0,0.571,"FCS",0.571428571428571,3,0.259259259259259
"Giovanni Adopte","GARD-WEBB",72,21.73,"D",0,"WR",2026,"Big South - OVC Football Association",55.9,8,46,13,13,4,34,8.5,0,2,1,0,0,5,3,0,24,6,10,0,0.74,12.1,1,0,0.8,0.2,"23.10%",8.2,0.022,0.283,0.308,0.308,"FCS",0.307692307692308,2.61538461538462,0.282608695652174
"Steven Dowdy Jr.","SACR HEART",48,21.59,"D",5,"WR",2026,"CAA",59.5,2,17,9,4,2,18,9,0,1,0,0,0,2,1,0,6,3,2,0,1.06,9.8,0,0,1,0,"25.00%",62.5,0.059,0.235,0,0.5,"FCS",0.5,4.5,0.235294117647059
"Willis Nofsinger","DRAKE",37,21.57,"D",85,"WR",2026,"Pioneer",57.2,1,29,2,6,2,28,14,0,1,0,0,0,2,1,0,10,5,1,0,0.97,7,1,0,1,0,"16.70%",49.3,0.138,0.207,0.167,0.333,"FCS",0.333333333333333,4.66666666666667,0.206896551724138
"Marvin Session","WEBER ST",72,21.21,"D",18,"WR",2026,"Big Sky",53.3,4,52,40,7,1,24,24,0,1,1,0,0,2,3,1,3,3,3,0.333,0.46,13.6,1,0,0.5,0.5,"42.90%",41.4,0,0.135,0.286,0.143,"FCS",0.142857142857143,3.42857142857143,0.134615384615385
"Jarvis Jones","TOWSON",35,21.16,"D",12,"WR",2026,"CAA",59.1,1,25,9,4,2,20,10,0,1,0,0,0,2,0,0,1,0.5,0,0,0.8,10.5,0,0,1,0,"0.00%",64.6,0.08,0.16,0,0.5,"FCS",0.5,5,0.16
"Jobe Bryant","SE MO ST",36,21.02,"D",11,"WR",2026,"Big South - OVC Football Association",61,1,26,1,3,1,16,16,0,1,0,0,0,1,0,0,0,0,0,0,0.62,12,1,0,1,0,"0.00%",52.1,0.077,0.115,0.333,0.333,"FCS",0.333333333333333,5.33333333333333,0.115384615384615
"Semaj Pierre","HOWARD",23,20.62,"D",2,"WR",2026,"MEAC",61,2,17,0,2,1,14,14,0,0,0,0,0,1,0,0,0,0,0,0,0.82,11.5,0,0,1,0,"0.00%",72.9,0.118,0.118,0,0.5,"FCS",0.5,7,0.117647058823529
"Landon Ransom-Goelz","MONTANA",34,20.34,"D",2,"WR",2026,"Big Sky",53.9,4,26,0,7,3,17,5.7,0,1,0,0,0,3,0,0,7,2.3,3,0,0.65,7.7,0,1,1,0,"0.00%",50.3,0,0.269,0,0.429,"FCS",0.428571428571429,2.42857142857143,0.269230769230769
"Josiah Rainey","DRAKE",26,20.34,"D",21,"WR",2026,"Pioneer",54.9,1,17,6,3,2,13,6.5,0,0,0,0,0,2,1,1,3,1.5,1,1,0.76,9,0,0,1,0,"33.30%",75.7,0.059,0.176,0,0.667,"FCS",0.666666666666667,4.33333333333333,0.176470588235294
"Se'Quan Osborne","HOWARD",28,19.96,"F",18,"WR",2026,"MEAC",62.1,1,16,0,2,2,11,5.5,0,1,0,0,0,2,0,0,5,2.5,0,0,0.69,3,0,0,1,0,"0.00%",89.6,0,0.125,0,1,"FCS",1,5.5,0.125
"Teree McDonald","WAGNER",30,19.85,"F",9,"WR",2026,"Northeast",54.4,2,20,7,5,1,13,13,0,0,0,0,0,1,0,0,9,9,12,0,0.65,16.8,0,0,1,0,"0.00%",39.6,0.05,0.25,0.4,0.2,"FCS",0.2,2.6,0.25
"Luke Mailander","ILL STATE",66,19.69,"F",84,"WR",2026,"Missouri Valley",59.4,3,32,13,4,2,19,9.5,0,1,0,0,0,2,0,0,0,0,0,0,0.59,19,0,0,1,0,"0.00%",24,0,0.125,0.5,0.5,"FCS",0.5,4.75,0.125
"Allen Middleton","S ILLINOIS",40,19.47,"F",5,"WR",2026,"Missouri Valley",50,8,28,4,9,4,46,11.5,0,2,2,1,0,6,1,0,-2,-0.5,-4,0,1.64,17.2,1,0,0.667,0.333,"11.10%",60.4,0.286,0.321,0.333,0.444,"FCS",0.444444444444444,5.11111111111111,0.321428571428571
"Auystn Howe","CENT CT ST",32,19.32,"F",8,"WR",2026,"Northeast",59.2,1,18,2,1,1,8,8,0,1,0,0,0,1,0,0,4,4,2,0,0.44,4,0,0,1,0,"0.00%",100,0,0.056,0,1,"FCS",1,8,0.0555555555555556
"Jalile Bost","GARD-WEBB",40,19.31,"F",6,"WR",2026,"Big South - OVC Football Association",57.5,1,25,6,2,1,13,13,0,1,0,0,0,1,0,0,2,2,2,0,0.52,8.5,0,0,1,0,"0.00%",70.8,0.08,0.08,0,0.5,"FCS",0.5,6.5,0.08
"Weston Adams","MONTANA",30,19.28,"F",7,"WR",2026,"Big Sky",54.7,2,20,1,4,3,18,6,0,0,0,0,0,3,0,0,4,1.3,2,0,0.9,5.8,0,0,1,0,"0.00%",83.3,0,0.2,0,0.75,"FCS",0.75,4.5,0.2
"Justin Reshard","STNY BROOK",19,19.22,"F",13,"WR",2026,"CAA",61.6,1,15,3,2,2,11,5.5,0,0,0,0,0,2,0,0,5,2.5,2,0,0.73,3,0,0,1,0,"0.00%",89.6,0.067,0.133,0,1,"FCS",1,5.5,0.133333333333333
"Greg Donaldson","NICHOLLS",44,19.22,"F",86,"WR",2026,"Southland",52.5,2,23,2,2,1,15,15,0,1,1,0,0,2,0,0,16,16,16,0,0.65,0.5,1,1,0.5,0.5,"0.00%",75,0,0.087,0,0.5,"FCS",0.5,7.5,0.0869565217391304
"Kenyon Massey","MERRIMACK",38,19.16,"F",1,"WR",2026,"IND (FCS)",59,3,18,1,4,2,20,10,0,1,0,0,0,2,0,0,6,3,2,0,1.11,11,0,0,1,0,"0.00%",25,0.222,0.222,0,0.5,"FCS",0.5,5,0.222222222222222
"Corey Petty","FL A&M",26,19.11,"F",0,"WR",2026,"SWAC",50.8,3,17,3,5,3,20,6.7,0,1,1,0,0,4,0,0,6,2,3,0,1.18,7.2,0,1,0.75,0.25,"0.00%",68.8,0.294,0.294,0,0.6,"FCS",0.6,4,0.294117647058824
"Brandon Winton","E TENN ST",49,18.98,"F",0,"WR",2026,"Southern",57.5,3,28,4,2,2,9,4.5,0,0,0,0,0,2,1,1,0,0,0,1,0.32,4.5,0,0,1,0,"50.00%",85.4,0,0.071,0,1,"FCS",1,4.5,0.0714285714285714
"Petey Tucker","W ILLINOIS",39,18.97,"F",0,"WR",2026,"Big South - OVC Football Association",59.4,1,18,8,2,1,10,10,0,1,0,0,0,1,0,0,0,0,0,0,0.56,12.5,0,0,1,0,"0.00%",64.6,0,0.111,0,0.5,"FCS",0.5,5,0.111111111111111
"Jaqai Carter","ROB MORRIS",46,18.87,"F",8,"WR",2026,"Northeast",53.5,3,32,0,6,3,15,5,0,1,0,1,0,3,2,1,13,4.3,2,0.5,0.47,12.5,0,0,1,0,"33.30%",56.3,0,0.188,0.333,0.5,"FCS",0.5,2.5,0.1875
"Cannon Dinger","MOREHEAD",38,18.78,"F",7,"WR",2026,"Pioneer",54.3,1,24,0,4,3,15,5,0,0,0,0,0,3,0,0,0,0,0,0,0.63,10.3,0,0,1,0,"0.00%",80.2,0.167,0.167,0.25,0.75,"FCS",0.75,3.75,0.166666666666667
"Montez Green","GARD-WEBB",36,18.76,"F",13,"WR",2026,"Big South - OVC Football Association",57.4,1,28,3,4,2,24,12,0,1,0,0,0,2,0,0,5,2.5,0,0,0.86,9.8,1,0,1,0,"0.00%",29.2,0.143,0.143,0,0.5,"FCS",0.5,6,0.142857142857143
"Jasean Mayberry","WEBER ST",68,18.74,"F",19,"WR",2026,"Big Sky",55,6,50,42,8,3,15,5,0,1,0,0,0,3,4,0,6,2,3,0,0.3,10.3,0,0,1,0,"50.00%",45.8,0,0.16,0.125,0.375,"FCS",0.375,1.875,0.16
"Stephon Patrick","MERRIMACK",49,18.62,"F",10,"WR",2026,"IND (FCS)",55.8,2,18,5,4,3,14,4.7,0,1,0,0,0,4,1,0,1,0.3,1,0,0.78,2.5,0,0,0.75,0,"25.00%",79.2,0,0.222,0,0.75,"FCS",0.75,3.5,0.222222222222222
"Malik Leverett","W GEORGIA",42,18.48,"F",17,"WR",2026,"United Athletic",57,2,30,7,4,2,14,7,0,0,0,0,0,2,1,0,8,4,0,0,0.47,15.8,0,0,1,0,"25.00%",58.3,0,0.133,0.25,0.5,"FCS",0.5,3.5,0.133333333333333
"Oliver Luebkert","E WASHGTON",35,18.29,"F",89,"WR",2026,"Big Sky",57.6,2,23,0,4,1,11,11,0,1,0,0,0,1,1,0,0,0,0,0,0.48,16.8,0,0,1,0,"25.00%",39.6,0.043,0.174,0.25,0.25,"FCS",0.25,2.75,0.173913043478261
"Ryan Pellum Taylor","DELWARE ST",61,18.02,"F",16,"WR",2026,"MEAC",50,2,32,1,6,4,24,6,0,0,1,0,0,5,0,0,13,3.3,1,0,0.75,7.2,0,1,0.8,0.2,"0.00%",74.3,0,0.188,0,0.667,"FCS",0.666666666666667,4,0.1875
"Floyd Jones","SOUTHERN U",35,17.55,"F",85,"WR",2026,"SWAC",54.4,0,19,9,4,2,12,6,0,0,0,0,0,2,0,0,1,0.5,1,0,0.63,7.8,0,1,1,0,"0.00%",56.3,0,0.211,0,0.5,"FCS",0.5,3,0.210526315789474
"Keegan Zylstra","MOREHEAD",39,17.41,"F",0,"WR",2026,"Pioneer",49.9,2,25,5,2,2,19,9.5,0,1,0,1,0,2,0,0,9,4.5,1,0,0.76,5,0,0,1,0,"0.00%",106.3,0,0.08,0,1,"FCS",1,9.5,0.08
"Christian Harrison","MONMOUTH",30,17.19,"F",14,"WR",2026,"CAA",58.2,1,19,8,3,1,11,11,0,1,0,0,0,1,0,0,0,0,0,0,0.58,11,0,0,1,0,"0.00%",45.1,0,0.158,0,0.333,"FCS",0.333333333333333,3.66666666666667,0.157894736842105
"Zach Jones","UC DAVIS",26,17.14,"F",3,"WR",2026,"Big Sky",60.9,1,17,5,3,2,9,4.5,0,0,0,0,0,2,0,0,20,10,13,0,0.53,-6,0,0,1,0,"0.00%",70.1,0.176,0.176,0,0.667,"FCS",0.666666666666667,3,0.176470588235294
"Malik McNeely","MAINE",47,16.52,"F",4,"WR",2026,"CAA",57.8,3,25,14,5,2,16,8,0,1,0,0,0,2,0,0,16,8,1,0,0.64,13.6,0,0,1,0,"0.00%",9.2,0.04,0.2,0.4,0.4,"FCS",0.4,3.2,0.2
"Elijah Caldwell","E KENTUCKY",50,16.11,"F",9,"WR",2026,"United Athletic",56.4,2,27,5,3,1,10,10,0,1,0,0,0,1,1,0,2,2,2,0,0.37,9.7,0,0,1,0,"33.30%",43.8,0,0.111,0,0.333,"FCS",0.333333333333333,3.33333333333333,0.111111111111111
"Chris Colby","VILLANOVA",28,15.89,"F",13,"WR",2026,"Patriot",53.7,1,21,3,4,2,7,3.5,0,0,0,0,0,2,0,0,9,4.5,3,0,0.33,14.3,0,0,1,0,"0.00%",56.3,0.143,0.191,0.5,0.5,"FCS",0.5,1.75,0.19047619047619
"Jyron Waiters","CAMPBELL",23,15.53,"F",9,"WR",2026,"CAA",59.2,2,17,4,3,2,4,2,0,1,0,0,0,2,0,0,1,0.5,1,0,0.24,2.7,0,0,1,0,"0.00%",70.1,0.176,0.176,0,0.667,"FCS",0.666666666666667,1.33333333333333,0.176470588235294
"Toric Goins Jr.","PRVIEW A&M",35,15.32,"F",11,"WR",2026,"SWAC",54.6,3,23,5,4,2,10,5,0,0,0,0,0,2,2,0,2,1,2,0,0.43,8.5,0,0,1,0,"50.00%",56.3,0,0.174,0,0.5,"FCS",0.5,2.5,0.173913043478261
"Jalen Smith","LNDNWD",54,15.29,"F",4,"WR",2026,"Big South - OVC Football Association",53.3,0,30,7,3,2,10,5,0,0,0,0,0,3,0,0,3,1.5,3,0,0.33,7.3,0,0,0.667,0,"0.00%",71.5,0,0.1,0,0.667,"FCS",0.666666666666667,3.33333333333333,0.1
"Brevin Caldwell","NORFOLK",35,15.22,"F",11,"WR",2026,"MEAC",53.4,3,27,6,6,2,25,12.5,0,1,1,0,0,3,0,0,25,12.5,3,0,0.93,4.8,1,1,0.667,0.333,"0.00%",7.6,0.222,0.222,0,0.333,"FCS",0.333333333333333,4.16666666666667,0.222222222222222
"Ethan Harris","FURMAN",50,15.17,"F",3,"WR",2026,"Southern",52.3,0,29,6,1,1,6,6,0,1,0,0,0,1,0,0,2,2,1,0,0.21,4,0,0,1,0,"0.00%",91.7,0,0.035,0,1,"FCS",1,6,0.0344827586206897
"Amare Lattimore","MERCYHURST",32,14.99,"F",4,"WR",2026,"Northeast",60.1,1,24,3,4,2,13,6.5,0,1,0,0,0,2,0,0,15,7.5,2,0,0.54,4.3,1,0,1,0,"0.00%",17.7,0.167,0.167,0,0.5,"FCS",0.5,3.25,0.166666666666667
"Jason Robinson Jr.","PORTLAND",33,14.94,"F",2,"WR",2026,"Big Sky",52.3,1,24,7,3,1,7,7,0,0,0,0,0,1,0,0,1,1,0,0,0.29,21.3,0,0,1,0,"0.00%",42.4,0,0.125,0.667,0.333,"FCS",0.333333333333333,2.33333333333333,0.125
"Kobe Lewis","DRAKE",28,14.94,"F",24,"WR",2026,"Pioneer",56,3,23,0,6,3,8,2.7,0,1,0,0,0,4,0,0,7,2.3,1,0,0.35,4.5,0,1,0.75,0,"0.00%",16.7,0.261,0.261,0,0.5,"FCS",0.5,1.33333333333333,0.260869565217391
"Dylan Rhodes","NWSTATE",58,14.89,"F",1,"WR",2026,"Southland",51.7,1,37,6,1,1,4,4,0,0,0,0,0,1,1,1,0,0,0,1,0.11,4,0,0,1,0,"100%",83.3,0,0.027,0,1,"FCS",1,4,0.027027027027027
"Quanye Veney","RICHMOND",19,14.66,"F",1,"WR",2026,"Patriot",59.9,1,16,3,4,1,11,11,0,1,0,0,0,1,1,0,8,8,0,0,0.69,9.3,0,0,1,0,"25.00%",0,0.25,0.25,0.25,0.25,"FCS",0.25,2.75,0.25
"Ty'ee Stephens","MAINE",38,14.49,"F",1,"WR",2026,"CAA",53,1,21,8,1,0,0,0,0,0,0,0,0,0,0,0,0,0,0,0,0,38,0,0,0,0,"0.00%",39.6,0,0.048,1,0,"FCS",0,0,0.0476190476190476
"Clayton Wayland","STF AUSTIN",53,14.32,"F",14,"WR",2026,"Southland",51.8,0,30,8,4,1,2,2,0,0,0,0,0,1,1,1,0,0,0,1,0.07,16.8,0,0,1,0,"25.00%",39.6,0,0.133,0.5,0.25,"FCS",0.25,0.5,0.133333333333333
"Yosei Takahashi","SAN DIEGO",37,14.3,"F",22,"WR",2026,"Pioneer",54,3,18,5,5,2,18,9,0,1,1,0,0,3,0,0,15,7.5,8,0,1,2.2,0,1,0.667,0.333,"0.00%",10.8,0,0.278,0,0.4,"FCS",0.4,3.6,0.277777777777778
"Alex Green","TXRG",27,14.22,"F",14,"WR",2026,"Southland",54.5,0,21,11,2,2,2,1,0,0,0,0,0,2,1,1,7,3.5,1,1,0.1,-2.5,0,0,1,0,"50.00%",79.2,0.095,0.095,0,1,"FCS",1,1,0.0952380952380952
"Judah Mallette","DRAKE",18,14.19,"F",0,"WR",2026,"Pioneer",52.9,0,15,7,1,0,0,0,0,0,0,0,0,0,0,0,0,0,0,0,0,37,0,0,0,0,"0.00%",39.6,0,0.067,1,0,"FCS",0,0,0.0666666666666667
"Ivory Aikens","WOFFORD",32,13.87,"F",0,"WR",2026,"Southern",53.6,2,20,0,4,1,3,3,0,0,0,0,0,1,0,0,0,0,0,0,0.15,21.3,0,0,1,0,"0.00%",39.6,0.2,0.2,0.5,0.25,"FCS",0.25,0.75,0.2
"Brody Jones","W GEORGIA",37,13.65,"F",16,"WR",2026,"United Athletic",49.6,4,22,2,5,2,17,8.5,0,0,1,0,0,3,0,0,9,4.5,3,0,0.77,12.6,0,0,0.667,0.333,"0.00%",49.6,0.136,0.227,0.4,0.4,"FCS",0.4,3.4,0.227272727272727
"Jake Hilton","VILLANOVA",41,13.25,"F",5,"WR",2026,"Patriot",52.3,5,29,10,6,1,6,6,0,0,0,0,0,2,4,0,1,1,1,0,0.21,12.8,0,0,0.5,0,"66.70%",39.6,0,0.207,0.167,0.167,"FCS",0.166666666666667,1,0.206896551724138
"Markell Quick","S ILLINOIS",56,12.56,"F",11,"WR",2026,"Missouri Valley",51,0,27,6,3,0,0,0,0,0,0,0,0,0,0,0,0,0,0,0,0,30.3,0,0,0,0,"0.00%",39.6,0.037,0.111,1,0,"FCS",0,0,0.111111111111111
"Rodny Ojo","PRVIEW A&M",28,12.28,"F",9,"WR",2026,"SWAC",49.3,3,17,3,4,1,10,10,0,1,2,0,0,3,2,1,4,4,4,0.5,0.59,6,0,1,0.333,0.667,"50.00%",39.6,0.059,0.235,0,0.25,"FCS",0.25,2.5,0.235294117647059
"Tyler Evans","ROB MORRIS",23,12.26,"F",11,"WR",2026,"Northeast",51.8,1,23,0,1,1,4,4,0,0,0,0,0,1,0,0,0,0,0,0,0.17,4,0,0,1,0,"0.00%",83.3,0.043,0.043,0,1,"FCS",1,4,0.0434782608695652
"Noah Gregg","N ALABAMA",51,11.85,"F",4,"WR",2026,"United Athletic",55.2,4,36,10,5,1,5,5,0,0,0,0,0,1,2,0,0,0,0,0,0.14,19.8,0,0,1,0,"40.00%",0,0,0.139,0.4,0.2,"FCS",0.2,1,0.138888888888889
"Brendan Webb","NWSTATE",56,11.71,"F",3,"WR",2026,"Southland",51.1,3,36,9,3,0,0,0,0,0,0,0,0,0,2,0,0,0,0,0,0,26,0,0,0,0,"66.70%",39.6,0,0.083,0.667,0,"FCS",0,0,0.0833333333333333
"Jaiden Fair","RICHMOND",24,11.55,"F",2,"WR",2026,"Patriot",53.8,0,16,1,3,1,6,6,0,0,0,0,0,1,0,0,2,2,1,0,0.38,5.7,0,0,1,0,"0.00%",42.4,0.188,0.188,0,0.333,"FCS",0.333333333333333,2,0.1875
"Keylijah Williams","BRYANT",45,11.34,"F",1,"WR",2026,"CAA",51,1,22,2,2,0,0,0,0,0,0,0,0,0,1,0,0,0,0,0,0,27,0,0,0,0,"50.00%",39.6,0,0.091,0.5,0,"FCS",0,0,0.0909090909090909
"Daniel White","VALPO",45,11.21,"F",14,"WR",2026,"Pioneer",52.8,3,34,6,5,2,17,8.5,0,0,1,0,0,3,0,0,12,6,3,0,0.5,13.6,0,0,0.667,0.333,"0.00%",10,0,0.147,0.4,0.4,"FCS",0.4,3.4,0.147058823529412
"Luke Morgan","SAN DIEGO",41,10.81,"F",82,"WR",2026,"Pioneer",53.3,0,16,2,1,0,0,0,0,0,0,0,0,0,0,0,0,0,0,0,0,22,0,0,0,0,"0.00%",39.6,0,0.063,1,0,"FCS",0,0,0.0625
"James Dely","STNY BROOK",50,10.52,"F",8,"WR",2026,"CAA",52.7,0,34,17,7,2,9,4.5,0,0,0,0,0,2,0,0,-1,-0.5,0,0,0.26,12,0,0,1,0,"0.00%",0,0,0.206,0.286,0.286,"FCS",0.285714285714286,1.28571428571429,0.205882352941176
"Dave Pardo","CENT CT ST",35,10.49,"F",9,"WR",2026,"Northeast",52.1,0,22,11,2,0,0,0,0,0,0,0,0,0,0,0,0,0,0,0,0,22.5,0,0,0,0,"0.00%",39.6,0,0.091,0.5,0,"FCS",0,0,0.0909090909090909
"Cross Watson","MOREHEAD",28,10.35,"F",19,"WR",2026,"Pioneer",54.2,0,16,3,2,0,0,0,0,0,0,0,0,0,0,0,0,0,0,0,0,19,0,0,0,0,"0.00%",39.6,0,0.125,0.5,0,"FCS",0,0,0.125
"Jamai East","E WASHGTON",33,10.22,"F",17,"WR",2026,"Big Sky",53.3,0,25,1,4,1,4,4,0,0,0,0,0,1,0,0,5,5,2,0,0.16,4.8,0,0,1,0,"0.00%",39.6,0,0.16,0,0.25,"FCS",0.25,1,0.16
"Jimmie Duncan","NWSTATE",36,9.83,"F",19,"WR",2026,"Southland",50,3,26,0,8,3,2,0.7,0,0,1,0,0,4,1,0,3,1,0,0,0.08,11.4,0,0,0.75,0.25,"12.50%",45.8,0.308,0.308,0.375,0.375,"FCS",0.375,0.25,0.307692307692308
"Jack Fairchild","SO UTAH",34,9.75,"F",14,"WR",2026,"Big Sky",53.9,2,17,5,2,0,0,0,0,0,0,0,0,0,1,0,0,0,0,0,0,17.5,0,0,0,0,"50.00%",39.6,0,0.118,0,0,"FCS",0,0,0.117647058823529
"Malaqhi Jones","SCAR STATE",37,9.25,"F",11,"WR",2026,"MEAC",51.8,1,18,2,4,0,0,0,0,0,0,0,0,0,0,0,0,0,0,0,0,16,0,0,0,0,"0.00%",39.6,0.056,0.222,0.25,0,"FCS",0,0,0.222222222222222
"Aric Johnson","W ILLINOIS",34,9.2,"F",23,"WR",2026,"Big South - OVC Football Association",50.1,3,15,1,3,2,7,3.5,0,0,1,0,0,3,0,0,4,2,0,0,0.47,2.7,0,0,0.667,0.333,"0.00%",70.1,0.133,0.2,0,0.667,"FCS",0.666666666666667,2.33333333333333,0.2
"Nare Means","HAMPTON",37,9.16,"F",14,"WR",2026,"CAA",52,1,26,12,3,1,-2,-2,0,0,0,0,0,1,1,0,0,0,0,0,-0.08,12.3,0,0,1,0,"33.30%",42.4,0,0.115,0.333,0.333,"FCS",0.333333333333333,-0.666666666666667,0.115384615384615
"Jordan Reed","MONTANA ST",60,8.98,"F",12,"WR",2026,"Big Sky",51.9,2,25,8,1,0,0,0,0,0,0,0,0,0,1,0,0,0,0,0,0,18,0,0,0,0,"100%",39.6,0,0.04,0,0,"FCS",0,0,0.04
"Laviel Pickett","UC DAVIS",37,8.8,"F",22,"WR",2026,"Big Sky",52.1,2,25,9,5,0,0,0,0,0,0,0,0,0,0,0,0,0,0,0,0,12.8,0,0,0,0,"0.00%",39.6,0.04,0.2,0.2,0,"FCS",0,0,0.2
"Chaz Portis","HAMPTON",38,8.67,"F",19,"WR",2026,"CAA",48.7,1,27,11,5,2,10,5,0,0,1,0,0,3,1,0,7,3.5,3,0,0.37,3.4,0,0,0.667,0.333,"20.00%",47.9,0,0.185,0,0.4,"FCS",0.4,2,0.185185185185185
"Jaden George","CHATTNOOGA",43,8.54,"F",80,"WR",2026,"Southern",51.5,0,24,8,2,0,0,0,0,0,0,0,0,0,0,0,0,0,0,0,0,15,0,0,0,0,"0.00%",39.6,0,0.083,0.5,0,"FCS",0,0,0.0833333333333333
"Jamarien Dalton","ELON",44,8,"F",1,"WR",2026,"CAA",48.9,2,20,2,2,1,8,8,0,0,1,0,0,2,0,0,7,7,1,0,0.4,3,0,0,0.5,0.5,"0.00%",60.4,0.1,0.1,0,0.5,"FCS",0.5,4,0.1
"Cameron Hergott","E KENTUCKY",57,7.75,"F",2,"WR",2026,"United Athletic",51.5,0,24,7,1,0,0,0,0,0,0,0,0,0,0,0,0,0,0,0,0,14,0,0,0,0,"0.00%",39.6,0,0.042,0,0,"FCS",0,0,0.0416666666666667
"Jamar Taylor","FL A&M",24,7.66,"F",13,"WR",2026,"SWAC",50,2,17,8,4,2,4,2,0,0,1,0,0,3,2,0,6,3,1,0,0.24,2.8,0,0,0.667,0.333,"50.00%",56.3,0,0.235,0,0.5,"FCS",0.5,1,0.235294117647059
"Ty Curran","HOLY CROSS",42,7.39,"F",3,"WR",2026,"Patriot",49.2,2,27,1,6,2,1,0.5,0,0,1,0,0,3,0,0,8,4,3,0,0.04,8,0,0,0.667,0.333,"0.00%",42.4,0.222,0.222,0.333,0.333,"FCS",0.333333333333333,0.166666666666667,0.222222222222222
"KJ Reed","FORDHAM",30,7.3,"F",4,"WR",2026,"Patriot",52.8,2,18,0,3,0,0,0,0,0,0,0,0,0,1,0,0,0,0,0,0,7,0,0,0,0,"33.30%",39.6,0.167,0.167,0,0,"FCS",0,0,0.166666666666667
"An'Tiyan Neal","STHLSK",29,7.28,"F",2,"WR",2026,"Northeast",52.3,0,18,6,1,0,0,0,0,0,0,0,0,0,0,0,0,0,0,0,0,11,0,0,0,0,"0.00%",39.6,0,0.056,0,0,"FCS",0,0,0.0555555555555556
"Zay Morris","UTAHTC",22,6.77,"F",89,"WR",2026,"Big Sky",48.7,1,17,2,3,1,7,7,0,0,1,0,0,2,0,0,2,2,2,0,0.41,3.7,0,0,0.5,0.5,"0.00%",42.4,0.118,0.176,0,0.333,"FCS",0.333333333333333,2.33333333333333,0.176470588235294
"Chief Montalvo","COLGATE",22,6.62,"F",1,"WR",2026,"Patriot",52.4,0,20,16,1,0,0,0,0,0,0,0,0,0,0,0,0,0,0,0,0,8,0,0,0,0,"0.00%",39.6,0,0.05,0,0,"FCS",0,0,0.05
"Brayden Smith","MERCER",56,6.54,"F",9,"WR",2026,"Southern",49.1,5,39,2,10,3,21,7,0,2,3,0,0,6,0,0,5,1.7,0,0,0.54,10.2,0,0,0.5,0.5,"0.00%",0,0.205,0.256,0.1,0.3,"FCS",0.3,2.1,0.256410256410256
"Logan Perez","NEW HAMP",45,6,"F",17,"WR",2026,"CAA",47.1,2,25,4,3,0,0,0,0,0,1,0,0,1,0,0,0,0,0,0,0,22.7,0,0,0,1,"0.00%",39.6,0,0.12,0.667,0,"FCS",0,0,0.12
"Damien Henderson Jr.","SOUTHERN U",36,5.19,"F",16,"WR",2026,"SWAC",52.5,1,23,4,4,1,1,1,0,0,0,0,0,1,2,0,5,5,1,0,0.04,2.5,0,0,1,0,"50.00%",0,0.043,0.174,0,0.25,"FCS",0.25,0.25,0.173913043478261
"Ben Evee","SACR HEART",43,5.08,"F",0,"WR",2026,"CAA",51.9,0,21,6,1,0,0,0,0,0,0,0,0,0,0,0,0,0,0,0,0,2,0,0,0,0,"0.00%",39.6,0.048,0.048,0,0,"FCS",0,0,0.0476190476190476
"Tay Norman","N IOWA",39,4.38,"F",4,"WR",2026,"Missouri Valley",47.2,1,24,8,2,0,0,0,0,0,1,0,0,1,0,0,0,0,0,0,0,17,0,0,0,1,"0.00%",39.6,0.042,0.083,0.5,0,"FCS",0,0,0.0833333333333333
"Malachi Townsend","STETSON",35,4.32,"F",1,"WR",2026,"Pioneer",51.7,2,29,5,3,0,0,0,0,0,0,0,0,0,1,0,0,0,0,0,0,9.7,0,0,0,0,"33.30%",0,0.035,0.103,0,0,"FCS",0,0,0.103448275862069
"Marty O'Keeffe","VALPO",27,3.73,"F",13,"WR",2026,"Pioneer",53.1,2,17,5,2,0,0,0,0,0,0,0,0,0,1,0,0,0,0,0,0,6.5,0,0,0,0,"50.00%",0,0,0.118,0,0,"FCS",0,0,0.117647058823529
"Erik Bussmann","CHATTNOOGA",58,3.32,"F",28,"WR",2026,"Southern",50.7,0,29,4,3,0,0,0,0,0,0,0,0,0,0,0,0,0,0,0,0,7.3,0,0,0,0,"0.00%",0,0.103,0.103,0,0,"FCS",0,0,0.103448275862069
"Anthony Carter","TENN MARTN",32,2.9,"F",11,"WR",2026,"Big South - OVC Football Association",53.2,0,17,6,2,0,0,0,0,0,0,0,0,0,0,0,0,0,0,0,0,3.5,0,0,0,0,"0.00%",0,0,0.118,0,0,"FCS",0,0,0.117647058823529
"Corey Holmes","TXRG",47,2.17,"F",80,"WR",2026,"Southland",44.4,4,31,20,6,1,4,4,0,0,2,0,0,3,1,0,-1,-1,-1,0,0.13,8.5,0,0,0.333,0.667,"16.70%",39.6,0,0.194,0.167,0.167,"FCS",0.166666666666667,0.666666666666667,0.193548387096774
"Myles Walker","DUQUESNE",33,1.69,"F",2,"WR",2026,"Northeast",53.6,0,18,3,0,0,0,0,0,0,0,0,0,0,0,0,0,0,0,0,0,0,0,0,0,0,"0.00%",0,0,0,0,0,"FCS",0,0,0
"Aidan Garcia","DRAKE",20,1.68,"F",16,"WR",2026,"Pioneer",53.6,0,16,5,0,0,0,0,0,0,0,0,0,0,0,0,0,0,0,0,0,0,0,0,0,0,"0.00%",0,0,0,0,0,"FCS",0,0,0
"Conor Lawlor","WAGNER",22,1.57,"F",5,"WR",2026,"Northeast",53.3,1,15,1,0,0,0,0,0,0,0,0,0,0,0,0,0,0,0,0,0,0,0,0,0,0,"0.00%",0,0,0,0,0,"FCS",0,0,0
"Ace Cobb","FL A&M",23,1.54,"F",5,"WR",2026,"SWAC",53.2,0,15,10,0,0,0,0,0,0,0,0,0,0,0,0,0,0,0,0,0,0,0,0,0,0,"0.00%",0,0,0,0,0,"FCS",0,0,0
"Randall King","ALABAMA ST",23,1.5,"F",10,"WR",2026,"SWAC",53.1,0,15,1,0,0,0,0,0,0,0,0,0,0,0,0,0,0,0,0,0,0,0,0,0,0,"0.00%",0,0,0,0,0,"FCS",0,0,0
"Damien McDaniel","PRVIEW A&M",31,1.44,"F",19,"WR",2026,"SWAC",42.2,3,21,3,5,3,-4,-1.3,0,0,1,1,1,5,2,1,-3,-1,-3,0.5,-0.19,0.2,0,0,0.6,0.2,"40.00%",64.6,0.238,0.238,0,0.6,"FCS",0.6,-0.8,0.238095238095238
"Jaden Perez","N ALABAMA",19,1.44,"F",8,"WR",2026,"United Athletic",52.9,1,15,0,0,0,0,0,0,0,0,0,0,0,0,0,0,0,0,0,0,0,0,0,0,0,"0.00%",0,0,0,0,0,"FCS",0,0,0
"Nick Gentilella","SACR HEART",26,1.44,"F",9,"WR",2026,"CAA",52.9,0,15,6,0,0,0,0,0,0,0,0,0,0,0,0,0,0,0,0,0,0,0,0,0,0,"0.00%",0,0,0,0,0,"FCS",0,0,0
"Justin Rice","RICHMOND",24,1.33,"F",14,"WR",2026,"Patriot",52.5,0,18,5,0,0,0,0,0,0,0,0,0,0,0,0,0,0,0,0,0,0,0,0,0,0,"0.00%",0,0,0,0,0,"FCS",0,0,0
"Kyle Vaka","MURRAY ST",44,1.22,"F",0,"WR",2026,"Missouri Valley",52.1,2,21,2,0,0,0,0,0,0,0,0,0,0,0,0,0,0,0,0,0,0,0,0,0,0,"0.00%",0,0,0,0,0,"FCS",0,0,0
"Sam Harkness","MOREHEAD",29,1.11,"F",9,"WR",2026,"Pioneer",51.7,0,23,0,0,0,0,0,0,0,0,0,0,0,0,0,0,0,0,0,0,0,0,0,0,0,"0.00%",0,0,0,0,0,"FCS",0,0,0
"Keshawn Mister","MONMOUTH",30,0,"F",10,"WR",2026,"CAA",46.5,1,18,7,1,0,0,0,0,0,1,0,0,1,0,0,0,0,0,0,0,2,0,0,0,1,"0.00%",39.6,0,0.056,0,0,"FCS",0,0,0.0555555555555556
