"Name","Team","Defensive.Snaps","Composite_Score","Player_Grade","Defensive.Grades","Coverage.Grade","Run.Defense.Grade","Pass.Rush.Grade","Total.Tackles","Assistant","Stops","Passer.Rating.Allowed","Pass.Break.Up","Drops...Off.Targets.Receptions.Forced","Receiving.Yards.Allowed.per.Snap","Yards.per.Reception.Allowed","Average.Depth.of.Target.per.Coverage","Interceptions","Pass.Stop","Average.Depth.of.Tackle","Assist.Tackles.on.Run.Plays","Plays.of.15..Yards.Allowed","Pass.Tackle.for.Loss.or.No.Gain","Missed.Tackles.on.Pass.Plays","Touchdowns.Allowed","Missed.Tackles.on.Run.Plays","Assist.on.Pass.Plays","Pass.Rush.Productivity","Run.Tackle.for.Losss.or.No.Gain","Dropped.Int","Unblocked.Pass.Rush","Forced.Fumble","Beaten.Defender","Sacks","Fumble.Recovery","Pursuit.Pressure","Hits","Missed.Tackle.Percentage","Run.Stop","Tackle.for.Loss.or.No.Gain","Hurries","Total.Pressures.Generated","Assist.Tackles","Negative.Plays","Total.Negative.Plays","Total.Positive.Plays","Receptions.Allowed","Completion.Percentage.Allowed","Pass.Yards.Allowed","First.Downs.Allowed","Forced.Incompletions","Sacks.per.Throwaway","Open.Targets","X15..Yards.Allowed.Percentage","Percentage.of.Open.Targets","Percentage.of.First.Down.or.Touchdown.Allowed","Interceptions.per.Target.Coverage.Percentage","Receiving.Yards.per.Coverage.Target","Forced.Incompletion.Percentage","Missed.Tackle.Percentage.on.Run.Plays","Pass.Missed.Tackles.Percentage","Total.Tackle.Snaps","NFL.Sacks","First.Contact","Batted.Passes","Interception"
"DIJON JOHNSON","FLORIDA",50,100,"A",78.1,78.3,63,NA,4,3,0,0,1,0,0,0,24.5,1,0,0,0,0,0,0,0,0,3,NA,0,0,0,0,0,0,0,0,0,0,0,0,0,0,3,0,0,2,0,0,0,0,1,0,0,0,0,0,0.5,0,0.5,0,0,4,0,3,0,1
"EVAN JOHNSON","BYU",17,96.78,"A",93.2,93.1,60,NA,1,0,1,2.8,1,0,0.36,4,20.7,1,1,0,0,0,0,0,0,0,0,NA,0,0,0,0,0,0,0,0,0,0,0,0,0,0,0,0,0,3,1,0.333,4,0,1,0,0,0,0,0,0.333,1.3,0.333,0,0,1,0,1,0,1
"DON SAUNDERS","PURDUE",33,96.59,"A",86.6,87.3,65.2,NA,3,0,2,2.8,1,0,-0.09,-2,4,1,1,-1,0,0,0,0,0,1,0,NA,1,0,0,0,0,0,0,0,0,0.25,1,1,0,0,0,2,1,3,1,0.333,-2,0,1,0,1,0,0.333,0,0.333,-0.7,0.333,0.5,0,4,0,4,0,1
"DESHAUN LEE","IOWA",28,93.38,"A",83,80.8,69.2,NA,1,0,1,2.8,1,0,0.17,3,13,1,0,0,0,0,0,0,0,0,0,NA,1,0,0,0,0,0,0,0,0,0,1,1,0,0,0,0,0,2,1,0.333,3,0,1,0,0,0,0,0,0.333,1,0.333,0,0,1,0,0,0,1
"JYAIRE HILL","MICHIGAN",65,92.82,"A",66.2,68.9,51.2,64,7,2,2,30.6,0,0,-0.13,-1.5,7.3,1,1,5,1,0,1,0,0,1,1,NA,0,0,1,0,0,0,0,1,1,0.125,1,1,1,2,2,4,1,2,2,0.667,-3,0,0,0,2,0,0.667,0,0.333,-1,0,0.2,0,8,0,6,0,1
"DONOVAN JONES","NEBRASKA",64,89.35,"A",74.4,74,63.8,68.7,4,0,2,39.6,2,1,-0.07,-1.5,11.6,0,1,5,0,0,1,0,0,1,0,NA,0,0,0,0,0,0,0,1,1,0.2,1,1,0,1,0,3,2,3,2,0.286,-3,0,2,0,3,0,0.429,0,0,-0.4,0.286,0.333,0,5,0,4,0,0
"THOMAS WILLIAMS","VA TECH",27,89.27,"A",90.8,91.4,68.6,NA,NA,0,0,0,0,0,0,0,15,1,NA,0,NA,0,NA,NA,0,NA,NA,NA,NA,0,0,0,0,0,0,0,0,NA,NA,0,0,0,NA,0,0,1,0,0,0,0,0,0,0,0,0,0,1,0,0,NA,NA,NA,0,1,0,1
"ANDREW MARSHALL","NEBRASKA",64,85.33,"A",74.5,74.2,66.1,NA,2,0,1,39.6,1,5,0,0,29,0,0,3,0,0,0,0,0,0,0,NA,0,0,0,0,0,0,0,0,0,0,1,0,0,0,0,0,0,1,0,0,0,0,1,0,0,0,0,0,0,0,0.167,0,0,2,0,3,0,0
"KADE PHILLIPS","TEXAS",58,84.8,"A",69.8,69.4,64.2,NA,4,0,3,39.6,2,1,0.23,7,17.2,0,3,0,0,0,1,1,0,0,0,NA,0,0,0,0,0,0,0,0,0,0.2,0,1,0,0,0,2,2,2,1,0.2,7,0,2,0,1,0,0.2,0,0,1.4,0.4,0,0.25,5,0,3,0,0
"BRADEN TURNER","NWESTERN",86,82.34,"A",63.5,62.6,74.8,55.1,7,1,3,61,1,4,0.74,13,7.6,0,1,3.75,1,1,0,1,0,0,0,NA,2,0,2,0,0,0,0,0,0,0.125,2,2,2,2,1,7,4,0,3,0.429,39,2,0,0,4,0.019,0.571,0.286,0,5.6,0,0,0.333,8,0,5,0,0
"IFY OBIDEGWU","OREGON",46,82.21,"A",75.3,73.2,72.3,NA,2,1,1,39.6,1,0,0,0,19,0,0,2,1,0,0,0,0,0,0,NA,0,0,0,0,0,0,0,0,0,0,1,0,0,0,1,0,0,1,0,0,0,0,1,0,0,0,0,0,0,0,1,0,0,2,0,1,0,0
"KENNY WORTHY","CINCINNATI",65,80.54,"A",70.7,71.2,63.2,59.1,1,0,0,0,1,1,0,0,10.3,1,0,0,0,0,0,0,0,0,0,NA,0,0,0,0,0,0,0,0,0,0,0,0,0,0,0,1,1,2,1,0.25,0,0,1,0,1,0,0.25,0,0.25,0,0.25,0,0,1,0,1,0,1
"ZABIEN BROWN","ALABAMA",31,80.15,"A",70.9,67.5,73.2,NA,3,2,1,39.6,0,1,0,0,11,0,1,0,2,0,1,0,0,0,0,NA,0,0,0,0,0,0,0,0,0,0,0,1,0,0,2,0,0,0,0,0,0,0,0,0,0,0,0,0,0,0,0,0,0,3,0,0,0,0
"MICHEAL GRAHAM JR.","KANSAS ST",15,80.13,"A",75.3,60,80.4,NA,3,0,2,0,0,0,0,0,0,0,0,2,0,0,0,0,0,0,0,NA,2,0,0,0,0,0,0,0,0,0,2,2,0,0,0,0,0,0,0,0,0,0,0,0,0,0,0,0,0,0,0,0,0,3,0,3,0,0
"BYRON BALDWIN JR.","INDIANA",34,79.8,"B",69.4,68.9,68.1,54.6,7,2,3,85.4,0,0,0.64,4.5,-2,0,2,11.5,2,0,1,0,0,0,0,NA,0,0,1,0,0,0,0,0,0,0,1,1,1,1,2,0,0,0,2,1,9,0,0,0,2,0,1,0,0,4.5,0,0,0,7,0,5,0,0
"ELLIOT WASHINGTON II","CLEMSON",79,79.43,"B",71.1,73.8,52.6,NA,5,1,2,59.9,2,2,0.74,7.8,12.4,0,2,0,1,0,0,0,0,0,0,NA,0,0,0,0,0,0,0,0,0,0,0,0,0,0,1,3,2,3,4,0.5,31,1,2,0,2,0,0.25,0.125,0,3.9,0.25,0,0,5,0,4,0,0
"DYLAN FLOWERS","DUKE",53,79.1,"B",75.1,73.6,70.4,NA,2,0,1,39.6,1,1,0,0,20,0,0,3,0,0,0,0,0,0,0,NA,0,0,0,0,0,0,0,0,0,0,1,0,0,0,0,0,0,1,0,0,0,0,1,0,0,0,0,0,0,0,0.5,0,0,2,0,2,0,0
"NEHEMIAH CHANDLER","FLORIDA ST",26,78.48,"B",74,73.9,61.2,NA,NA,0,0,0,0,1,0,0,9,1,NA,0,NA,0,NA,NA,0,NA,NA,NA,NA,0,0,0,0,0,0,0,0,NA,NA,0,0,0,NA,0,0,1,0,0,0,0,0,0,0,0,0,0,1,0,0,NA,NA,NA,0,0,0,1
"JOHN NESTOR","MINNESOTA",25,78.44,"B",73.7,71.1,69.6,NA,2,0,2,0,0,0,0,0,0,0,1,-2,0,0,0,0,0,0,0,NA,1,0,0,0,0,0,0,0,0,0,1,1,0,0,0,0,0,1,0,0,0,0,0,0,0,0,0,0,0,0,0,0,0,2,0,2,0,0
"NICK TAYLOR","W VIRGINIA",53,77.78,"B",71.8,70.3,69.6,NA,3,1,0,39.6,1,2,0,0,18.3,0,0,0,1,0,0,0,0,0,0,NA,0,0,0,0,0,0,0,0,0,0,0,0,0,0,1,2,2,3,0,0,0,0,1,0,0,0,0,0,0,0,0.333,0,0,3,0,2,0,0
"JONTEZ WILLIAMS","USC",24,77.58,"B",77.7,75.1,70,NA,2,1,0,39.6,1,0,0,0,6,0,0,0,1,0,0,0,0,0,0,NA,0,0,0,0,0,0,0,0,0,0,0,0,0,0,1,0,0,1,0,0,0,0,1,0,0,0,0,0,0,0,1,0,0,2,0,1,0,0
"JACOB WALLACE","IOWA",28,76.84,"B",70,64.7,76.3,NA,2,1,1,39.6,1,2,0,0,6.7,0,0,2,0,0,0,0,0,0,1,NA,0,0,0,0,0,0,0,0,0,0,1,0,0,0,1,1,1,1,0,0,0,0,1,0,0,0,0,0,0,0,0.333,0,0,2,0,1,0,0
"JUICE CLARKE","ILLINOIS",70,76.41,"B",73.8,73,69.2,NA,2,1,0,39.6,1,0,0,0,14,0,0,0,1,0,0,0,0,0,0,NA,0,0,0,0,0,0,0,0,0,0,0,0,0,0,1,1,0,1,0,0,0,0,1,0,0,0,0,0,0,0,1,0,0,2,0,1,0,0
"JORDAN THOMAS","OHIO STATE",15,76.16,"B",72.8,72.5,61.9,NA,2,0,1,0,0,0,0,0,0,0,1,0,0,0,1,0,0,0,0,NA,0,0,0,0,0,0,0,0,0,0,0,1,0,0,0,0,0,1,0,0,0,0,0,0,0,0,0,0,0,0,0,0,0,2,0,2,0,0
"JETT JEFFERSON","MISS STATE",16,75.92,"B",73.7,71.6,65.4,NA,2,0,2,39.6,0,0,0,0,24,0,1,4,0,0,0,0,0,0,0,NA,0,0,0,0,0,0,0,0,0,0,1,0,0,0,0,0,0,1,0,0,0,0,1,0,0,0,0,0,0,0,1,0,0,2,0,1,0,0
"RODRICK PLEASANT","UCLA",73,75.54,"B",60.6,60.2,60.8,NA,6,2,2,49.3,2,3,0.8,6.6,10.3,0,1,-4,1,0,0,0,0,1,1,NA,1,0,0,0,0,0,0,0,0,0.143,1,1,0,0,2,8,6,4,5,0.417,33,2,2,0,5,0,0.417,0.167,0,2.8,0.167,0.333,0,7,0,6,0,0
"SMITH SNOWDEN","MICHIGAN",58,75.27,"B",72.5,76,67.2,NA,5,2,3,77.1,0,1,0.42,3.7,2.5,0,3,0,1,0,0,0,0,0,1,NA,0,0,0,0,0,0,0,0,0,0,0,0,0,0,2,1,0,2,3,0.75,11,0,0,0,2,0,0.5,0,0,2.8,0,0,0,5,0,3,0,0
"THERRIAN ALEXANDER III","BYU",17,75.08,"B",68.1,67.7,60.3,NA,NA,0,0,0,0,2,0,0,12.5,1,NA,0,NA,0,NA,NA,0,NA,NA,NA,NA,0,0,0,0,0,0,0,0,NA,NA,0,0,0,NA,1,1,1,0,0,0,0,0,0,0,0,0,0,0.5,0,0,NA,NA,NA,0,0,0,1
"JALEN MAYO","HOUSTON",73,75.05,"B",72.5,69.7,70.5,71.8,6,1,1,42.4,1,1,0.06,3,5.7,0,0,1,0,0,0,1,0,0,1,NA,0,0,0,0,1,0,0,0,0,0.143,1,0,0,0,1,2,2,1,1,0.333,3,0,1,0,1,0,0.333,0,0,1,0.333,0,0.2,6,0,2,0,0
"JOSIAH ZAYAS","PENN STATE",34,74.83,"B",65.2,61.5,72.4,59.2,3,0,2,64.6,1,1,0.47,3,7.4,0,1,-5,0,0,1,0,0,0,0,NA,1,0,1,0,0,0,0,0,0,0,1,2,1,1,0,2,2,2,3,0.6,9,1,1,0,2,0,0.4,0.2,0,1.8,0.2,0,0,3,0,3,0,0
"CHRIS PEAL","SYRACUSE",40,74.66,"B",75.4,78.7,67.3,NA,4,0,4,79.2,0,1,0.54,4.7,8.5,0,3,4,0,0,0,0,0,0,0,NA,0,0,0,0,0,0,0,0,0,0,1,0,0,0,0,1,1,3,3,0.75,14,0,0,0,1,0,0.25,0,0,3.5,0,0,0,4,0,4,0,0
"JOJO SCOTT","KANSAS ST",25,74.59,"B",76.6,75.1,70.3,NA,1,0,1,39.6,0,2,0,0,18.5,0,0,2,0,0,0,0,0,0,0,NA,0,0,0,0,0,0,0,0,0,0,1,0,0,0,0,0,0,2,0,0,0,0,0,0,0,0,0,0,0,0,0,0,0,1,0,1,0,0
"JAMROC GRIMSLEY","MISS STATE",21,74.36,"B",74.2,81.1,45.3,NA,2,0,1,39.6,1,0,0,0,2,0,1,0,0,0,1,0,0,1,0,NA,0,0,0,0,0,0,0,0,0,0.333,0,1,0,0,0,1,0,2,0,0,0,0,1,0,0,0,0,0,0,0,1,1,0,3,0,2,0,0
"TRE POTEAT III","TENNESSEE",21,74.25,"B",64.1,76.5,33,NA,2,1,1,39.6,1,0,0,0,4,0,1,0,1,0,1,0,0,1,0,NA,0,0,0,0,0,0,0,0,0,0.333,0,1,0,0,1,2,0,2,0,0,0,0,1,0,0,0,0,0,0,0,1,0.5,0,3,0,1,0,0
"JACOBE JOHNSON","OKLAHOMA",15,74.17,"B",76,75.2,61.4,NA,NA,0,0,39.6,1,0,0,0,38,0,NA,0,NA,0,NA,NA,0,NA,NA,NA,NA,0,0,0,0,0,0,0,0,NA,NA,0,0,0,NA,0,0,1,0,0,0,0,1,0,0,0,0,0,0,0,1,NA,NA,NA,0,0,0,0
"SOMAD EADDY","WAKE",22,73.93,"B",73.7,72.3,67.1,NA,3,2,0,39.6,0,1,0,0,5,0,0,0,2,0,0,0,0,0,0,NA,0,0,0,0,0,0,0,0,0,0,0,0,0,0,2,0,0,1,0,0,0,0,0,0,0,0,0,0,0,0,0,0,0,3,0,0,0,0
"JERMAINE MATHEWS JR.","OHIO STATE",36,73.07,"B",83,83.1,62.2,NA,4,1,2,70.1,1,0,0.69,4.5,4.3,0,2,0,0,0,0,1,0,0,1,NA,0,0,0,0,0,0,0,0,0,0.2,0,0,0,0,1,1,1,5,4,0.667,18,1,1,0,4,0,0.667,0.167,0,3,0.167,0,0.2,5,0,4,0,0
"JULIO HUMPHREY","TEXAS A&M",19,72.17,"B",75.2,74.4,64.5,NA,1,0,0,39.6,1,0,0,0,6,0,0,7,0,0,0,0,0,0,0,NA,0,0,0,0,0,0,0,0,0,0,0,0,0,0,0,0,0,1,0,0,0,0,1,0,0,0,0,0,0,0,1,0,0,1,0,0,0,0
"DAVID COFFEY","IOWA STATE",35,71.37,"B",69.7,72.9,57.7,59.4,2,0,1,39.6,1,0,0,0,20,0,0,3,0,0,0,0,0,1,0,NA,0,0,0,0,0,0,0,0,0,0.333,1,0,0,0,0,1,0,1,0,0,0,0,1,0,0,0,0,0,0,0,1,0.333,0,3,0,1,0,0
"VICTOR EVANS III","NEBRASKA",33,70.92,"B",74.9,74.7,60.5,NA,NA,0,0,42.4,2,0,0.35,9,14.7,0,NA,0,NA,0,NA,NA,0,NA,NA,NA,NA,0,0,0,0,0,0,0,0,NA,NA,0,0,0,NA,1,1,2,1,0.333,9,0,2,0,1,0,0.333,0,0,3,0.667,NA,NA,NA,0,0,0,0
"KELLEY JONES","MISS STATE",16,70.52,"B",76.2,75.1,60.9,NA,NA,0,0,39.6,1,0,0,0,5,0,NA,0,NA,0,NA,NA,0,NA,NA,NA,NA,0,0,0,0,0,0,0,0,NA,NA,0,0,0,NA,0,0,1,0,0,0,0,1,0,0,0,0,0,0,0,1,NA,NA,NA,0,0,0,0
"KYON LOUD","DUKE",56,70.48,"B",75.5,74.3,69.9,NA,3,2,0,50.4,1,1,0.5,9,10,0,0,0,1,0,0,1,0,0,1,NA,0,0,0,0,0,0,0,0,0,0.25,0,0,0,0,2,2,2,4,2,0.4,18,1,2,0,3,0,0.6,0.2,0,3.6,0.4,0,0.333,4,0,1,0,0
"KANYE CLARK","FLORIDA",69,70.45,"B",68.2,65.5,70.4,65.6,9,3,1,100.3,1,1,1.71,13,12.9,0,1,11,1,2,0,0,0,0,2,NA,0,0,1,0,0,0,0,0,1,0,0,0,1,2,3,3,3,4,5,0.714,65,3,1,0,4,0.053,0.571,0.429,0,9.3,0.143,0,0,9,0,3,0,0
"SIONE LAULEA","MISSOURI",29,69.15,"B",77.9,78,61.5,NA,2,0,0,42.4,0,4,0.95,9,17.3,0,0,0,0,0,0,0,0,0,0,NA,0,0,0,0,0,0,0,0,0,0,0,0,0,0,0,1,1,4,2,0.333,18,0,0,0,2,0,0.333,0,0,3,0,0,0,2,0,2,0,0
"JAQUEZ WHITE","VA TECH",15,69.09,"B",67.2,62,69.5,NA,1,0,1,0,0,0,0,0,0,0,0,-1,0,0,0,0,0,0,0,NA,1,0,0,0,0,0,0,0,0,0,1,1,0,0,0,0,0,0,0,0,0,0,0,0,0,0,0,0,0,0,0,0,0,1,0,1,0,0
"WILL JAMES","HOUSTON",75,68.66,"B",67.4,65.8,72.4,58.1,5,0,3,75,1,1,0.45,6.3,9.7,0,2,1,0,0,0,0,0,0,0,NA,0,1,0,0,0,0,0,0,0,0,1,0,0,0,0,5,5,3,4,0.667,25,1,1,0,2,0,0.333,0.167,0,4.2,0.167,0,0,5,0,5,0,0
"RAYSHAWN PLEASANT","AUBURN",95,68.2,"B",65.1,62.8,72,NA,6,2,0,46.9,2,2,0.86,12.3,13,0,0,7,2,2,0,1,0,0,0,NA,0,0,0,0,0,0,0,0,0,0.143,0,0,0,0,2,6,6,4,4,0.333,49,3,4,0,6,0.035,0.5,0.25,0,4.1,0.333,0,0.333,7,0,3,0,0
"JAYDEN BELLAMY","UCF",25,67.93,"B",67.2,65.9,64.5,NA,1,0,1,0,0,0,0,0,0,0,0,4,0,0,0,0,0,0,0,NA,0,0,0,0,0,0,0,0,0,0,1,0,0,0,0,0,0,0,0,0,0,0,0,0,0,0,0,0,0,0,0,0,0,1,0,1,0,0
"TYRAN CHAPPELL","MICH STATE",30,67.76,"B",58.7,57,64.7,NA,2,1,1,43.8,2,0,0.56,10,13.3,0,1,0,1,0,0,0,0,0,0,NA,0,0,0,0,0,0,0,0,0,0,0,0,0,0,1,2,2,1,1,0.333,10,0,2,0,1,0,0.333,0,0,3.3,0.667,0,0,2,0,1,0,0
"SHAMARI EARLS","MICHIGAN",16,67.02,"B",68.4,63.6,69.4,NA,1,1,0,0,0,0,0,0,0,0,0,0,1,0,0,0,0,0,0,NA,0,0,0,0,0,0,0,0,0,0,0,0,0,0,1,0,0,0,0,0,0,0,0,0,0,0,0,0,0,0,0,0,0,1,0,0,0,0
"RICKEY GIBSON III","TEXAS A&M",18,66.92,"B",68.6,62.9,70.7,NA,1,1,0,0,0,0,0,0,0,0,0,0,1,0,0,0,0,0,0,NA,0,0,0,0,0,0,0,0,0,0,0,0,0,0,1,0,0,0,0,0,0,0,0,0,0,0,0,0,0,0,0,0,0,1,0,0,0,0
"JAMARI SHARPE","INDIANA",16,66.87,"B",66.6,65,63.8,NA,1,1,0,0,0,0,0,0,0,0,0,0,1,0,0,0,0,0,0,NA,0,0,0,0,0,0,0,0,0,0,0,0,0,0,1,0,0,0,0,0,0,0,0,0,0,0,0,0,0,0,0,0,0,1,0,1,0,0
"NAIIM PARRISH","MINNESOTA",16,66.75,"B",65.7,65.3,60.4,NA,2,0,1,39.6,0,0,0,0,10,0,1,0,0,0,1,0,0,0,0,NA,0,0,0,0,0,0,0,0,0,0,0,1,0,0,0,1,1,1,0,0,0,0,0,0,0,0,0,0,0,0,0,0,0,2,0,2,0,0
"DEVON JORDAN","BAYLOR",67,66.24,"B",72.1,71.6,66.9,NA,3,0,1,65.3,0,1,0.89,17,4.7,1,1,25,0,1,0,0,0,0,0,NA,0,0,0,0,0,0,0,0,0,0,0,0,0,0,0,1,1,2,2,0.667,34,1,0,0,1,0.026,0.333,0.333,0.333,11.3,0,0,0,3,0,2,0,1
"ETHAN O'CONNOR","MIAMI FL",26,65.89,"B",71.3,71,61.6,NA,NA,0,0,39.6,0,1,0,0,38,0,NA,0,NA,0,NA,NA,0,NA,NA,NA,NA,0,0,0,0,0,0,0,0,NA,NA,0,0,0,NA,0,0,1,0,0,0,0,0,0,0,0,0,0,0,0,0,NA,NA,NA,0,0,0,0
"MARCELLUS BARNES JR.","SMU",62,65.83,"B",69.1,67.9,67.6,NA,1,0,0,0,0,0,0,0,0,0,0,8,0,0,0,0,0,0,0,NA,0,0,0,0,0,0,0,0,0,0,0,0,0,0,0,0,0,0,0,0,0,0,0,0,0,0,0,0,0,0,0,0,0,1,0,0,0,0
"NA'EEM OFFORD","OREGON",27,65.51,"B",60.2,57.5,66.5,NA,NA,0,0,8.3,1,0,0.81,13,20.7,1,NA,0,NA,0,NA,NA,0,NA,NA,NA,NA,0,0,0,0,0,0,0,0,NA,NA,0,0,0,NA,2,2,1,1,0.333,13,1,1,0,1,0,0.333,0.333,0.333,4.3,0.333,NA,NA,NA,0,1,0,1
"JALYN CRAWFORD","OLE MISS",65,65.48,"B",67.8,66.8,67.1,NA,4,0,0,39.6,0,3,0.21,7,16.3,0,0,6,0,0,0,0,0,0,0,NA,0,0,0,0,0,0,0,0,0,0,0,0,0,0,0,1,1,1,1,0.25,7,0,0,0,0,0,0,0,0,1.8,0,0,0,4,0,1,0,0
"SHELTON LEWIS","ARKANSAS",36,65.47,"B",69.1,69,61.7,NA,2,0,0,0,0,0,0,0,0,0,0,0,0,0,0,0,0,0,0,NA,0,0,0,0,0,0,0,0,0,0,0,0,0,0,0,0,0,0,0,0,0,0,0,0,0,0,0,0,0,0,0,0,0,2,0,1,0,0
"DEZZ RICKS","TEXAS A&M",19,65.28,"B",69.1,68.6,60,NA,NA,0,0,39.6,0,3,0,0,21.7,0,NA,0,NA,0,NA,NA,0,NA,NA,NA,NA,0,0,0,0,0,0,0,0,NA,NA,0,0,0,NA,1,1,2,0,0,0,0,0,0,0,0,0,0,0,0,0,NA,NA,NA,0,0,0,0
"AMARI JACKSON","MARYLAND",22,64.6,"B",67.5,66.2,63.5,NA,2,0,0,0,0,0,0,0,0,0,0,5,0,0,0,0,0,0,0,NA,0,0,0,0,0,0,0,0,0,0,0,0,0,0,0,0,0,0,0,0,0,0,0,0,0,0,0,0,0,0,0,0,0,2,0,0,0,0
"BRAYLON CONLEY","GEORGIA",25,64.09,"B",73.4,71.1,67.5,NA,1,0,1,42.4,0,0,0.33,5,7.7,0,1,0,0,0,0,0,0,0,0,NA,0,0,0,0,0,0,0,0,0,0,0,0,0,0,0,0,0,1,1,0.333,5,0,1,0,1,0,0.333,0,0,1.7,0.333,0,0,1,0,1,0,0
"DEVIN SANCHEZ","OHIO STATE",37,63.87,"B",74.5,79.6,45.9,NA,2,0,1,42.4,1,0,0.59,8,6.8,0,1,0,0,0,0,0,0,1,0,NA,0,0,0,0,0,0,0,0,0,0.333,0,0,0,0,0,2,1,4,2,0.333,16,1,2,0,1,0,0.167,0.167,0,2.7,0.333,1,0,3,0,3,0,0
"JAY TIMMONS","OHIO STATE",33,63.77,"B",72,69.8,69.4,60,1,0,0,47.9,2,0,0.52,5.5,4.8,0,0,8,0,0,0,1,0,0,0,NA,0,0,0,0,0,0,0,0,0,0.5,0,0,0,0,0,2,2,3,2,0.4,11,1,3,0,2,0,0.4,0.2,0,2.2,0.6,0,0.5,2,0,2,0,0
"KAYLIB SINGLETON","MISS STATE",42,63.09,"B",68.8,68.6,62.6,NA,1,0,0,39.6,0,2,0,0,8.5,0,0,0,0,0,0,0,0,0,0,NA,0,0,0,0,0,0,0,0,0,0,0,0,0,0,0,0,0,0,0,0,0,0,0,0,0,0,0,0,0,0,0,0,0,1,0,0,0,0
"CHASEN JOHNSON","USC",16,62.97,"B",75.2,75.2,60.6,NA,0,0,0,42.4,1,1,0.78,7,19.3,0,0,0,0,0,0,0,0,0,0,NA,0,0,0,0,0,0,0,0,0,1,0,0,0,0,0,0,0,1,1,0.333,7,0,1,0,1,0,0.333,0,0,2.3,0.333,0,0,1,0,0,0,0
"BENI NGOYI","IOWA STATE",32,62.9,"B",84.6,82.9,72.1,NA,3,2,0,70.1,0,0,2.8,28,19,1,0,0,2,2,0,1,0,0,0,NA,0,0,0,0,0,0,0,0,0,0.25,0,0,0,0,2,2,2,1,2,0.667,56,2,0,0,1,0.1,0.333,0.667,0.333,18.7,0,0,0.5,4,0,2,0,1
"ASHTON STAMPS","ARIZONA ST",26,62.87,"B",66.2,65.7,61.1,NA,2,1,1,42.4,0,1,0.57,8,9.3,0,1,0,0,0,0,0,0,0,1,NA,0,0,0,0,0,0,0,0,0,0,0,0,0,0,1,1,1,1,1,0.333,8,0,1,0,2,0,0.667,0,0,2.7,0.333,0,0,2,0,1,0,0
"JOSH FUSSELL","NWESTERN",74,62.85,"B",66.3,65,68.4,60,5,0,1,72.9,1,3,1.78,17.4,14.5,0,1,6,1,4,1,0,0,0,0,NA,0,0,0,0,0,0,0,0,0,0,0,1,0,0,1,5,5,4,5,0.455,87,3,3,0,3,0.082,0.273,0.273,0,7.9,0.273,0,0,5,0,3,0,0
"DAMARCUS LEACH","S CAROLINA",17,62.85,"B",66.3,66,60.3,NA,1,0,0,0,0,0,0,0,0,0,0,0,0,0,0,0,0,0,0,NA,0,0,0,0,0,0,0,0,0,0,0,0,0,0,0,0,0,0,0,0,0,0,0,0,0,0,0,0,0,0,0,0,0,1,0,1,0,0
"OSIRIS GILBERT","UCLA",16,62.77,"B",68.5,67.9,60,NA,1,0,0,42.4,1,1,0.46,6,7.7,0,0,0,0,0,0,0,0,0,0,NA,0,0,0,0,0,0,0,0,0,0,0,0,0,0,0,1,1,1,1,0.333,6,0,1,0,1,0,0.333,0,0,2,0.333,0,0,1,0,1,0,0
"JORDAN MATTHEWS","VANDERBILT",39,62.42,"B",66.8,63.1,62.6,73.8,2,0,0,42.4,0,2,0.39,9,7.7,0,0,0,0,0,0,0,0,0,0,NA,0,0,0,0,0,1,0,1,0,0,0,0,0,1,0,1,1,1,1,0.333,9,0,0,1,1,0,0.333,0,0,3,0,0,0,2,0,1,0,0
"DEE NEWSOME","PURDUE",17,62.4,"B",66.1,65.6,60.5,NA,1,0,0,0,0,0,0,0,0,0,0,0,0,0,0,0,0,0,0,NA,0,0,0,0,0,0,0,0,0,0,0,0,0,0,0,0,0,0,0,0,0,0,0,0,0,0,0,0,0,0,0,0,0,1,0,0,0,0
"JAYLEN WATSON","IOWA",28,62.39,"B",67,66.6,61.1,NA,NA,0,0,0,0,0,0,0,0,0,NA,0,NA,0,NA,NA,0,NA,NA,NA,NA,0,0,0,0,0,0,0,0,NA,NA,0,0,0,NA,0,0,0,0,0,0,0,0,0,0,0,0,0,0,0,0,NA,NA,NA,0,0,0,0
"KAYIN LEE","TENNESSEE",30,62.26,"B",66.6,66.7,60.3,60,NA,0,0,0,0,0,0,0,0,0,NA,0,NA,0,NA,NA,0,NA,NA,NA,NA,0,0,0,0,0,0,0,0,NA,NA,0,0,0,NA,0,0,0,0,0,0,0,0,0,0,0,0,0,0,0,0,NA,NA,NA,0,0,0,0
"DERRICK BARKSDALE","UCLA",64,62.25,"B",72.4,67.6,75.6,75.2,7,0,4,123.6,0,2,0.93,9.5,7.3,0,4,2,0,1,0,1,1,0,0,NA,0,0,1,0,0,1,0,0,0,0.125,0,0,0,1,0,3,3,3,4,0.667,38,2,0,0,1,0.024,0.167,0.333,0,6.3,0,0,0.143,8,0,6,0,0
"JA'KEEM JACKSON","LSU",23,62.17,"B",74.3,73.9,60.9,NA,1,0,0,74.3,1,0,0.75,6,15,0,0,0,0,0,0,0,0,0,0,NA,0,1,0,0,0,0,0,0,0,0,0,0,0,0,0,0,0,1,2,0.667,12,0,1,0,1,0,0.333,0,0,4,0.333,0,0,1,0,1,0,0
"JAKWON MORRIS","ILLINOIS",37,62.17,"B",63.9,70.9,49.5,NA,2,0,0,39.6,1,0,0,0,22,0,0,6,0,0,0,0,0,2,0,NA,0,0,0,0,0,0,0,0,0,0.5,0,0,0,0,0,2,0,1,0,0,0,0,1,0,0,0,0,0,0,0,1,0.667,0,4,0,2,0,0
"NAZIR WARD","SYRACUSE",33,62.15,"B",66.4,65.6,63.6,NA,NA,0,0,0,0,0,0,0,0,0,NA,0,NA,0,NA,NA,0,NA,NA,NA,NA,0,0,0,0,0,0,0,0,NA,NA,0,0,0,NA,0,0,0,0,0,0,0,0,0,0,0,0,0,0,0,0,NA,NA,NA,0,0,0,0
"JAILEN DUFFIE","UCF",16,62.05,"B",65.5,65,60.6,NA,1,0,0,0,0,0,0,0,0,0,0,0,0,0,0,0,0,0,0,NA,0,0,0,0,0,0,0,0,0,0,0,0,0,0,0,0,0,0,0,0,0,0,0,0,0,0,0,0,0,0,0,0,0,1,0,0,0,0
"MONTAE PATE","NWESTERN",51,62.02,"B",71.9,71,66.3,NA,6,1,0,69.6,0,1,0.6,7,8,0,0,0,0,0,0,0,0,0,1,NA,0,0,0,0,0,0,0,0,0,0,0,0,0,0,1,1,1,1,3,0.6,21,1,1,0,1,0,0.2,0.2,0,4.2,0.2,0,0,6,0,5,0,0
"JC HART","UTAH",25,61.94,"B",66.2,65.7,61.8,NA,NA,0,0,0,0,0,0,0,0,0,NA,0,NA,0,NA,NA,0,NA,NA,NA,NA,0,0,0,0,0,0,0,0,NA,NA,0,0,0,NA,0,0,0,0,0,0,0,0,0,0,0,0,0,0,0,0,NA,NA,NA,0,0,0,0
"DAQUWAN DUNN","ARIZONA ST",17,61.82,"B",66.3,65.8,60.3,NA,NA,0,0,0,0,0,0,0,0,0,NA,0,NA,0,NA,NA,0,NA,NA,NA,NA,0,0,0,0,0,0,0,0,NA,NA,0,0,0,NA,0,0,0,0,0,0,0,0,0,0,0,0,0,0,0,0,NA,NA,NA,0,0,0,0
"DWIGHT BOOTLE II","ARIZONA",28,61.78,"B",73.6,71.6,68.7,NA,4,1,3,91.7,0,0,1.14,6,1.8,0,2,1,0,1,1,1,0,0,1,NA,0,0,0,0,0,0,0,0,0,0.2,1,1,0,0,1,2,2,3,4,1,24,2,0,0,3,0.048,0.75,0.5,0,6,0,0,0.25,5,0,4,0,0
"MONTANA WARREN","ARIZONA ST",21,61.78,"B",66.3,65.7,54.4,66.1,2,1,1,39.6,0,1,0,0,10.5,0,1,0,1,0,0,0,0,1,0,NA,0,0,0,0,1,0,0,0,0,0.333,0,0,0,0,1,1,0,0,0,0,0,0,0,0,1,0,0.5,0,0,0,0,0.5,0,3,0,1,0,0
"ELIJAH DAVIS","UTAH",21,61.63,"B",65.8,65.2,61.6,NA,NA,0,0,0,0,0,0,0,0,0,NA,0,NA,0,NA,NA,0,NA,NA,NA,NA,0,0,0,0,0,0,0,0,NA,NA,0,0,0,NA,0,0,0,0,0,0,0,0,0,0,0,0,0,0,0,0,NA,NA,NA,0,0,0,0
"GENTRY WILLIAMS","GEORGIA",20,61.49,"B",65.6,64.9,61.8,NA,NA,0,0,0,0,0,0,0,0,0,NA,0,NA,0,NA,NA,0,NA,NA,NA,NA,0,0,0,0,0,0,0,0,NA,NA,0,0,0,NA,0,0,0,0,0,0,0,0,0,0,0,0,0,0,0,0,NA,NA,NA,0,0,0,0
"AMIER BOYD","TEXAS TECH",57,61.4,"B",65.8,66.6,62.9,54.4,1,0,0,42.4,1,1,0.29,5,15.3,0,0,0,0,0,0,0,0,0,0,NA,0,0,0,0,0,0,0,0,0,0,0,0,0,0,0,2,2,2,2,0.333,10,1,1,0,0,0,0,0.167,0,1.7,0.167,0,0,1,0,1,0,0
"KALEB PATTERSON","KANSAS ST",40,61.21,"B",65.4,70.4,45.6,NA,NA,0,0,39.6,0,1,0,0,28,0,NA,0,NA,0,NA,NA,0,NA,NA,NA,NA,0,0,0,0,0,0,0,0,NA,NA,0,0,0,NA,1,0,1,0,0,0,0,0,0,0,0,0,0,0,0,0,NA,NA,NA,0,0,0,0
"JAVAN ROBINSON","WISCONSIN",62,61.1,"B",73.7,73.2,67.6,NA,4,0,1,84.4,1,0,0.61,6.3,4.5,0,1,5,0,0,0,1,0,0,0,NA,0,0,0,0,0,0,0,0,0,0.2,0,0,0,0,0,2,2,3,3,0.75,19,0,1,0,1,0,0.25,0,0,4.8,0.25,0,0.25,5,0,4,0,0
"KHMORI HOUSE","ARKANSAS",28,60.95,"B",73.8,71.2,71.2,58.7,2,1,1,95.8,0,0,0.41,7,-4,0,0,-2,0,0,0,0,0,0,1,NA,1,0,1,0,0,0,0,0,1,0,1,1,0,1,1,0,0,1,1,1,7,0,0,0,1,0,1,0,0,7,0,0,0,2,0,0,0,0
"JAHLIL HURLEY","KANSAS",17,60.79,"B",64.6,63.7,61.7,NA,NA,0,0,0,0,0,0,0,0,0,NA,0,NA,0,NA,NA,0,NA,NA,NA,NA,0,0,0,0,0,0,0,0,NA,NA,0,0,0,NA,0,0,0,0,0,0,0,0,0,0,0,0,0,0,0,0,NA,NA,NA,0,0,0,0
"CANNON DEVRIES","BYU",19,60.68,"B",67.4,65.4,65.8,59.2,NA,0,0,39.6,0,2,0,0,4.7,0,NA,0,NA,0,NA,NA,0,NA,NA,NA,NA,0,0,0,0,0,0,0,0,NA,NA,0,0,0,NA,0,0,0,0,0,0,0,0,0,0,0,0,0,0,0,0,NA,NA,NA,0,0,0,0
"JA'BRIL RAWLS","FLORIDA ST",68,60.55,"B",62.6,67.8,52,58.3,11,2,1,88.9,0,1,1.23,6,3.2,0,1,0,1,0,1,0,0,0,1,NA,0,0,0,0,0,0,0,0,0,0,0,1,0,0,2,6,5,3,8,0.889,48,2,0,0,6,0,0.667,0.222,0,5.3,0,0,0,11,0,8,0,0
"CADEN HARRIS","GEORGIA",17,60.41,"B",64,63.3,60.9,NA,NA,0,0,0,0,0,0,0,0,0,NA,0,NA,0,NA,NA,0,NA,NA,NA,NA,0,0,0,0,0,0,0,0,NA,NA,0,0,0,NA,0,0,0,0,0,0,0,0,0,0,0,0,0,0,0,0,NA,NA,NA,0,0,0,0
"JALEN TODD","KANSAS",18,60.27,"B",58.7,57.9,61.2,NA,1,1,0,0,0,0,0,0,0,0,0,0,0,0,0,0,0,0,1,NA,0,0,0,0,0,0,0,0,0,0,0,0,0,0,1,1,1,0,0,0,0,0,0,0,0,0,0,0,0,0,0,0,0,1,0,0,0,0
"JUDAH JENKINS","MARYLAND",18,60.2,"B",63.3,64,61.2,56.8,NA,0,0,0,0,0,0,0,0,0,NA,0,NA,0,NA,NA,0,NA,NA,NA,NA,0,0,0,0,0,0,0,0,NA,NA,0,0,0,NA,0,0,0,0,0,0,0,0,0,0,0,0,0,0,0,0,NA,NA,NA,0,0,0,0
"ZEKE BERRY","MICHIGAN",35,60.13,"B",63.8,65.5,57.2,NA,6,2,3,104.2,0,0,1.13,9,-2.5,0,3,0,2,1,0,0,0,0,0,NA,0,0,0,0,0,0,0,1,0,0,0,0,1,1,2,4,2,2,2,1,18,1,0,0,2,0.063,1,0.5,0,9,0,0,0,6,0,3,0,0
"AUDAVION COLLINS","PENN STATE",32,60.09,"B",67.6,66.6,65,NA,1,0,0,39.6,0,0,0,0,5,0,0,9,0,0,0,0,0,0,0,NA,0,0,0,0,0,0,0,0,0,0,0,0,0,0,0,0,0,0,0,0,0,0,0,0,0,0,0,0,0,0,0,0,0,1,0,0,0,0
"JAVION WHITE","HOUSTON",77,60.07,"B",73,59.2,81.6,87.6,4,0,4,129.5,1,1,2.41,35.3,20,0,2,2,0,2,0,2,1,0,0,NA,0,0,2,0,2,2,0,0,1,0.333,2,0,1,4,0,4,4,2,3,0.429,106,3,2,0,1,0.045,0.143,0.429,0,15.1,0.286,0,0.5,6,0,5,0,0
"RICKY FLETCHER","CAL",40,59.87,"C",62.3,77.7,28.9,NA,1,0,0,39.6,1,0,0,0,6.5,0,0,4,0,0,0,0,0,2,0,NA,0,0,0,0,0,0,0,0,0,0.667,0,0,0,0,0,3,0,2,0,0,0,0,2,0,0,0,0,0,0,0,1,0.667,0,3,0,3,0,0
"SCOOTER JACKSON","UCLA",82,59.86,"C",59.8,55.4,77.7,NA,5,0,3,72.9,1,1,0.84,14,14,0,0,7.5,0,2,0,0,0,0,0,NA,0,0,0,0,0,0,0,0,0,0,3,0,0,0,0,5,5,1,3,0.5,42,2,1,0,2,0.04,0.333,0.333,0,7,0.167,0,0,5,0,3,0,0
"ZASHON RICH","KANSAS ST",40,59.71,"C",65.6,64.2,65.7,NA,2,0,0,39.6,0,2,0.47,9,9.5,0,0,8,0,0,0,0,0,0,0,NA,0,0,0,0,0,0,0,0,0,0,0,0,0,0,0,2,2,2,1,0.25,9,0,1,0,2,0,0.5,0,0,2.3,0.25,0,0,2,0,2,0,0
"AUSTIN ALEXANDER","KANSAS",19,59.53,"C",66,65.4,60.7,NA,1,0,0,39.6,0,1,0,0,9,0,0,0,0,0,0,0,0,0,0,NA,0,0,0,0,0,0,0,0,0,0,0,0,0,0,0,0,0,0,0,0,0,0,0,0,0,0,0,0,0,0,0,0,0,1,0,0,0,0
"JORDYN CRISS","BYU",33,59.49,"C",64.2,63.1,63.9,NA,1,0,1,42.4,1,2,0.16,3,5,0,1,0,0,0,0,1,0,0,0,NA,0,0,0,0,0,0,0,0,0,0.5,0,0,0,0,0,2,2,1,1,0.333,3,0,1,0,2,0,0.667,0,0,1,0.333,0,0.5,2,0,2,0,0
"AYDAN WEST","MINNESOTA",31,59.41,"C",71.2,71.1,61.8,NA,1,0,0,42.4,0,1,0.24,4,1.3,0,0,0,0,0,0,0,0,0,0,NA,0,0,0,0,0,0,0,0,0,0,0,0,0,0,0,0,0,1,1,0.333,4,0,0,0,1,0,0.333,0,0,1.3,0,0,0,1,0,0,0,0
"RJ COLLINS","KANSAS ST",18,59.4,"C",63,60.8,62.8,NA,NA,0,0,0,0,0,0,0,0,0,NA,0,NA,0,NA,NA,0,NA,NA,NA,NA,0,0,0,0,0,0,0,0,NA,NA,0,0,0,NA,0,0,0,0,0,0,0,0,0,0,0,0,0,0,0,0,NA,NA,NA,0,0,0,0
"GARRICK DIXON","KANSAS ST",18,59.21,"C",62.8,60.4,62.9,NA,NA,0,0,0,0,0,0,0,0,0,NA,0,NA,0,NA,NA,0,NA,NA,NA,NA,0,0,0,0,0,0,0,0,NA,NA,0,0,0,NA,0,0,0,0,0,0,0,0,0,0,0,0,0,0,0,0,NA,NA,NA,0,0,0,0
"TRYSTAN HAYNES","OKLAHOMA",19,59.11,"C",58,64,47.4,NA,1,0,0,0,0,0,0,0,0,0,0,6,0,0,0,0,0,0,0,NA,0,0,0,0,0,0,0,0,0,0,0,0,0,0,0,1,0,0,0,0,0,0,0,0,0,0,0,0,0,0,0,0,0,1,0,0,0,0
"GRANT GRAYTON","KENTUCKY",49,58.66,"C",58.7,60.9,56.8,51.7,3,2,1,42.4,0,2,0.07,2,6,0,0,2,0,0,0,0,0,1,2,NA,0,0,0,0,0,0,0,0,0,0.25,1,0,0,0,2,3,2,0,1,0.333,2,1,0,0,1,0,0.333,0.333,0,0.7,0,0.5,0,4,0,2,0,0
"JAYLON BRAXTON","OLE MISS",71,58.64,"C",60.8,57.2,74.6,58.3,7,1,2,85.4,0,1,1.14,13.3,15.2,0,1,18.67,0,1,0,2,0,0,1,NA,1,1,0,0,0,0,0,0,0,0.222,1,1,0,0,1,4,4,1,3,0.6,40,1,1,0,0,0.029,0,0.2,0,8,0.2,0,0.333,9,0,3,0,0
"JORDAN SMITH","GEORGIA",17,58.35,"C",69.9,69.4,61.4,NA,2,0,0,53.5,1,0,2.43,17,20.7,0,0,0,0,1,0,0,0,0,0,NA,0,0,0,0,0,0,0,0,0,0,0,0,0,0,0,1,1,2,1,0.333,17,1,2,0,0,0.143,0,0.333,0,5.7,0.667,0,0,2,0,2,0,0
"DEUCE BLADES II","WAKE",42,58.33,"C",72.7,70,62,74.2,3,2,0,100,0,0,0.59,8,3,0,0,0,0,0,0,0,0,0,2,NA,0,0,1,0,0,0,0,0,1,0,0,0,0,1,2,0,0,0,2,1,16,0,0,0,1,0,0.5,0,0,8,0,0,0,3,0,1,0,0
"SHAWN LEE JR.","PITTSBURGH",48,58.27,"C",72.4,72.3,61.6,NA,4,1,1,88.8,0,1,1.22,14.7,19.6,0,1,0,0,1,0,0,0,0,1,NA,0,0,0,0,0,0,0,0,0,0,0,0,0,0,1,1,1,3,3,0.6,44,2,1,0,1,0.028,0.2,0.4,0,8.8,0.2,0,0,4,0,3,0,0
"ELI BOWEN","OKLAHOMA",32,58.11,"C",69.1,68.1,65.6,NA,3,0,0,71.5,0,1,0.63,5,9.3,0,0,23,0,0,0,0,0,0,0,NA,0,0,0,0,0,0,0,0,0,0,0,0,0,0,0,0,0,0,2,0.667,10,0,0,0,1,0,0.333,0,0,3.3,0,0,0,3,0,3,0,0
"RED MORGAN","ALABAMA",22,58.09,"C",73.3,71.5,70.7,57,2,0,2,100,0,0,0.89,8,8,0,1,1,0,0,0,0,0,0,0,NA,0,0,0,0,0,0,0,0,0,0,1,0,0,0,0,0,0,1,1,1,8,0,0,0,0,0,0,0,0,8,0,0,0,2,0,2,0,0
"DEMELLO JONES","GEORGIA",17,58.06,"C",71.1,70.6,61.6,NA,NA,0,0,56.3,0,1,0.6,6,18,0,NA,0,NA,0,NA,NA,0,NA,NA,NA,NA,0,0,0,0,0,0,0,0,NA,NA,0,0,0,NA,0,0,1,1,0.5,6,0,0,0,0,0,0,0,0,3,0,NA,NA,NA,0,0,0,0
"JOSHUA CLARKE","VA TECH",27,57.3,"C",58.1,62.7,51.8,NA,1,0,0,39.6,0,1,0,0,18,0,0,6,0,0,0,0,0,0,0,NA,0,0,0,0,0,0,0,0,0,0,0,0,0,0,0,1,0,0,0,0,0,0,0,0,0,0,0,0,0,0,0,0,0,1,0,0,0,0
"DARYUS DIXSON","PENN STATE",32,57.23,"C",72.1,71.9,61.3,NA,4,1,1,104.2,0,0,0.41,9,9,0,1,0,0,0,0,0,0,0,1,NA,0,0,0,0,0,0,0,0,0,0,0,0,0,0,1,1,1,2,1,1,9,0,0,0,0,0,0,0,0,9,0,0,0,4,0,2,0,0
"ISAIAH MCMILLIAN","KENTUCKY",62,57.21,"C",65.8,63.5,72.6,NA,6,1,1,89.6,1,1,1.21,9.4,10.7,0,1,0,1,0,0,0,0,0,0,NA,0,0,0,0,0,0,0,0,0,0,0,0,0,0,1,4,4,2,5,0.714,47,3,1,0,4,0,0.571,0.429,0,6.7,0.143,0,0,6,0,5,0,0
"JAE'ON YOUNG","CAL",16,57.16,"C",58.1,65,60.3,NA,NA,0,0,39.6,0,1,0,0,12,0,NA,0,NA,0,NA,NA,0,NA,NA,NA,NA,0,0,0,0,0,0,0,0,NA,NA,0,0,0,NA,1,0,0,0,0,0,0,0,0,0,0,0,0,0,0,0,NA,NA,NA,0,0,0,0
"JUDGE COLLIER","S CAROLINA",33,57.1,"C",65.4,61.5,72.4,NA,4,0,2,79.9,0,1,0.89,8,4,0,1,14,0,0,0,0,0,0,0,NA,0,0,0,0,0,0,0,0,0,0,1,0,0,0,0,2,2,1,2,0.667,16,1,0,0,1,0,0.333,0.333,0,5.3,0,0,0,4,0,3,0,0
"DANIEL HARRIS","CAL",35,57.02,"C",72.7,69,62.8,76.3,3,0,1,85.4,1,0,1.05,20,8,0,1,0,0,1,0,1,0,0,0,NA,0,0,1,0,0,1,0,0,0,0.25,0,0,0,1,0,1,1,2,1,0.5,20,1,1,0,1,0.053,0.5,0.5,0,10,0.5,0,0.333,4,0,3,0,0
"DARRELL CAREY","MARYLAND",29,56.97,"C",54.3,42.9,77.8,NA,2,0,2,42.4,0,1,0.5,5,6.3,0,0,-0.5,0,0,0,0,0,0,0,NA,1,0,0,0,0,0,0,0,0,0,2,1,0,0,0,2,2,0,1,0.333,5,0,0,0,0,0,0,0,0,1.7,0,0,0,2,0,1,0,0
"EMMANUEL KARNLEY","WASHINGTON",54,56.86,"C",64,63.3,63.5,NA,4,1,1,78.5,2,1,1.45,7.5,3.7,0,1,0,0,0,0,1,0,0,1,NA,0,0,0,0,0,0,0,0,0,0.2,0,0,0,0,1,5,5,3,6,0.667,45,3,2,0,4,0,0.444,0.333,0,5,0.222,0,0.2,5,0,5,0,0
"DANIEL COBBS","BAYLOR",48,56.62,"C",66.3,62.4,74.2,55.2,3,0,1,80.6,0,0,0.43,3.3,1,0,0,2.5,0,0,0,0,0,0,0,NA,1,0,1,0,0,0,0,0,0,0,1,1,1,1,0,1,1,0,3,1,10,1,0,0,2,0,0.667,0.333,0,3.3,0,0,0,3,0,3,0,0
"CAM CALHOUN","OHIO STATE",27,56.45,"C",67.5,72.8,46.3,NA,1,0,0,43.8,1,1,0.59,10,19.7,0,0,0,0,0,0,0,0,1,0,NA,0,0,0,0,0,0,0,0,0,0.5,0,0,0,0,0,2,1,2,1,0.333,10,1,1,0,0,0,0,0.333,0,3.3,0.333,1,0,2,0,2,0,0
"ROCK CALDWELL","UTAH",20,56.21,"C",58.8,58,60.7,NA,NA,0,0,39.6,0,2,0,0,18,0,NA,0,NA,0,NA,NA,0,NA,NA,NA,NA,0,0,0,0,0,0,0,0,NA,NA,0,0,0,NA,1,1,0,0,0,0,0,0,0,0,0,0,0,0,0,0,NA,NA,NA,0,0,0,0
"TY REDMOND","TENNESSEE",34,56.03,"C",68.5,67.3,65.6,NA,1,1,0,56.3,0,0,0.26,6,3.5,0,0,0,1,0,0,0,0,0,0,NA,0,0,0,0,0,0,0,0,0,0,0,0,0,0,1,0,0,0,1,0.5,6,0,0,0,2,0,1,0,0,3,0,0,0,1,0,0,0,0
"DJ BELL","UCF",23,55.91,"C",59.8,59.1,61.2,NA,1,1,0,39.6,0,1,0,0,5,0,0,0,0,0,0,0,0,0,1,NA,0,0,0,0,0,0,0,0,0,0,0,0,0,0,1,1,1,0,0,0,0,0,0,0,1,0,1,0,0,0,0,0,0,1,0,0,0,0
"TYWAN COX","ILLINOIS",33,55.78,"C",62.8,65.5,51.1,NA,5,1,0,56.8,1,4,2.08,25,24.7,0,0,0,1,1,0,1,0,1,0,NA,0,0,0,0,0,0,0,0,0,0.286,0,0,0,0,1,4,3,3,2,0.286,50,2,1,0,1,0.042,0.143,0.286,0,7.1,0.143,0.5,0.2,7,0,3,0,0
"HUDAURI HINES","PURDUE",47,55.43,"C",67.3,64.2,73.2,NA,3,1,1,83.3,0,0,0.27,4,-1,0,1,10,1,0,0,0,0,0,0,NA,0,0,0,0,0,0,0,0,0,0,0,0,0,0,1,1,1,0,2,1,8,0,0,0,2,0,1,0,0,4,0,0,0,3,0,1,0,0
"BRICE POLLOCK","TEXAS TECH",61,55.34,"C",64,63.6,65.7,55.4,3,0,0,69.8,1,1,0.66,12.5,10,0,0,14,0,1,0,0,0,0,0,NA,0,1,0,0,0,0,0,0,0,0,0,0,0,0,0,3,2,1,2,0.5,25,1,1,0,3,0.026,0.75,0.25,0,6.3,0.25,0,0,3,0,4,0,0
"SETH JOHNSON","IOWA STATE",36,55.09,"C",70.6,70.6,62.8,NA,1,0,1,81.3,0,0,0.67,3.5,-3.5,0,1,0,0,0,1,0,0,0,0,NA,0,0,0,0,0,0,0,0,0,0,0,1,0,0,0,0,0,1,4,1,14,0,0,0,4,0,1,0,0,3.5,0,0,0,1,0,1,0,0
"GAVIN JENKINS","AUBURN",18,54.54,"C",68.5,68.1,60.8,NA,3,0,0,56.3,0,0,0.67,6,0.5,0,0,0,0,0,0,0,0,0,0,NA,0,0,0,0,0,0,0,0,0,0,0,0,0,0,0,0,0,0,1,0.5,6,0,0,0,1,0,0.5,0,0,3,0,0,0,3,0,4,0,0
"ERIC FLETCHER JR.","WISCONSIN",16,54.25,"C",57.9,57.1,60.1,NA,1,0,0,0,0,0,0,0,0,0,0,0,0,0,0,0,0,0,0,NA,0,0,0,0,0,0,0,0,0,0.5,0,0,0,0,0,1,1,0,0,0,0,0,0,0,0,0,0,0,0,0,0,0,0,2,0,0,0,0
"CAYDEN DANIELS","VANDERBILT",26,53.35,"C",64.8,61.7,70.1,NA,5,1,2,109.7,0,0,1.94,10.3,6,0,0,3.5,1,0,0,0,0,0,0,NA,0,0,0,0,0,0,0,0,0,0,2,0,0,0,1,1,1,0,3,1,31,1,0,0,1,0,0.333,0.333,0,10.3,0,0,0,5,0,5,0,0
"WARREN ROBERSON","TEXAS",37,53.23,"C",69.3,67.6,68.1,NA,3,0,0,77.1,0,1,0.78,7,5,0,0,15,0,0,0,0,0,0,0,NA,0,0,0,0,0,0,0,0,0,0,0,0,0,0,0,0,0,0,2,0.667,14,0,0,0,3,0,1,0,0,4.7,0,0,0,3,0,1,0,0
"JAHEIM SINGLETARY","IOWA STATE",26,52.71,"C",59.7,59.1,61.2,NA,2,0,2,72.9,0,1,0.61,5.5,11.7,0,2,0,0,0,0,0,0,0,0,NA,0,0,0,0,0,0,0,0,0,0,0,0,0,0,0,1,1,0,2,0.667,11,0,0,0,2,0,0.667,0,0,3.7,0,0,0,2,0,2,0,0
"BRANDON FINNEY JR.","OREGON",66,52.47,"C",67.3,62.2,70.7,60,8,2,0,97.9,0,0,0.94,10.7,11.3,0,0,5.5,1,1,0,1,0,0,1,NA,0,0,0,0,0,0,0,0,0,0.111,0,0,0,0,2,3,3,1,3,0.75,32,1,1,0,1,0.029,0.25,0.25,0,8,0.25,0,0.167,9,0,4,0,0
"DYLAN ROBINSON","WASHINGTON",58,51.69,"C",58.9,66.8,30.2,NA,2,1,0,0,0,0,0,0,0,0,0,0,1,0,0,1,0,2,0,NA,0,0,0,0,0,0,0,0,0,0.6,0,0,0,0,1,4,1,0,0,0,0,0,0,0,0,0,0,0,0,0,0,0.667,0.5,5,0,2,0,0
"JORDAN SCRUGGS","MARYLAND",27,51.53,"C",63.4,62.7,61.6,NA,NA,0,0,47.9,0,1,0.92,5.5,6.8,0,NA,0,NA,0,NA,NA,0,NA,NA,NA,NA,0,0,0,0,0,0,0,0,NA,NA,0,0,0,NA,1,1,1,2,0.4,11,0,0,0,1,0,0.2,0,0,2.2,0,NA,NA,NA,0,0,0,0
"RYLAND GANDY","INDIANA",63,51.52,"C",65.8,68.7,53.8,60,6,1,2,102.8,0,0,1.79,10.4,8.5,0,2,7,1,1,1,0,0,1,0,NA,0,0,0,0,0,0,0,0,0,0.143,0,1,0,0,1,3,2,2,5,0.833,52,4,1,0,5,0.035,0.833,0.667,0,8.7,0.167,0.333,0,6,0,3,0,0
"TRE BELL","MICH STATE",42,51.17,"C",58.8,52,70.1,73.6,3,0,3,111.1,0,2,1.6,13.3,13.2,0,2,-5,0,1,0,0,1,0,0,NA,1,0,1,0,0,1,0,0,0,0,1,1,0,1,0,4,4,1,3,0.5,40,2,1,0,2,0.04,0.333,0.333,0,6.7,0.167,0,0,3,0,3,0,0
"JABARI MACK","LOUISVILLE",57,51.17,"C",64.4,65,72.9,NA,3,1,2,144.4,2,0,2.19,17,14.5,0,1,2,1,2,0,0,1,0,0,NA,0,1,0,0,0,0,0,0,0,0,1,0,0,0,1,4,4,2,4,0.667,68,3,2,0,4,0.065,0.667,0.5,0,11.3,0.333,0,0,3,0,1,0,0
"JAMES CHENAULT JR.","UTAH",25,51.16,"C",64.4,62.4,68.8,58.1,3,0,2,93.8,0,0,0.76,6.5,0.5,0,1,-2,0,0,0,0,0,0,0,NA,1,0,0,0,0,0,0,0,0,0,1,1,0,0,0,1,1,0,2,1,13,1,0,0,2,0,1,0.5,0,6.5,0,0,0,3,0,3,0,0
"J'VARI FLOWERS","FLORIDA",35,50.98,"C",63.3,62.4,64.7,60,6,4,0,130.6,0,1,1.04,12,12.3,0,0,0,1,1,0,1,1,0,3,NA,0,0,0,0,0,0,0,0,0,0.143,0,0,0,0,4,2,2,1,2,0.667,24,1,0,0,0,0.043,0,0.333,0,8,0,0,0.167,6,0,3,0,0
"KEYSHAWN ROBINSON","W VIRGINIA",23,50.79,"C",68.2,67.9,60.7,NA,1,0,0,75,1,0,0.94,15,12.5,0,0,0,0,1,0,0,0,0,0,NA,0,0,0,0,0,0,0,0,0,0,0,0,0,0,0,1,1,1,1,0.5,15,1,1,0,2,0.063,1,0.5,0,7.5,0.5,0,0,1,0,1,0,0
"COURTLAND GUILLORY","OKLAHOMA",34,50.5,"C",59,62.2,50,NA,3,1,0,72.9,1,0,0.65,5.5,7.3,0,0,0,1,0,0,1,0,0,0,NA,0,0,0,0,0,0,0,0,0,0.25,0,0,0,0,1,4,3,2,2,0.667,11,1,1,0,1,0,0.333,0.333,0,3.7,0.333,0,0.333,4,0,3,0,0
"DEMETRES SAMUEL JR.","SYRACUSE",43,49.82,"C",64.7,63.7,64.4,NA,4,0,1,101.7,0,1,1.68,10.5,6.6,0,1,0,0,1,1,0,0,0,0,NA,0,0,0,0,0,0,0,0,0,0,0,1,0,0,0,2,2,1,4,0.8,42,0,0,0,3,0.04,0.6,0,0,8.4,0,0,0,4,0,4,0,0
"SYEED GIBBS","KANSAS",19,49.65,"C",55.1,54.4,60.6,NA,2,0,1,52.1,0,3,1.67,10,14.4,0,1,0,0,0,0,0,0,0,0,NA,0,0,0,0,0,0,0,0,0,0,0,0,0,0,0,2,2,0,2,0.4,20,1,0,0,3,0,0.6,0.2,0,4,0,0,0,2,0,2,0,0
"ELIJAH REED","UTAH",28,49.61,"C",66.4,65.9,61.1,NA,2,0,1,75.7,0,0,0.68,6.5,1.3,0,1,0,0,0,0,0,0,0,0,NA,0,0,0,0,0,0,0,0,0,0,0,0,0,0,0,1,1,1,2,0.667,13,1,0,0,2,0,0.667,0.333,0,4.3,0,0,0,2,0,2,0,0
"MARTEL HIGHT","VANDERBILT",23,49.47,"C",57.7,60.8,58.3,70.9,3,0,1,101.4,0,0,1.79,8.3,8,0,1,16,0,0,0,0,0,0,0,NA,0,0,1,0,0,0,0,0,0,0,0,0,1,1,0,2,1,0,3,1,25,0,0,0,1,0,0.333,0,0,8.3,0,0,0,3,0,3,0,0
"GRACESON LITTLETON","TEXAS",41,49.27,"C",62.6,54.3,79.2,60,6,2,1,90.8,0,0,1.32,5.8,2.8,0,0,7.5,2,0,0,1,0,0,0,NA,0,0,0,0,0,0,1,0,0,0.143,1,0,0,0,2,3,3,0,5,1,29,2,0,0,4,0,0.8,0.4,0,5.8,0,0,0.333,7,0,3,0,0
"JAY'VION COLE","ARIZONA",41,48.95,"C",61.3,63.9,46.1,64.8,1,1,0,56.3,0,1,0.07,2,13.5,0,0,0,0,0,0,0,0,1,1,NA,0,0,0,0,0,0,0,0,0,0.5,0,0,1,1,1,2,1,0,1,0.5,2,1,0,0,2,0,1,0.5,0,1,0,1,0,2,0,3,0,0
"MARCELLO VITTI","IOWA",29,48.91,"C",66.8,66.2,62.1,NA,NA,0,0,79.2,0,0,0.15,3,2,0,NA,0,NA,0,NA,NA,0,NA,NA,NA,NA,0,0,0,0,0,0,0,0,NA,NA,0,0,0,NA,0,0,0,1,1,3,0,0,0,0,0,0,0,0,3,0,NA,NA,NA,0,1,0,0
"DJ PICKETT","LSU",38,48.74,"C",66,68,53.6,NA,2,0,2,82.3,0,1,0.71,5.7,3.3,0,2,0,0,0,0,0,0,1,0,NA,0,0,0,0,0,0,0,0,0,0.333,0,0,0,0,0,1,0,0,3,0.75,17,0,0,0,2,0,0.5,0,0,4.3,0,1,0,3,0,3,0,0
"XAVIER LUCAS","MIAMI FL",39,48.56,"C",64.3,68.1,45.5,59.9,3,0,0,79.9,2,0,1.79,17.3,20.7,0,0,8,0,2,0,0,0,1,0,NA,0,0,0,0,0,0,0,0,0,0.25,0,0,0,0,0,4,3,3,3,0.5,52,3,3,0,2,0.069,0.333,0.5,0,8.7,0.5,0.5,0,3,0,2,0,0
"IBN MCDANIELS","PENN STATE",17,48.35,"C",57.2,64.1,46.5,NA,0,0,0,0,0,0,0,0,0,0,0,0,0,0,0,0,0,1,0,NA,0,0,0,0,0,0,0,0,0,1,0,0,0,0,0,1,0,0,0,0,0,0,0,0,0,0,0,0,0,0,0,1,0,1,0,0,0,0
"JAYLEN BELL","INDIANA",55,48.31,"C",60,61.6,67.7,NA,5,0,2,108.3,0,0,0.77,10,9,0,1,7.33,0,0,0,0,0,0,0,NA,0,0,0,0,0,0,0,0,0,0,1,0,0,0,0,4,2,1,2,1,20,1,0,0,1,0,0.5,0.5,0,10,0,0,0,5,0,4,0,0
"DIJON LEE JR.","ALABAMA",32,48.18,"C",67.7,66.6,65.2,NA,3,0,0,104.2,0,1,0.59,3.3,0.2,0,0,7,0,0,0,0,1,0,0,NA,0,0,0,0,0,0,0,0,0,0,0,0,0,0,0,1,1,1,3,0.6,10,1,1,0,2,0,0.4,0.2,0,2,0.2,0,0,3,0,3,0,0
"CAM CHADWICK JR.","VA TECH",18,48.05,"C",54.9,52.6,62.9,NA,NA,0,0,39.6,0,0,0,0,13,0,NA,0,NA,0,NA,NA,0,NA,NA,NA,NA,0,0,0,0,0,0,0,0,NA,NA,0,0,0,NA,1,1,0,0,0,0,0,0,0,1,0,1,0,0,0,0,NA,NA,NA,0,0,0,0
"CAMERON KEYS","MISSOURI",19,47.88,"C",64.5,62.2,65.4,NA,1,0,0,62.5,0,1,1.29,9,15.5,0,0,27,0,0,0,1,0,0,0,NA,0,0,0,0,0,0,0,0,0,0.5,0,0,0,0,0,1,1,1,1,0.5,9,0,0,0,1,0,0.5,0,0,4.5,0,0,1,2,0,1,0,0
"DJ WALLER JR.","LOUISVILLE",69,47.67,"C",63.5,62.8,64.5,60,2,0,1,88.5,0,1,0.66,7.7,3,0,1,0,0,0,0,1,0,0,0,NA,0,0,1,0,0,0,0,0,0,0.333,0,0,1,1,0,2,2,0,3,0.75,23,0,0,0,3,0,0.75,0,0,5.8,0,0,0.333,3,0,4,0,0
"RICARDO COOPER JR.","MARYLAND",17,47.07,"C",57.1,56.3,60.1,NA,0,0,0,0,0,0,0,0,0,0,0,0,0,0,0,1,0,0,0,NA,0,0,0,0,0,0,0,0,0,1,0,0,0,0,0,1,1,0,0,0,0,0,0,0,0,0,0,0,0,0,0,0,1,1,0,1,0,0
"QUENTIN TAYLOR","MISS STATE",43,46.71,"C",67.6,67.2,63.2,NA,4,1,0,86.1,0,0,0.7,4.7,1.3,0,0,0,0,0,0,1,0,0,1,NA,0,0,0,0,0,0,0,0,0,0.2,0,0,0,0,1,1,1,0,3,1,14,2,0,0,1,0,0.333,0.667,0,4.7,0,0,0.2,4,0,4,0,0
"CORMANI MCCLAIN","FLORIDA",52,46.63,"C",63.9,63.3,63.2,NA,3,1,1,95.8,0,0,0.44,7,7,0,1,0,0,0,0,1,0,0,1,NA,0,0,0,0,0,0,0,0,0,0.25,0,0,0,0,1,2,2,0,2,1,14,1,0,0,0,0,0,0.5,0,7,0,0,0.25,4,0,3,0,0
"ASHTON HAMPTON","CLEMSON",81,46.39,"C",62.9,60.6,69.4,NA,2,1,0,70.1,0,1,1.1,23,10.3,1,0,9,1,1,0,1,0,0,0,NA,0,0,0,0,0,0,0,0,0,0.333,0,0,0,0,1,3,3,1,2,0.667,46,2,0,0,3,0.024,1,0.667,0.333,15.3,0,0,1,3,0,1,0,1
"JORDAN SHAW","TEXAS A&M",19,46.36,"C",67.1,64.8,65.2,59.7,NA,0,0,79.2,0,0,0.5,3,-3,0,NA,0,NA,0,NA,NA,0,NA,NA,NA,NA,0,0,0,0,0,0,0,0,NA,NA,0,0,0,NA,0,0,0,2,1,6,0,0,0,1,0,0.5,0,0,3,0,NA,NA,NA,0,1,0,0
"JACOB FINLEY","CINCINNATI",66,46.32,"C",63.2,69.4,31,60,4,1,0,106.3,0,0,0.46,9.5,4.5,0,0,0,0,0,0,0,0,0,1,NA,0,0,0,0,0,0,1,1,0,0,0,0,1,1,1,4,2,2,2,1,19,1,0,0,2,0,1,0.5,0,9.5,0,0,0,4,0,3,0,0
"TIM MERRITT","TENNESSEE",17,45.53,"C",58.2,65.1,45.7,NA,0,0,0,39.6,0,1,0,0,4,0,0,0,0,0,0,0,0,1,0,NA,0,0,0,0,0,0,0,0,0,1,0,0,0,0,0,1,0,0,0,0,0,0,0,0,0,0,0,0,0,0,0,1,0,1,0,0,0,0
"VICARI SWAIN","S CAROLINA",31,45.37,"C",67.9,67.5,61.8,NA,0,0,0,56.3,0,1,0.24,4,4,0,0,0,0,0,0,1,0,0,0,NA,0,0,0,0,0,0,0,0,0,1,0,0,0,0,0,1,1,1,1,0.5,4,0,0,0,1,0,0.5,0,0,2,0,0,1,1,0,1,0,0
"TYRESE BOSS","ARIZONA",25,44.41,"C",66,65.7,60.3,NA,NA,0,0,91.7,0,0,0.33,6,4,0,NA,0,NA,0,NA,NA,0,NA,NA,NA,NA,0,0,0,0,0,0,0,0,NA,NA,0,0,0,NA,0,0,0,1,1,6,0,0,0,1,0,1,0,0,6,0,NA,NA,NA,0,2,0,0
"JAMARE GLASKER","MARYLAND",23,44.39,"C",61.7,61,61.3,NA,2,0,0,71.5,0,2,1.88,30,20.3,0,0,0,0,1,0,0,0,0,0,NA,0,0,0,0,0,0,0,0,0,0,0,0,0,0,0,1,1,0,1,0.333,30,1,0,0,0,0.063,0,0.333,0,10,0,0,0,2,0,1,0,0
"JAHMIR JOSEPH","PENN STATE",16,44.07,"C",58.1,57.8,60,NA,NA,0,0,56.3,0,0,0.55,6,6,0,NA,0,NA,0,NA,NA,0,NA,NA,NA,NA,0,0,0,0,0,0,0,0,NA,NA,0,0,0,NA,1,1,0,1,0.5,6,0,0,0,2,0,1,0,0,3,0,NA,NA,NA,0,0,0,0
"ORE ADEYI","NWESTERN",58,44.06,"C",52.7,52.4,57.3,NA,3,1,0,76.3,2,2,2.52,15.6,17,0,0,0,0,2,0,0,0,0,1,NA,0,0,0,0,0,0,0,0,0,0,0,0,0,0,1,7,6,2,5,0.5,78,4,2,0,4,0.065,0.4,0.4,0,7.8,0.2,0,0,3,0,2,0,0
"BRAEDEN MARSHALL","UCF",22,43.87,"C",52.6,47.3,69.3,NA,1,0,1,66.7,0,1,0.85,11,19,0,0,2,0,0,0,0,0,0,0,NA,0,0,0,0,0,0,0,0,0,0,1,0,0,0,0,2,2,0,1,0.5,11,1,0,0,1,0,0.5,0.5,0,5.5,0,0,0,1,0,1,0,0
"BRAVION ROGERS","TEXAS A&M",18,43.3,"C",63.7,62.7,62.1,NA,NA,0,0,83.3,0,0,0.8,4,2,0,NA,0,NA,0,NA,NA,0,NA,NA,NA,NA,0,0,0,0,0,0,0,0,NA,NA,0,0,0,NA,0,0,0,1,1,4,0,0,0,1,0,1,0,0,4,0,NA,NA,NA,0,0,0,0
"TRAVON WEST","WAKE",36,42.88,"C",50.6,46.9,68.2,NA,3,1,1,88.5,1,0,1.15,7.7,12.5,0,1,8,1,0,0,1,0,0,0,NA,0,0,0,0,0,0,0,0,0,0.25,0,0,0,0,1,4,4,1,3,0.75,23,1,1,0,3,0,0.75,0.25,0,5.8,0.25,0,0.5,4,0,2,0,0
"REGGIE BUSH II","BAYLOR",21,42.86,"C",71.9,71.6,61.1,NA,3,0,0,79.2,0,0,5.18,14.3,11.3,1,0,0,0,2,0,0,0,0,0,NA,0,0,0,0,0,0,0,0,0,0,0,0,0,0,0,3,3,1,4,1,57,3,0,0,4,0.182,1,0.75,0.25,14.3,0,0,0,3,0,3,0,1
"BRADLEE JONES","RUTGERS",54,42.8,"C",63.4,53.9,75.9,NA,8,2,0,118.8,0,0,2,20,19,0,0,8.4,2,1,0,0,0,0,0,NA,0,0,0,0,0,0,0,0,0,0,0,0,0,0,2,2,2,0,2,1,40,2,0,0,1,0.05,0.5,1,0,20,0,0,0,8,0,3,0,0
"MATTHIAS LEACH","BYU",34,42.8,"C",55.9,54.5,63.9,60,3,0,0,68.8,0,0,2.33,14,11.3,1,0,0,0,1,0,0,0,0,0,NA,0,0,0,0,0,0,0,0,0,0,0,0,0,0,0,3,3,1,3,0.75,42,2,0,0,2,0.056,0.5,0.5,0.25,10.5,0,0,0,3,0,2,0,1
"ASHAAD WILLIAMS","WAKE",40,42.71,"C",62.2,61.6,61.9,NA,2,0,1,88.5,0,0,0.81,5.3,1.5,0,1,0,0,0,0,0,0,0,0,NA,0,0,0,0,0,0,0,0,0,0,0,0,0,0,0,2,2,1,4,1,21,1,0,0,3,0,0.75,0.25,0,5.3,0,0,0,2,0,1,0,0
"ANTIONE JACKSON","UCF",26,42.38,"C",56.4,52.6,69.7,NA,2,0,1,95.8,0,0,1.88,30,20.5,0,0,-1,0,1,0,0,0,0,0,NA,1,0,0,0,0,0,0,0,0,0,1,1,0,0,0,1,1,1,1,0.5,30,1,1,0,0,0.063,0,0.5,0,15,0.5,0,0,2,0,1,0,0
"BEN HANKS III","FLORIDA",31,42.24,"C",53.5,52.8,62.2,59.1,4,0,0,77.8,1,0,1.53,7.3,9.7,0,0,0,0,0,0,0,0,0,0,NA,0,0,0,0,0,0,0,0,0,0,0,0,0,0,0,4,4,1,4,0.667,29,2,1,0,2,0,0.333,0.333,0,4.8,0.167,0,0,4,0,3,0,0
"CREE THOMAS","COLORADO",57,41.79,"C",55.5,59.9,54.8,NA,7,3,0,103.1,0,1,1.28,12.3,8.3,0,0,0,1,1,0,0,0,1,2,NA,0,0,0,0,0,0,0,0,0,0.125,0,0,0,0,3,5,4,0,3,0.75,37,3,0,0,3,0.035,0.75,0.75,0,9.3,0,0.5,0,8,0,5,0,0
"ZION TRACY","PENN STATE",18,41.36,"C",62.3,60.8,64,NA,4,1,0,97.9,0,0,1.25,7.5,3.5,0,0,0,1,0,0,1,0,0,0,NA,0,0,0,0,0,0,0,0,0,0.2,0,0,0,0,1,1,1,0,2,1,15,1,0,0,1,0,0.5,0.5,0,7.5,0,0,0.333,5,0,1,0,0
"LADAINIAN FIELDS","OKLA STATE",40,40.02,"C",66.5,66,62.6,NA,2,0,1,118.8,0,1,3.04,19,15.4,1,1,0,0,2,0,1,1,0,0,NA,0,0,0,0,0,0,0,0,0,0.333,0,0,0,0,0,2,2,2,4,0.8,76,2,0,0,2,0.08,0.4,0.4,0.2,15.2,0,0,0.333,3,0,3,0,1
"ROMAN PEARSON","KANSAS",22,39.99,"D",60.7,60,61.3,NA,1,0,1,102.1,0,0,1.42,8.5,8,0,1,0,0,0,0,0,0,0,0,NA,0,0,0,0,0,0,0,0,0,0,0,0,0,0,0,1,1,0,2,1,17,1,0,0,1,0,0.5,0.5,0,8.5,0,0,0,1,0,1,0,0
"MO HORN","OKLA STATE",26,39.82,"D",66.3,65.2,63.9,NA,2,0,1,112.5,0,0,2,11,10,0,1,0,0,1,0,0,0,0,0,NA,0,0,0,0,0,0,0,0,0,0,0,0,0,0,0,1,1,1,2,1,22,1,0,0,2,0.091,1,0.5,0,11,0,0,0,2,0,2,0,0
"CAM RICHARDSON","STANFORD",40,39.74,"D",64.5,63.9,62.6,NA,1,0,0,86.8,0,1,0.95,10.5,14,0,0,0,0,0,0,1,0,0,0,NA,0,0,0,0,0,0,0,0,0,0.5,0,0,0,0,0,1,1,0,2,0.667,21,1,0,0,2,0,0.667,0.333,0,7,0,0,0.5,2,0,2,0,0
"RODNEY BIMAGE JR.","ARIZONA ST",29,39.67,"D",62.8,62.2,62,NA,1,0,0,81.3,0,1,1,8.5,15.3,0,0,0,0,0,0,1,0,0,0,NA,0,0,0,0,0,0,0,0,0,0.5,0,0,0,0,0,2,2,1,2,0.667,17,1,0,0,2,0,0.667,0.333,0,5.7,0,0,0.5,2,0,2,0,0
"NICK MCCLELLAN","KANSAS ST",18,39.65,"D",60,58.9,61.9,NA,2,0,0,82.6,0,0,2,9,5.3,0,0,0,0,0,0,0,0,0,0,NA,0,0,0,0,0,0,0,0,0,0,0,0,0,0,0,1,1,0,2,0.667,18,1,0,0,2,0,0.667,0.333,0,6,0,0,0,2,0,2,0,0
"ASHTON CUNNINGHAM","BOSTON COL",41,39.63,"D",61.8,58.5,67,NA,1,1,0,122.9,0,0,0.36,4,9,0,0,0,1,0,0,0,1,0,0,NA,0,0,0,0,0,0,0,0,0,0,0,0,0,0,1,1,1,0,1,1,4,1,0,0,0,0,0,1,0,4,0,0,0,1,0,0,0,0
"DARION JONES","IOWA",22,38.15,"D",60.5,59.9,60.7,NA,2,0,0,108.3,0,0,0.71,10,5,0,0,0,0,0,0,0,0,0,0,NA,0,0,0,0,0,0,0,0,0,0,0,0,0,0,1,1,1,0,1,1,10,1,0,0,0,0,0,1,0,10,0,0,0,2,0,1,0,0
"QUINDARRIUS JONES","FLORIDA ST",47,38.1,"D",75,56,96.9,NA,3,0,2,149.3,0,1,3.31,43,6,0,1,2,0,1,1,1,1,0,0,NA,0,0,0,1,0,0,1,0,0,0.25,1,1,0,0,0,1,1,0,2,0.667,86,1,0,0,2,0.039,0.667,0.333,0,28.7,0,0,0.333,4,0,3,0,0
"ELIJAH CANNON","KANSAS",28,38.09,"D",56.6,60.9,52.9,55.9,1,1,0,79.2,0,0,0.23,3,-3,0,0,0,1,0,0,1,0,0,0,NA,0,0,0,0,0,0,0,0,0,0.5,0,0,0,0,1,2,1,0,1,1,3,0,0,0,1,0,1,0,0,3,0,0,1,2,0,1,0,0
"DAMARI BROWN","MIAMI FL",55,36.71,"D",49,45.7,69.8,60,2,2,0,58.9,0,3,1.29,16.3,13.8,0,0,0,1,3,0,1,0,0,1,NA,0,0,0,0,0,0,0,0,0,0.333,0,0,0,0,2,6,6,0,3,0.375,49,2,0,0,4,0.079,0.5,0.25,0,6.1,0,0,0.5,3,0,2,0,0
"BRANDON NICHOLSON","STANFORD",47,36.54,"D",63,61.6,65.1,NA,3,1,0,103.1,0,0,1.25,8.8,6,0,0,0,1,1,0,1,0,0,0,NA,0,0,0,0,0,0,0,0,0,0.25,0,0,0,0,1,2,2,0,4,1,35,2,0,0,3,0.036,0.75,0.5,0,8.8,0,0,0.333,4,0,3,0,0
"ANDRE JORDAN JR.","AUBURN",91,36.38,"D",59.5,58.2,65,NA,4,1,0,126.6,1,2,1.71,17.8,15.7,0,0,0,0,3,0,0,1,0,1,NA,0,0,0,0,0,0,0,0,0,0,0,0,0,0,1,5,5,1,5,0.556,89,5,1,0,2,0.058,0.222,0.556,0,9.9,0.111,0,0,4,0,4,0,0
"JAI'MIER SCOTT","WISCONSIN",48,35.78,"D",57.7,55,68.3,NA,5,1,1,113.5,0,1,1.96,15.7,9.5,0,0,5,0,1,0,2,0,0,1,NA,0,0,0,0,0,0,0,0,0,0.286,1,0,0,0,1,3,3,0,3,0.75,47,2,0,0,2,0.042,0.5,0.5,0,11.8,0,0,0.4,7,0,3,0,0
"MIKEY MUNN","RUTGERS",21,35.77,"D",56.6,53.5,64.8,NA,1,0,0,112.5,0,2,3.1,31,33.7,0,0,11,0,1,0,0,1,0,0,NA,0,1,0,0,0,0,0,0,0,0,0,0,0,0,0,1,1,0,1,0.333,31,1,0,0,0,0.1,0,0.333,0,10.3,0,0,0,1,0,0,0,0
"MAX TUCKER","BOSTON COL",47,35.11,"D",46.4,44.9,64.8,NA,4,0,1,87.5,0,0,0.38,5,5,0,1,10,0,0,0,0,0,0,0,NA,0,0,0,0,0,0,0,0,0,0,0,0,0,0,0,5,3,0,1,1,5,1,0,0,1,0,1,1,0,5,0,0,0,4,0,2,0,0
"BO MASCOE","TEXAS",39,34.89,"D",60.6,59.5,63,NA,1,0,0,89.6,0,0,1.05,22,19.5,0,0,0,0,1,0,1,0,0,0,NA,0,0,0,0,0,0,0,0,0,0.5,0,0,0,0,0,2,2,1,1,0.5,22,1,1,0,1,0.048,0.5,0.5,0,11,0.5,0,0.5,2,0,2,0,0
"CHAMS DIAGNE","W VIRGINIA",60,34.83,"D",53.9,51.8,67.7,NA,6,1,0,118.8,0,2,1.11,17,12.3,0,0,8,0,1,0,0,1,0,1,NA,0,0,0,0,0,0,0,0,0,0,0,0,0,0,1,5,5,0,3,0.5,51,3,0,0,3,0.022,0.5,0.5,0,8.5,0,0,0,6,0,3,0,0
"MISUN KELLEY","CLEMSON",37,34.41,"D",54.6,49.7,66.4,60,1,0,0,79.9,0,1,1.07,8,5.3,0,0,12,0,0,0,1,0,0,0,NA,0,0,0,0,0,0,0,0,0,0.5,0,0,0,0,0,2,2,0,2,0.667,16,0,0,0,1,0,0.333,0,0,5.3,0,0,1,2,0,2,0,0
"LEVAR THORNTON JR.","BAYLOR",66,34.01,"D",55.6,57.4,49.3,NA,3,0,1,83.6,0,2,1.54,14.3,16.7,0,1,0,0,2,0,1,0,0,0,NA,0,0,0,0,0,0,0,0,0,0.25,0,0,0,0,0,6,4,1,4,0.571,57,4,0,0,3,0.054,0.429,0.571,0,8.1,0,0,0.25,4,0,4,0,0
"KEVIN LEVY","RUTGERS",59,33.39,"D",60,60.9,56.7,NA,2,0,1,106.3,0,0,0.76,9.5,10,0,0,9.5,0,0,0,1,0,1,0,NA,0,0,0,0,0,0,0,0,0,0.5,1,0,0,0,0,3,2,0,2,1,19,1,0,0,1,0,0.5,0.5,0,9.5,0,0.333,1,4,0,2,0,0
"CHARLIE COMELLA","BOSTON COL",35,33.13,"D",59.9,62.5,53.6,NA,4,0,0,118.8,0,0,1.62,21,16,0,0,12.5,0,1,0,0,0,0,0,NA,0,0,0,0,0,0,0,0,0,0,0,0,0,0,0,2,1,0,1,1,21,1,0,0,1,0.077,1,1,0,21,0,0,0,4,0,2,0,0
"BRYCE WEST","WISCONSIN",46,32.81,"D",51.4,45.2,64.5,71.8,3,1,0,86.8,1,1,2.82,20.7,15.8,0,0,0,0,3,0,1,0,0,1,NA,0,0,0,0,0,0,0,0,0,0.25,0,0,0,0,1,6,6,1,3,0.5,62,2,1,0,4,0.136,0.667,0.333,0,10.3,0.167,0,0.25,4,0,3,1,0
"JAYVON THOMAS","SMU",66,32.79,"D",59.8,60.1,58.6,NA,3,1,0,118.8,0,0,0.55,16,14,0,0,11,1,1,0,1,0,1,0,NA,0,0,0,0,0,0,0,0,0,0.4,0,0,0,0,1,3,2,0,1,1,16,1,0,0,0,0.035,0,1,0,16,0,0.333,0.5,5,0,2,0,0
"PJ WOODLAND","LSU",36,31.85,"D",58.1,62.5,45.3,59.1,2,0,0,118.8,0,0,1.38,14.5,12.5,0,0,0,0,1,0,0,0,0,0,NA,0,0,0,0,0,0,0,0,0,0,0,0,0,0,0,2,1,0,2,1,29,1,0,0,1,0.048,0.5,0.5,0,14.5,0,0,0,2,0,3,0,0
"RASHAD GODFREY JR.","IOWA",29,31.76,"D",46.4,45.6,60.8,NA,1,0,0,85.4,0,1,1,20,22,0,0,0,0,1,0,0,0,0,0,NA,0,0,0,0,0,0,0,0,0,0,0,0,0,0,0,3,3,0,1,0.5,20,1,0,0,0,0.05,0,0.5,0,10,0,0,0,1,0,1,0,0
"ZAMARI STEVENSON","WAKE",40,31.23,"D",60.2,56.5,69.8,60,1,0,1,100,0,0,0.73,8,-2.5,0,0,1,0,1,0,1,0,0,0,NA,0,0,0,0,0,0,0,0,0,0.5,1,0,0,0,0,2,2,0,2,1,16,1,0,0,2,0.045,1,0.5,0,8,0,0,1,2,0,1,0,0
"KHAMANI HUDSON","CAL",23,30.67,"D",53.2,59,46.3,NA,3,0,0,108.3,0,0,1.11,10,0,0,0,15,0,0,0,0,0,1,0,NA,0,0,0,1,0,0,0,0,0,0.25,0,0,0,0,0,3,1,0,1,1,10,1,0,0,1,0,1,1,0,10,0,0.333,0,4,0,1,0,0
"NICK DELOACH JR.","MISSOURI",15,30.46,"D",49.1,55.6,45.6,NA,1,0,0,61.8,0,1,2.88,23,16.7,0,0,0,0,1,0,0,0,1,0,NA,0,0,0,0,0,0,0,0,0,0.5,0,0,0,0,0,3,2,1,1,0.333,23,1,1,0,0,0.125,0,0.333,0,7.7,0.333,1,0,2,0,1,0,0
"BOO CARTER","COLORADO",57,29.87,"D",54,59.4,39.6,NA,2,1,1,106.3,0,1,1.21,17.5,21.3,0,0,0,0,2,0,2,0,2,1,NA,1,0,0,0,0,0,1,0,0,0.667,1,1,0,0,1,6,3,1,2,0.667,35,2,0,0,1,0.069,0.333,0.667,0,11.7,0,0.667,0.667,6,0,4,0,0
"KELVIN HILL","GA TECH",47,29.19,"D",55.1,49,72.2,60,2,0,1,158.3,0,0,1.56,13,6.7,0,0,3.5,0,1,0,0,1,0,0,NA,1,0,0,0,0,0,0,1,0,0,1,1,1,1,0,4,4,1,3,1,39,2,0,0,2,0.04,0.667,0.667,0,13,0,0,0,2,0,0,0,0
"DRE POLLARD","STANFORD",33,28.17,"D",56.8,57.3,57.2,NA,1,0,0,139.6,0,1,1.89,11.3,13.5,0,0,19,0,1,0,0,1,0,0,NA,0,0,0,0,0,0,0,0,0,0,0,0,0,0,0,3,2,1,3,0.75,34,3,0,0,2,0.056,0.5,0.75,0,8.5,0,0,0,1,0,1,0,0
"RAION STRADER","PITTSBURGH",48,27.84,"D",50.6,49.1,62.5,NA,2,0,0,77.8,0,2,1.36,16.3,12.7,0,0,0,0,2,0,1,0,0,0,NA,0,0,0,0,0,0,0,0,0,0.333,0,0,0,0,0,5,5,0,3,0.5,49,2,0,0,4,0.056,0.667,0.333,0,8.2,0,0,0.333,3,0,3,0,0
"JEREMIAH CHARLES","NEBRASKA",28,27.36,"D",50.3,48.2,65.4,58.3,4,1,1,118.8,0,0,5.36,25,10,0,1,6,0,1,0,0,0,0,1,NA,0,0,0,0,0,0,0,0,0,0,0,0,0,0,1,2,2,1,3,1,75,1,0,0,1,0.071,0.333,0.333,0,25,0,0,0,4,0,2,0,0
"LASIAH JACKSON","STANFORD",21,26.99,"D",46.4,41.9,69.5,NA,3,2,0,132.6,0,2,3.64,12.8,15.3,0,0,0,1,1,0,0,1,0,1,NA,0,0,0,0,0,0,0,0,0,0,0,0,0,0,2,4,4,1,4,0.667,51,2,0,0,4,0.071,0.667,0.333,0,8.5,0,0,0,3,0,2,0,0
"JAXSON GATES","MISSOURI",21,25.48,"D",59.5,58.4,61.9,NA,1,1,0,158.3,0,0,2,16,14,0,0,0,0,1,0,0,1,0,1,NA,0,0,0,0,0,0,0,0,0,0,0,0,0,0,1,1,1,0,1,1,16,1,0,0,1,0.125,1,1,0,16,0,0,0,1,0,1,0,0
"KOLLIN LEWIS","OKLA STATE",24,24.82,"D",53.4,50.5,64.9,NA,3,1,1,109.7,0,0,7.09,39,19.3,0,0,4,0,2,0,0,0,0,1,NA,0,0,0,0,0,0,0,0,0,0,1,0,0,0,1,2,2,0,2,0.667,78,2,0,0,1,0.182,0.333,0.667,0,26,0,0,0,3,0,2,0,0
"DOMINICK KELLY","OHIO STATE",22,23.5,"D",51,46.7,69.4,NA,1,0,1,110.4,0,1,3.14,14.7,8,0,0,-4,0,1,0,1,0,0,0,NA,1,0,0,0,0,0,0,0,0,0.5,1,1,0,0,0,3,3,0,3,0.75,44,2,0,0,3,0.071,0.75,0.5,0,11,0,0,1,2,0,1,0,0
"LEROY BRYANT","STANFORD",31,20.9,"D",58,52.8,71.8,NA,3,0,1,154.9,1,0,4.38,14,12.7,0,0,3,0,2,0,1,2,0,0,NA,0,0,0,0,0,0,0,0,0,0.25,1,0,0,0,0,4,4,2,5,0.833,70,4,1,0,4,0.125,0.667,0.667,0,11.7,0.167,0,0.5,4,0,3,0,0
"CARMELO O'NEAL","ALABAMA",16,20.12,"D",50.6,49.2,61.3,NA,NA,0,0,118.8,0,0,4.29,30,30,0,NA,0,NA,1,NA,NA,0,NA,NA,NA,NA,0,0,0,0,0,0,0,0,NA,NA,0,0,0,NA,1,1,0,1,1,30,1,0,0,0,0.143,0,1,0,30,0,NA,NA,NA,0,0,0,0
"EVAN SMITH","DUKE",34,16.14,"F",57.2,56.8,61,59.2,0,0,0,118.8,0,0,1.44,18,0,0,0,0,0,1,0,2,0,0,0,NA,0,0,0,0,0,0,0,0,0,1,0,0,0,0,0,2,2,0,2,1,36,1,0,0,2,0.04,1,0.5,0,18,0,0,1,2,0,2,0,0
"BRANDEN STROZIER","CLEMSON",22,15.92,"F",57.3,56,62.1,NA,2,0,0,158.3,0,0,3.33,30,3,0,0,0,0,1,0,0,1,0,0,NA,0,0,0,0,0,0,0,0,0,0,0,0,0,0,0,1,1,0,1,1,30,1,0,0,1,0.111,1,1,0,30,0,0,0,2,0,1,0,0
"KOBI FOREMAN","OKLA STATE",31,13.26,"F",51.1,53.1,50.5,NA,2,1,0,118.8,0,0,5.38,23.3,2,0,0,0,1,1,0,1,0,1,0,NA,0,0,0,0,0,0,0,0,0,0.5,0,0,0,0,1,3,2,0,3,1,70,1,0,0,3,0.077,1,0.333,0,23.3,0,0.5,0.5,4,0,2,0,0
"AARON GATES","KENTUCKY",41,12.25,"F",56.9,53.7,66.9,60,1,0,0,153.1,0,0,1.8,11.3,8.3,0,0,2,0,2,0,1,1,0,0,NA,0,0,0,0,0,0,0,0,0,0.5,0,0,0,0,0,3,3,0,4,1,45,2,0,0,4,0.08,1,0.5,0,11.3,0,0,1,2,0,1,0,0
"CHARLES BRANTLEY","MICH STATE",19,11.41,"F",29.5,28.5,67.9,NA,1,1,0,109.7,0,1,7,45.5,17.3,1,0,0,1,2,0,0,1,0,0,NA,0,0,0,0,0,0,0,0,0,0,0,0,0,0,1,3,3,0,2,0.667,91,2,0,0,2,0.154,0.667,0.667,0.333,30.3,0,0,0,1,0,1,0,1
"BRYCEN SCOTT","LOUISVILLE",22,9.05,"F",35,32.7,58.7,NA,NA,0,0,118.8,0,0,4,20,18.5,0,NA,0,NA,1,NA,NA,0,NA,NA,NA,NA,0,0,0,0,0,1,0,0,NA,NA,0,0,0,NA,4,3,0,2,1,40,1,0,0,2,0.1,1,0.5,0,20,0,NA,NA,NA,0,0,0,0
"CORIAN GIPSON","CLEMSON",54,2.22,"F",42.9,48.9,31.8,59.2,4,1,0,158.3,0,1,3.34,19.4,14.5,0,0,0,0,3,0,0,1,2,1,NA,0,0,0,0,0,0,0,0,0,0.333,0,0,0,0,1,7,4,0,5,0.833,97,4,0,0,4,0.103,0.667,0.667,0,16.2,0,1,0,6,0,5,0,0
"DANTE LOVETT","UCLA",16,0,"F",43.6,43.9,60,NA,0,0,0,143.8,0,1,6.77,29.3,21.2,0,0,0,0,2,0,1,1,0,0,NA,0,0,0,0,0,0,0,0,0,1,0,0,0,0,0,3,3,1,3,0.6,88,3,1,0,1,0.154,0.2,0.6,0,17.6,0.2,0,1,1,0,1,0,0
