"Name","Team","Defensive.Snaps","Composite_Score","Player_Grade","Position","Season","Conference","Defensive.Grades","Run.Defense.Grade","Pass.Rush.Grade","Coverage.Grade","Batted.Passes","Assistant","Stops","Sacks","NFL.Sacks","Hits","Hurries","Total.Pressures.Generated","Beaten.Defender","Pass.Break.Up","Interception","Forced.Fumble","Fumble.Recovery","Tackle.for.Loss.or.No.Gain","Dropped.Int","Pursuit.Pressure","Unblocked.Pass.Rush","First.Contact","Negative.Plays","Pass.Rush.Plays","Pass.Rush.Win.Percentage","Pass.Rush.Pressure.Percentage","Pass.Rush.Productivity","Run.Defense.Plays","Average.Depth.of.Tackle","Negative.Rush.Defense.Percentage","Positive.Rush.Defense.Percentage","Number.of.Negative.Plays","Coverage.Snaps","Receptions.Allowed","Completion.Percentage.Allowed","Pass.Yards.Allowed","Yards.per.Reception.Allowed","Touchdowns.Allowed","First.Downs.Allowed","Interceptions","Forced.Incompletions","Passer.Rating.Allowed","Receiving.Yards.Allowed.per.Snap","Plays.of.15..Yards.Allowed","Successful.Plays.Percentage","Sacks.per.Throwaway","Open.Targets","Drops...Off.Targets.Receptions.Forced","Total.Negative.Plays","Total.Positive.Plays","X15..Yards.Allowed.Percentage","Percentage.of.Open.Targets","Percentage.of.First.Down.or.Touchdown.Allowed","Interceptions.per.Target.Coverage.Percentage","Receiving.Yards.per.Coverage.Target","Average.Depth.of.Target.per.Coverage","Forced.Incompletion.Percentage","Jersey.Number","Total.Tackles","Missed.Tackle.Percentage","Assist.Tackles","Run.Stop","Run.Tackle.for.Losss.or.No.Gain","Missed.Tackle.Percentage.on.Run.Plays","Tackles.on.Run.Plays","Assist.Tackles.on.Run.Plays","Missed.Tackles.on.Run.Plays","Pass.Stop","Pass.Tackle.for.Loss.or.No.Gain","Pass.Missed.Tackles.Percentage","Total.Tackle.Snaps","Total.Tackles..Sacks...Assists...Sacks...Missed.","Assist.on.Pass.Plays","Tackles.on.Pass.Plays","Missed.Tackles.on.Pass.Plays","Conference_Level","Row_ID","row_id"
"CALEB SANDSTROM","APP STATE",52,100,"A","ED",2026,"Sun Belt",86,65,88.1,60,0,0,3,2,0,1,4,7,0,0,0,1,0,1,0,2,2,3,0,30,0.1,0.233,15,21,0,0,0.048,0,1,0,0,0,0,0,0,0,0,0,0,0,0,0,0,0,0,0,0,0,0,0,0,0,0,41,3,0,0,1,1,0,1,0,0,2,0,0,3,3,0,0,0,"G5",77,77
"ELISHA BALDRIDGE","FIU",31,95.33,"A","ED",2026,"C-USA",90,70.2,87,NA,0,0,3,2,0,0,2,4,1,0,0,2,0,0,0,2,0,4,0,23,0.13,0.174,13,8,3,0,0.25,0,NA,NA,NA,NA,NA,NA,NA,NA,NA,NA,NA,NA,NA,NA,NA,NA,NA,NA,NA,NA,NA,NA,NA,NA,NA,97,3,0,0,1,0,0,1,0,0,2,0,0,3,3,0,0,0,"G5",231,231
"BRETT KARHU","NEW MEXICO",23,92.78,"A","ED",2026,"MWC",91.5,60.6,88,66.1,1,0,2,2,0,2,2,6,0,0,0,1,1,0,0,0,1,2,0,17,0.294,0.353,23.5,5,0,0,0,0,1,0,0,0,0,0,0,0,0,0,0,0,0,0,0,0,0,0,0,0,0,0,0,0,0,45,2,0,0,0,0,0,0,0,0,2,0,0,2,2,0,0,0,"G5",137,137
"KENO JONES","TROY",33,91.76,"A","ED",2026,"Sun Belt",75.2,52.5,71,79.3,0,1,4,2,0,0,0,2,0,0,0,1,0,0,0,2,0,4,3,2,0,0.5,50,14,2,0.143,0.071,2,17,1,1,11,11,0,1,0,0,112.5,0.65,0,0.412,0.5,0,0,1,2,0,0,1,0,11,-4,0,15,6,0,1,1,0,0,1,0,0,2,0,0,6,6,1,2,0,"G5",118,118
"DEEJAY HOLMES JR.","FIU",40,89.99,"A","ED",2026,"C-USA",84.4,67.7,90.6,NA,0,1,4,1,0,2,2,5,1,0,0,1,1,1,0,0,1,4,3,26,0.192,0.192,11.5,14,1.33,0.143,0.357,2,NA,NA,NA,NA,NA,NA,NA,NA,NA,NA,NA,NA,NA,NA,NA,NA,NA,NA,NA,NA,NA,NA,NA,NA,NA,33,5,0.167,1,3,1,0.2,3,1,1,1,0,0,6,6,0,0,0,"G5",81,81
"JOSH ROBERTS","FAU",37,89.14,"A","ED",2026,"The American",80,74,76.1,63.6,0,0,5,1,0,1,1,3,2,0,0,0,0,2,0,1,0,3,1,15,0.267,0.2,13.3,18,0.67,0.056,0.222,1,4,1,1,4,4,0,0,0,0,83.3,1,0,0.75,0,0,0,0,0,0,0,0,0,4,4,0,10,5,0,0,3,2,0,3,0,0,2,0,0,5,5,0,1,0,"G5",196,196
"KYRAN DUHON","TULSA",29,88.52,"A","ED",2026,"The American",92,63.4,91.3,NA,1,0,2,2,0,1,3,6,0,0,0,1,0,0,0,0,0,2,0,21,0.286,0.286,19.1,8,0,0,0,0,NA,NA,NA,NA,NA,NA,NA,NA,NA,NA,NA,NA,NA,NA,NA,NA,NA,NA,NA,NA,NA,NA,NA,NA,NA,0,2,0,0,0,0,0,0,0,0,2,0,0,2,2,0,0,0,"G5",148,148
"IBRAHIM DIAWARA","COAST CAR",25,84.82,"A","ED",2026,"Sun Belt",90,77.2,83.5,NA,0,1,2,1,0,0,4,5,3,0,0,0,0,0,0,0,1,3,2,15,0.467,0.333,20,10,1,0.1,0.5,1,NA,NA,NA,NA,NA,NA,NA,NA,NA,NA,NA,NA,NA,NA,NA,NA,NA,NA,NA,NA,NA,NA,NA,NA,NA,1,3,0.25,1,1,0,0,1,1,0,1,0,0.5,4,4,0,0,1,"G5",142,142
"XAVIER ESQILLION","GA STATE",38,81.29,"A","ED",2026,"Sun Belt",86.3,72.4,82.7,61.7,0,1,2,1,0,2,5,8,1,0,0,0,0,0,0,0,1,3,2,26,0.308,0.308,17.3,7,2,0,0.143,0,4,0,0,0,0,0,0,0,0,0,0,0,0.5,0,0,0,0,0,0,0,0,0,0,0,0,4,3,0.4,1,1,0,0,1,1,0,1,0,0.667,5,5,0,0,2,"G5",119,119
"LAYTON STARKS","BALL ST",16,81.26,"A","ED",2026,"MAC",84,69.4,71.4,70.2,0,0,3,2,0,0,1,3,0,0,0,0,0,1,0,1,1,3,0,11,0.091,0.182,13.6,4,-2,0,0.25,0,1,0,0,0,0,0,0,0,0,0,0,0,1,0,0,0,0,1,0,0,0,0,0,0,0,11,4,0,0,1,1,0,1,0,0,2,0,0,4,4,0,1,0,"G5",156,156
"AUSTIN ALEXANDER","W MICHIGAN",58,78.05,"B","ED",2026,"MAC",82.6,81.2,72.3,NA,1,1,2,0,0,2,1,3,4,0,0,0,1,0,0,1,0,3,0,34,0.176,0.088,4.4,24,1,0,0.25,0,NA,NA,NA,NA,NA,NA,NA,NA,NA,NA,NA,NA,NA,NA,NA,NA,NA,NA,NA,NA,NA,NA,NA,NA,NA,4,3,0,1,2,0,0,2,1,0,0,0,0,3,3,0,0,0,"G5",197,197
"JABRIEL RHODES-NELSON","GA STATE",44,77.26,"B","ED",2026,"Sun Belt",69.7,76.1,61.2,NA,0,0,3,2,0,0,1,3,0,0,0,0,0,2,0,2,0,3,0,35,0.029,0.086,7.1,9,-2,0,0.333,0,NA,NA,NA,NA,NA,NA,NA,NA,NA,NA,NA,NA,NA,NA,NA,NA,NA,NA,NA,NA,NA,NA,NA,NA,NA,1,4,0,0,2,2,0,2,0,0,1,0,0,4,4,0,0,0,"G5",213,213
"MYLES BRADLEY","BOWL GREEN",54,76.6,"B","ED",2026,"MAC",77.5,67.3,77.4,NA,0,0,1,1,0,2,4,7,1,0,0,0,0,0,0,1,0,3,1,28,0.214,0.214,12.5,26,6,0.039,0.077,1,NA,NA,NA,NA,NA,NA,NA,NA,NA,NA,NA,NA,NA,NA,NA,NA,NA,NA,NA,NA,NA,NA,NA,NA,NA,23,2,0,0,0,0,0,1,0,0,1,0,0,2,2,0,0,0,"G5",41,41
"MAX STEGE","BOISE ST",39,75.15,"B","ED",2026,"Pac-12",80.4,77.7,71.6,60,0,1,2,1,0,1,3,5,0,0,0,0,0,1,0,0,1,3,0,18,0.222,0.278,16.7,20,0,0,0.25,0,1,0,0,0,0,0,0,0,0,0,0,0,0,0,0,0,0,0,0,0,0,0,0,0,0,95,3,0,1,1,1,0,1,1,0,1,0,0,3,3,0,0,0,"G5",87,87
"KEVONTAY WELLS","LA MONROE",31,75.06,"B","ED",2026,"Sun Belt",81,77.8,70.6,NA,0,0,3,1,0,0,2,3,1,0,0,0,0,0,0,1,0,8,1,11,0.273,0.273,18.2,20,3.25,0.05,0.3,1,NA,NA,NA,NA,NA,NA,NA,NA,NA,NA,NA,NA,NA,NA,NA,NA,NA,NA,NA,NA,NA,NA,NA,NA,NA,31,5,0,0,2,0,0,4,0,0,1,0,0,5,5,0,0,0,"G5",134,134
"JAIHIEN ROY","KENT STATE",40,74.91,"B","ED",2026,"MAC",87.7,73,68.2,90.9,0,0,3,1,0,2,0,3,0,1,1,0,0,0,1,0,1,5,0,22,0.091,0.136,9.1,15,3,0,0.133,0,3,0,0,0,0,0,0,1,0,0,0,0,0.667,0,0,1,0,1,0,0,0,1,0,6,0,33,5,0,0,2,0,0,3,0,0,1,0,0,5,5,0,1,0,"G5",146,146
"AIDEN BENTON","APP STATE",58,73.99,"B","ED",2026,"Sun Belt",81.7,74.9,71.1,74.5,0,1,3,0,0,0,5,5,2,0,0,0,0,1,0,0,0,6,0,31,0.226,0.161,8.1,27,4.33,0,0.148,0,NA,NA,NA,NA,NA,NA,NA,NA,NA,NA,NA,NA,NA,NA,NA,NA,NA,NA,NA,NA,NA,NA,NA,NA,NA,33,7,0,1,1,0,0,2,1,0,2,1,0,7,7,0,4,0,"G5",143,143
"BEN MARSH","BALL ST",31,72.98,"B","ED",2026,"MAC",90.2,47.8,92,NA,0,0,1,1,0,0,6,7,1,0,0,0,0,0,0,1,1,1,1,24,0.25,0.292,16.7,7,0,0.143,0,1,NA,NA,NA,NA,NA,NA,NA,NA,NA,NA,NA,NA,NA,NA,NA,NA,NA,NA,NA,NA,NA,NA,NA,NA,NA,7,1,0,0,0,0,0,0,0,0,1,0,0,1,1,0,0,0,"G5",91,91
"KENDRICK DUJOUR","E CAROLINA",26,72.48,"B","ED",2026,"The American",63.7,71.3,68.4,44.2,0,1,3,1,0,0,2,3,0,0,0,0,0,1,0,0,1,5,1,8,0.25,0.375,25,13,7.5,0,0.154,0,5,2,1,26,13,0,1,0,0,118.8,5.2,1,0.4,0,0,0,1,0,0.2,0,0.5,0,13,4,0,9,5,0,1,1,1,0,2,1,0,2,0,0,5,5,0,1,0,"G5",28,28
"KIERAN DAVIS","E CAROLINA",33,70.82,"B","ED",2026,"The American",72,73.7,60.7,62.5,0,3,3,1,0,0,2,3,0,0,0,0,0,0,0,1,1,3,1,12,0.083,0.167,12.5,19,1,0.053,0.211,1,2,0,0,0,0,0,0,0,0,0,0,0,1,0,0,0,0,0,0,0,0,0,0,0,0,5,6,0,3,1,0,0,1,2,0,2,0,0,6,6,1,1,0,"G5",98,98
"ESAIA BOGAR","WYOMING",41,70.67,"B","ED",2026,"MWC",85.4,51.9,92.1,NA,2,1,1,1,0,0,0,1,4,0,0,0,0,0,0,0,0,1,3,23,0.217,0.043,4.3,18,0,0.167,0.056,3,NA,NA,NA,NA,NA,NA,NA,NA,NA,NA,NA,NA,NA,NA,NA,NA,NA,NA,NA,NA,NA,NA,NA,NA,NA,11,2,0,1,0,0,0,0,1,0,1,0,0,2,2,0,0,0,"G5",201,201
"BRODY HENDERSON","SM HOUSTON",51,68.37,"B","ED",2026,"C-USA",69.2,71.7,59.6,63.8,0,1,5,1,0,1,0,2,0,0,0,0,0,1,0,0,2,5,2,25,0,0.08,6,23,1,0.087,0.217,2,3,0,0,0,0,0,0,0,0,0,0,0,0.667,0,0,0,0,0,0,0,0,0,0,0,0,3,6,0,1,3,1,0,3,1,0,2,0,0,6,6,0,1,0,"G5",200,200
"BRAYDEN KNOX","N TEXAS",28,67.75,"B","ED",2026,"The American",84.1,69.6,86.8,61.2,0,0,1,1,0,0,3,4,0,0,0,0,0,0,0,1,0,1,1,12,0.25,0.333,20.8,13,0,0,0.154,0,3,0,0,0,0,0,0,0,0,0,0,0,0.333,0,0,0,0,0,0,0,0,0,0,0,0,42,1,0,0,0,0,0,0,0,0,1,0,0,1,1,0,0,0,"G5",188,188
"ANDREW ZOCK","TOLEDO",31,67.48,"B","ED",2026,"MAC",74,76.2,63.9,NA,1,1,4,1,0,1,0,2,0,0,0,0,0,1,0,0,0,2,0,22,0.091,0.091,6.8,9,1,0,0.333,0,NA,NA,NA,NA,NA,NA,NA,NA,NA,NA,NA,NA,NA,NA,NA,NA,NA,NA,NA,NA,NA,NA,NA,NA,NA,0,5,0,1,3,1,0,3,1,0,1,0,0,5,5,0,0,0,"G5",151,151
"JULIEN DAVIS","E CAROLINA",43,66.91,"B","ED",2026,"The American",73.7,77.6,55.1,63.4,0,1,6,0,0,1,0,1,0,0,0,0,0,4,0,0,1,8,1,11,0,0.091,4.5,27,1.14,0.037,0.222,1,5,0,0,0,0,0,0,0,0,0,0,0,0,0,0,0,0,0,0,0,0,0,0,0,0,42,9,0.1,1,6,4,0.111,7,1,1,0,0,0,10,10,0,1,0,"G5",97,97
"DAVID ONUOHA","N TEXAS",37,66.79,"B","ED",2026,"The American",70.7,61.6,73.3,64.2,0,1,2,1,0,2,0,3,0,0,0,0,0,0,0,1,0,4,2,14,0.143,0.214,14.3,17,1,0.118,0.118,2,6,0,0,0,0,0,0,0,0,0,0,0,0.167,0,0,0,0,0,0,0,0,0,0,0,0,10,5,0,1,1,0,0,1,1,0,1,0,0,5,5,0,2,0,"G5",36,36
"BRENTON WILLIAMS","LIBERTY",54,65.99,"B","ED",2026,"C-USA",68.3,61.9,73.7,51.3,0,2,1,1,0,0,2,3,2,0,0,1,0,0,0,0,0,2,2,32,0.156,0.094,6.3,19,0,0.053,0.053,1,3,1,1,19,19,0,1,0,0,118.8,6.33,1,0.667,0,0,0,1,0,0.333,0,1,0,19,14,0,8,4,0,2,0,0,0,0,2,0,1,0,0,4,4,0,1,0,"G5",80,80
"JAY'SHON THOMAS","N ILLINOIS",52,65.94,"B","ED",2026,"MWC",63.7,68.2,64.7,61.5,0,1,3,1,0,1,2,4,0,0,0,0,0,1,0,0,0,2,3,22,0.182,0.182,11.4,29,1.67,0.069,0.069,2,1,1,1,0,0,0,0,0,0,79.2,0,0,1,0,0,0,0,0,0,0,0,0,0,-7,0,18,5,0,1,3,1,0,3,1,0,0,0,0,5,5,0,0,0,"G5",70,70
"TAKARI HICKLE","OREGON ST",55,65.9,"B","ED",2026,"Pac-12",68.9,73.4,64.9,NA,0,1,3,1,0,0,3,4,0,0,0,1,0,1,0,0,0,3,5,27,0.148,0.148,9.3,28,2.5,0.143,0.071,4,NA,NA,NA,NA,NA,NA,NA,NA,NA,NA,NA,NA,NA,NA,NA,NA,NA,NA,NA,NA,NA,NA,NA,NA,NA,44,4,0,1,2,1,0,2,1,0,1,0,0,4,4,0,0,0,"G5",32,32
"JUSTIN STEARNS","S JOSE ST",28,65.33,"B","ED",2026,"MWC",76.5,66,74.4,NA,0,0,1,1,0,0,3,4,2,0,0,0,0,0,0,1,0,1,0,19,0.263,0.211,13.2,9,0,0,0.111,0,NA,NA,NA,NA,NA,NA,NA,NA,NA,NA,NA,NA,NA,NA,NA,NA,NA,NA,NA,NA,NA,NA,NA,NA,NA,57,1,0,0,0,0,0,0,0,0,1,0,0,1,1,0,0,0,"G5",20,20
"ZACH JOHNSON","TOLEDO",25,65.09,"B","ED",2026,"MAC",81.7,65.7,80.8,60,0,0,0,1,0,1,1,3,2,0,0,0,0,0,0,0,0,1,0,16,0.25,0.125,9.4,8,0,0,0.125,0,1,0,0,0,0,0,0,0,0,0,0,0,0,0,0,0,0,1,0,0,0,0,0,0,0,90,1,0,0,0,0,0,0,0,0,0,0,0,1,1,0,0,0,"G5",203,203
"THOMAS DAVIS","TULSA",42,64.96,"B","ED",2026,"The American",73.8,70.8,69.1,61.9,0,0,2,1,0,0,4,5,0,0,0,0,0,1,0,0,2,2,0,27,0.111,0.185,11.1,11,0,0,0.091,0,4,0,0,0,0,0,0,0,0,0,0,0,0.5,0,0,0,0,0,0,0,0,0,0,0,0,15,2,0,0,1,1,0,1,0,0,1,0,0,2,2,0,0,0,"G5",3,3
"JACOB CRUZ","JVILLE ST",56,64.96,"B","ED",2026,"C-USA",73.9,64.2,62.8,79.3,0,1,2,1,0,0,1,2,0,0,0,0,0,0,0,1,0,7,0,20,0.05,0.1,7.5,28,7,0,0,0,8,1,1,14,14,0,0,0,0,118.8,1.75,0,0.375,0,0,0,0,0,0,0,0,0,14,3,0,13,6,0,1,0,0,0,1,0,0,2,0,0,6,6,1,3,0,"G5",60,60
"JAMES WALLEY JR.","UTSA",29,63.16,"B","ED",2026,"The American",68.5,65.6,66.7,62.6,0,2,2,1,0,0,0,1,0,0,0,0,0,1,0,1,0,3,2,5,0,0.2,20,18,2,0.111,0.056,2,6,0,0,0,0,0,0,0,0,0,0,0,0.167,0,0,0,0,0,0,0,0,0,0,0,0,34,5,0,2,1,0,0,1,2,0,1,1,0,4,5,0,1,0,"G5",113,113
"DONNIE SMITH","TROY",45,63.14,"B","ED",2026,"Sun Belt",72.4,70,67.6,63.2,0,0,2,1,0,0,4,5,0,0,0,1,0,0,0,1,0,6,1,22,0.182,0.227,13.6,17,6.33,0,0.118,0,6,0,0,0,0,0,0,0,0,0,0,0,0.167,0,0,0,0,0,0,0,0,0,0,0,0,22,4,0.2,0,1,0,0,3,0,0,1,0,0.5,5,5,0,0,1,"G5",191,191
"MJ STROUD","GA SOUTHRN",48,62.88,"B","ED",2026,"Sun Belt",71.3,73.2,63.1,62.2,1,0,5,0,0,0,2,2,1,0,0,0,0,3,0,1,1,6,0,26,0.039,0.077,3.9,19,0,0,0.158,0,3,0,0,0,0,0,0,0,0,39.6,0,0,0.333,0,0,1,0,0,0,0,0,0,0,-6,0,18,5,0.167,0,4,3,0,4,0,0,1,0,0.5,6,6,0,1,1,"G5",23,23
"MITCHELL TONEY","COAST CAR",30,62.86,"B","ED",2026,"Sun Belt",73.4,62,78.7,60,0,2,1,0,0,1,3,4,2,0,0,0,0,0,0,0,1,3,1,15,0.333,0.267,13.3,15,6.33,0.067,0.133,1,NA,NA,NA,NA,NA,NA,NA,NA,NA,NA,NA,NA,NA,NA,NA,NA,NA,NA,NA,NA,NA,NA,NA,NA,NA,50,5,0.167,2,1,0,0.2,3,1,1,0,0,0,6,6,1,0,0,"G5",73,73
"OBINNA ONWUKA","COAST CAR",15,61.81,"B","ED",2026,"Sun Belt",75.6,58.7,78.9,60,0,0,1,1,0,0,0,1,3,0,0,0,0,0,0,1,0,1,1,8,0.375,0.125,12.5,6,0,0.167,0.5,1,1,0,0,0,0,0,0,0,0,0,0,0,1,0,0,0,0,0,0,0,0,0,0,0,0,93,1,0,0,0,0,0,0,0,0,1,0,0,1,1,0,0,0,"G5",125,125
"TAE FLOYD","JVILLE ST",22,61.64,"B","ED",2026,"C-USA",73.7,69.4,69.4,60,0,1,2,1,0,1,0,2,0,0,0,0,0,1,0,0,0,1,0,8,0.125,0.125,6.3,13,3,0,0.077,0,1,0,0,0,0,0,0,0,0,0,0,0,1,0,0,0,0,1,0,0,0,0,0,0,0,15,4,0,1,1,1,0,2,1,0,1,0,0,4,4,0,0,0,"G5",64,64
"AIDEN LYCZEK","NAVY",61,61.38,"B","ED",2026,"The American",65.6,69.5,57.9,NA,0,0,4,1,0,0,0,1,1,0,0,0,0,2,0,1,0,5,1,33,0.03,0.03,3,28,0.25,0.036,0.107,1,NA,NA,NA,NA,NA,NA,NA,NA,NA,NA,NA,NA,NA,NA,NA,NA,NA,NA,NA,NA,NA,NA,NA,NA,NA,93,5,0,0,3,2,0,4,0,0,1,0,0,5,5,0,0,0,"G5",155,155
"KALEB STEWART","BALL ST",28,61.17,"B","ED",2026,"MAC",66.1,58.2,65.4,65.2,0,0,3,1,0,0,2,3,0,0,0,0,0,0,0,1,2,4,2,4,0,0.25,12.5,7,2.5,0.143,0.143,1,17,0,0,0,0,0,0,0,0,0,0,0,0.412,1,0,0,1,2,0,0,0,0,0,0,0,16,6,0.143,0,2,0,0,2,0,0,1,0,0.2,7,7,0,3,1,"G5",130,130
"TYLIN JACKSON","UAB",57,60.75,"B","ED",2026,"The American",64.2,61,64.1,60,1,0,4,1,0,0,1,2,1,0,0,0,0,1,0,1,1,6,5,23,0.043,0.087,6.5,34,0.5,0.118,0.118,4,NA,NA,NA,NA,NA,NA,NA,NA,NA,NA,NA,NA,NA,NA,NA,NA,NA,NA,NA,NA,NA,NA,NA,NA,NA,17,5,0.167,0,2,1,0.333,2,0,1,2,0,0,6,6,0,2,0,"G5",66,66
"JAYDEN VIRGIN-MORGAN","BOISE ST",42,60.56,"B","ED",2026,"Pac-12",74,89.5,60.4,51.4,0,1,3,0,0,1,3,4,0,0,0,0,0,2,0,0,1,3,2,19,0.105,0.158,7.9,19,-0.67,0,0.368,0,4,0,0,0,0,0,0,0,0,0,0,0,0,0,0,0,1,0,0,0,0,0,0,0,0,5,5,0.167,2,3,2,0,3,2,0,0,0,1,6,6,0,0,1,"G5",43,43
"JACK DUNKLEY","WYOMING",41,60.43,"B","ED",2026,"MWC",70.4,62.8,72,60.1,0,1,2,1,0,1,0,2,1,0,0,0,0,0,0,0,0,3,2,19,0.158,0.105,7.9,20,1,0.1,0.1,2,2,1,1,1,1,0,0,0,0,79.2,0.5,0,0.5,0,0,0,0,0,0,0,0,0,1,-2,0,21,3,0,1,1,0,0,1,1,0,1,0,0,3,3,0,0,0,"G5",115,115
"DEJUAN ECHOLES JR.","W MICHIGAN",28,59.59,"C","ED",2026,"MAC",89.4,63.8,91.1,NA,0,0,0,0,0,0,4,4,2,0,0,0,0,0,0,0,0,0,1,14,0.429,0.286,14.3,14,3,0.071,0.143,1,NA,NA,NA,NA,NA,NA,NA,NA,NA,NA,NA,NA,NA,NA,NA,NA,NA,NA,NA,NA,NA,NA,NA,NA,NA,31,1,0,0,0,0,0,1,0,0,0,0,0,1,1,0,0,0,"G5",17,17
"JAMES JENNETTE","UTAH ST",40,59.42,"C","ED",2026,"Pac-12",62.5,72.2,58.7,53.1,0,1,2,1,0,0,2,3,0,0,0,0,0,0,0,0,3,2,1,18,0,0.167,11.1,14,3,0,0.143,0,8,1,0.5,6,6,0,0,0,0,56.3,0.75,0,0.375,0,0,1,1,0,0,0,0,0,3,15,0,18,3,0,1,0,0,0,0,1,0,2,0,0,3,3,0,1,0,"G5",2,2
"BILLY PULLEN","LA MONROE",29,59.24,"C","ED",2026,"Sun Belt",81.9,69.2,82.3,NA,0,0,1,0,0,1,2,3,2,0,0,0,0,1,0,0,0,1,0,11,0.455,0.273,13.6,18,-3,0,0.111,0,NA,NA,NA,NA,NA,NA,NA,NA,NA,NA,NA,NA,NA,NA,NA,NA,NA,NA,NA,NA,NA,NA,NA,NA,NA,27,1,0,0,1,1,0,1,0,0,0,0,0,1,1,0,0,0,"G5",133,133
"TRACE SCOTT III","DELAWARE",58,58.38,"C","ED",2026,"C-USA",65.1,69.6,57.5,NA,0,1,3,1,0,1,0,2,0,0,0,0,0,1,0,1,0,3,1,32,0.031,0.063,4.7,26,0.5,0.039,0.115,1,NA,NA,NA,NA,NA,NA,NA,NA,NA,NA,NA,NA,NA,NA,NA,NA,NA,NA,NA,NA,NA,NA,NA,NA,NA,33,4,0,1,2,1,0,2,1,0,1,0,0,4,4,0,0,0,"G5",141,141
"BRAD VISLISEL","NEW MEX ST",48,57.87,"C","ED",2026,"C-USA",82.2,72.9,78.6,60,0,1,0,0,0,0,3,3,5,0,0,0,0,0,0,0,0,3,2,31,0.258,0.097,4.8,16,0,0.063,0.313,1,1,0,0,0,0,0,0,0,0,0,0,0,0,0,0,0,0,0,0,0,0,0,0,0,0,8,1,0.5,1,0,0,0,0,1,0,0,0,1,2,2,0,0,1,"G5",74,74
"RONN HARDIN","E MICHIGAN",22,57.1,"C","ED",2026,"MAC",66.7,66.7,59.6,60.6,0,1,3,1,0,0,0,1,0,0,0,0,0,0,0,1,0,5,0,13,0,0.077,7.7,9,4.33,0,0,0,NA,NA,NA,NA,NA,NA,NA,NA,NA,NA,NA,NA,NA,NA,NA,NA,NA,NA,NA,NA,NA,NA,NA,NA,NA,0,7,0,1,1,0,0,3,1,0,2,0,0,7,7,0,2,0,"G5",212,212
"KENYON AGURS","COLO STATE",32,56.74,"C","ED",2026,"Pac-12",63.3,60.4,73.1,49.9,0,1,1,1,0,1,2,4,0,0,0,0,0,0,0,2,1,2,2,14,0.071,0.214,14.3,13,2,0.077,0.154,1,5,0,0,0,0,0,0,0,0,0,0,0,0.2,0,0,0,1,1,0,0,0,0,0,0,0,56,3,0.4,1,1,0,0.333,1,1,1,0,0,0.5,5,5,0,0,1,"G5",88,88
"TURNER SCHMIDT","JAMES MAD",19,56.66,"C","ED",2026,"Sun Belt",80,70.1,74.3,NA,0,0,2,0,0,1,1,2,1,0,0,0,0,1,0,1,0,1,0,12,0.167,0.167,8.3,7,1,0,0.143,0,NA,NA,NA,NA,NA,NA,NA,NA,NA,NA,NA,NA,NA,NA,NA,NA,NA,NA,NA,NA,NA,NA,NA,NA,NA,98,2,0,0,2,1,0,2,0,0,0,0,0,2,2,0,0,0,"G5",140,140
"AIZIK MAHUKA","S JOSE ST",44,55.97,"C","ED",2026,"MWC",69.8,63.6,59.5,74.3,0,1,1,1,0,0,1,2,0,1,0,0,0,0,0,1,1,2,1,21,0,0.048,4.8,11,0,0,0,0,12,0,0,0,0,0,0,0,1,0,0,0,0.25,0,0,0,0,2,0,0,0,0,0,0,0,7,4,0,1,0,0,0,0,0,0,1,0,0,4,4,1,2,0,"G5",178,178
"DYLAN LABARBERA","NEVADA",67,54.86,"C","ED",2026,"MWC",52.3,66.2,59,32.4,0,0,4,0,0,2,2,4,1,0,0,0,0,1,0,2,0,8,8,25,0.12,0.16,8,37,3.29,0.081,0.162,3,5,0,0,0,0,0,0,0,0,39.6,0,0,0.4,0,0,1,2,0,0,0,0,0,0,16,0,32,7,0.222,0,3,1,0,6,0,0,1,0,0.667,9,9,0,1,2,"G5",159,159
"MYLES WILLIAMS","NEVADA",35,54.55,"C","ED",2026,"MWC",73.6,65.5,74.8,64.7,0,2,2,0,0,1,0,1,1,0,0,1,0,0,0,0,1,1,1,13,0.077,0.077,3.9,16,3,0.063,0.125,1,6,0,0,0,0,0,0,0,0,0,0,0,0.167,0,0,0,0,0,0,0,0,0,0,0,0,92,3,0,2,1,0,0,1,1,0,0,0,0,3,3,1,0,0,"G5",9,9
"SPENCER ELLIOTT","HAWAII",23,54.36,"C","ED",2026,"MWC",81.8,62.7,82.5,NA,0,0,0,0,0,1,1,2,3,0,0,0,0,0,0,0,0,0,0,15,0.333,0.133,6.7,8,0,0,0,0,NA,NA,NA,NA,NA,NA,NA,NA,NA,NA,NA,NA,NA,NA,NA,NA,NA,NA,NA,NA,NA,NA,NA,NA,NA,NA,NA,NA,NA,NA,NA,NA,NA,NA,NA,NA,NA,NA,NA,NA,NA,NA,NA,"G5",67,67
"KELTON MCCASLIN","N DAK ST",58,54.23,"C","ED",2026,"MWC",73,59.5,83.6,60.4,0,0,0,0,0,2,3,5,1,0,0,0,0,0,0,0,1,0,4,22,0.227,0.227,11.4,34,0,0.118,0.088,4,NA,NA,NA,NA,NA,NA,NA,NA,NA,NA,NA,NA,NA,NA,NA,NA,NA,NA,NA,NA,NA,NA,NA,NA,NA,NA,NA,NA,NA,NA,NA,NA,NA,NA,NA,NA,NA,NA,NA,NA,NA,NA,NA,"G5",31,31
"TRE'MON HENRY","S ALABAMA",29,53.98,"C","ED",2026,"Sun Belt",74.2,61.9,70.8,71.5,1,0,3,0,0,0,1,1,2,0,0,0,0,0,0,0,1,4,1,12,0.167,0.083,4.2,13,3.5,0.077,0.077,1,4,1,1,3,3,0,0,0,0,79.2,0.75,0,0.75,0,0,0,0,1,0,0,0,0,3,3,0,25,3,0,0,2,0,0,2,0,0,1,0,0,3,3,0,1,0,"G5",112,112
"JEREMIAH TUIILEILA","S JOSE ST",24,53.65,"C","ED",2026,"MWC",66.6,64.9,62.6,60,0,1,1,1,0,0,3,4,0,0,0,0,0,0,0,1,0,1,3,17,0.176,0.235,14.7,7,3,0.143,0.429,1,NA,NA,NA,NA,NA,NA,NA,NA,NA,NA,NA,NA,NA,NA,NA,NA,NA,NA,NA,NA,NA,NA,NA,NA,NA,45,4,0.2,1,0,0,0,1,1,0,1,0,0.333,5,5,0,1,1,"G5",202,202
"OMARI ABOR","AKRON",42,53.26,"C","ED",2026,"MAC",73,69.5,68.7,60,0,0,2,1,0,0,2,3,0,0,0,1,0,0,0,0,0,4,1,28,0.107,0.107,7.1,13,3,0.077,0.308,1,1,0,0,0,0,0,0,0,0,0,0,0,0,0,0,0,0,0,0,0,0,0,0,0,0,56,3,0.25,0,1,0,0.333,2,0,1,1,0,0,4,4,0,0,0,"G5",35,35
"GABE PETERSON","NEW MEX ST",51,51.78,"C","ED",2026,"C-USA",65.3,54.6,68.9,64,0,1,1,0,0,0,2,2,3,0,0,1,0,0,0,0,1,3,2,29,0.138,0.069,3.5,15,7,0.133,0,2,7,1,1,5,5,0,0,0,0,87.5,0.71,0,0.429,0,0,0,0,0,0,0,0,0,5,0,0,16,3,0,1,0,0,0,1,1,0,1,0,0,3,3,0,1,0,"G5",18,18
"CHANDAVIAN BRADLEY","COAST CAR",22,51.38,"C","ED",2026,"Sun Belt",71.7,61.1,74,NA,0,1,0,0,0,0,2,2,3,0,0,0,0,0,0,0,1,1,1,13,0.308,0.154,7.7,9,5,0.111,0.111,1,NA,NA,NA,NA,NA,NA,NA,NA,NA,NA,NA,NA,NA,NA,NA,NA,NA,NA,NA,NA,NA,NA,NA,NA,NA,0,2,0,1,0,0,0,1,1,0,0,0,0,2,2,0,0,0,"G5",94,94
"MALACHI WRICE","WASH STATE",17,51.16,"C","ED",2026,"Pac-12",79.1,74.6,69,61.2,0,0,2,0,0,0,1,1,1,0,0,0,0,1,0,0,0,3,0,7,0.286,0.143,7.1,9,0.5,0,0.333,0,1,0,0,0,0,0,0,0,0,0,0,0,0,0,0,0,0,0,0,0,0,0,0,0,0,84,3,0,0,2,1,0,2,0,0,0,0,0,3,3,0,1,0,"G5",164,164
"TYMERE JACKSON","TEXAS ST",45,50.71,"C","ED",2026,"Pac-12",64.4,56.3,72.7,63.4,0,1,2,0,0,1,3,4,1,0,0,0,0,0,0,0,0,3,3,30,0.167,0.133,6.7,14,3.5,0.143,0.071,2,1,0,0,0,0,0,0,0,0,0,0,0,0,0,0,0,0,0,0,0,0,0,0,0,0,56,5,0,1,1,0,0,2,1,0,1,0,0,5,5,0,2,0,"G5",162,162
"LORENZO PAYNE","LIBERTY",27,49.46,"C","ED",2026,"C-USA",80.9,68.3,79,60,0,0,1,0,0,0,3,3,0,0,0,0,1,1,0,0,0,1,0,17,0.176,0.176,8.8,9,-1,0,0.111,0,1,0,0,0,0,0,0,0,0,0,0,0,0,0,0,0,0,0,0,0,0,0,0,0,0,11,1,0,0,1,1,0,1,0,0,0,0,0,1,1,0,0,0,"G5",226,226
"JACARI BENNETT","BUFFALO",39,49.45,"C","ED",2026,"MAC",73.9,79.3,62.5,60,0,0,2,0,0,0,4,4,0,0,0,0,0,0,0,0,1,1,0,22,0.136,0.182,9.1,16,2.5,0,0.063,0,1,0,0,0,0,0,0,0,0,0,0,0,0,0,0,0,0,0,0,0,0,0,0,0,0,30,2,0,0,2,0,0,2,0,0,0,0,0,2,2,0,0,0,"G5",129,129
"IKE ACKERMAN","OHIO",59,49.08,"C","ED",2026,"MAC",66.9,69.1,58.4,NA,0,5,1,0,0,0,1,1,0,0,0,0,0,1,0,0,0,1,1,25,0.04,0.04,2,34,3.5,0.029,0.059,1,NA,NA,NA,NA,NA,NA,NA,NA,NA,NA,NA,NA,NA,NA,NA,NA,NA,NA,NA,NA,NA,NA,NA,NA,NA,14,7,0,5,1,1,0,2,4,0,0,0,0,7,7,1,0,0,"G5",218,218
"IVAN MOORE JR.","SACRAMENTO",19,48.21,"C","ED",2026,"MAC",80.8,67,80.9,62.7,0,1,0,0,0,0,1,1,1,0,0,0,0,0,0,0,0,3,0,9,0.222,0.111,5.6,8,0,0,0.125,0,NA,NA,NA,NA,NA,NA,NA,NA,NA,NA,NA,NA,NA,NA,NA,NA,NA,NA,NA,NA,NA,NA,NA,NA,NA,11,2,0,1,1,0,0,1,0,0,0,0,0,2,2,1,0,0,"G5",149,149
"JAVEN GIBSON","DOMINION",39,48.07,"C","ED",2026,"Sun Belt",64.2,65.3,59.7,NA,0,0,2,1,0,0,1,2,0,0,0,0,0,1,0,0,1,1,2,22,0.045,0.091,6.8,17,-1,0.118,0.176,2,NA,NA,NA,NA,NA,NA,NA,NA,NA,NA,NA,NA,NA,NA,NA,NA,NA,NA,NA,NA,NA,NA,NA,NA,NA,4,2,0,0,1,1,0,1,0,0,1,0,0,2,2,0,0,0,"G5",189,189
"JO'LAISON LANDRY","TEXAS ST",34,47.63,"C","ED",2026,"Pac-12",76.2,66.6,74.4,NA,0,0,2,0,0,1,3,4,0,0,0,0,0,1,0,0,0,3,2,23,0.174,0.174,8.7,11,2.67,0.091,0.091,1,NA,NA,NA,NA,NA,NA,NA,NA,NA,NA,NA,NA,NA,NA,NA,NA,NA,NA,NA,NA,NA,NA,NA,NA,NA,6,3,0.25,0,2,1,0,3,0,0,0,0,1,4,4,0,0,1,"G5",79,79
"JARED BADIE","BALL ST",23,47.44,"C","ED",2026,"MAC",70.2,64.7,83.5,61.4,0,0,0,0,0,1,2,3,0,0,0,0,0,0,0,0,0,2,2,11,0.273,0.273,13.6,7,0,0,0.143,0,5,1,0.5,13,13,0,1,0,0,70.8,2.6,0,0.2,0,0,1,1,1,0,0,0.5,0,6.5,3,0,31,1,0,0,0,0,0,0,0,0,0,0,0,1,1,0,1,0,"G5",21,21
"UDOKA EZEANI","N TEXAS",21,47.08,"C","ED",2026,"The American",71.2,66.5,67.7,61.4,0,0,1,0,0,0,3,3,1,0,0,0,0,0,0,0,1,1,0,12,0.25,0.25,12.5,6,6,0,0.167,0,3,0,0,0,0,0,0,0,0,0,0,0,0,0,0,0,0,0,0,0,0,0,0,0,0,6,1,0,0,1,0,0,1,0,0,0,0,0,1,1,0,0,0,"G5",13,13
"ROYCE WILSON","UTEP",15,46.1,"C","ED",2026,"MWC",64.3,58.7,67.2,60,0,0,1,1,0,0,0,1,0,0,0,0,0,0,0,0,0,2,1,5,0.2,0.2,20,9,3,0.111,0,1,1,0,0,0,0,0,0,0,0,0,0,0,1,0,0,0,0,0,0,0,0,0,0,0,0,25,2,0,0,1,0,0,1,0,0,0,0,0,2,2,0,0,0,"G5",219,219
"KAI WALLIN","S DIEGO ST",40,46.02,"C","ED",2026,"Pac-12",74,75.8,63.1,60,0,2,1,0,0,0,2,2,0,0,0,0,0,0,0,0,0,2,0,19,0.105,0.105,5.3,20,4,0,0.15,0,1,0,0,0,0,0,0,0,0,0,0,0,1,0,0,0,0,0,0,0,0,0,0,0,0,18,4,0,2,1,0,0,2,2,0,0,0,0,4,4,0,0,0,"G5",101,101
"EZRA ODINJOR","TOLEDO",24,45.08,"C","ED",2026,"MAC",71.1,73.1,62,NA,0,0,2,0,0,1,0,1,1,0,0,0,0,1,0,0,0,2,0,16,0.125,0.063,3.1,8,0,0,0.25,0,NA,NA,NA,NA,NA,NA,NA,NA,NA,NA,NA,NA,NA,NA,NA,NA,NA,NA,NA,NA,NA,NA,NA,NA,NA,2,2,0,0,2,1,0,2,0,0,0,0,0,2,2,0,0,0,"G5",61,61
"QUINCY BYAS","E MICHIGAN",33,45.06,"C","ED",2026,"MAC",62.8,60.9,60.7,62.7,0,1,0,1,0,0,0,1,0,0,0,0,0,0,0,1,0,2,1,12,0,0.083,8.3,17,5,0.059,0,1,4,0,0,0,0,0,0,0,0,0,0,0,0.25,0,0,0,0,0,0,0,0,0,0,0,0,54,3,0,1,0,0,0,1,1,0,0,0,0,3,3,0,0,0,"G5",185,185
"DAHVON FRAZIER","AKRON",41,44.98,"C","ED",2026,"MAC",72.3,76.6,56.7,72.1,0,0,3,0,0,0,1,1,0,0,0,0,1,1,0,0,0,3,0,24,0.042,0.042,2.1,13,0.5,0,0.308,0,4,0,0,0,0,0,0,0,0,39.6,0,0,0.25,0,0,1,0,0,0,0,0,0,0,11,0,16,3,0,0,2,1,0,2,0,0,1,0,0,3,3,0,1,0,"G5",169,169
"MARLIN DEAN","UAB",59,44.91,"C","ED",2026,"The American",51,56.9,64.9,29.7,0,1,1,1,0,1,1,3,0,0,0,0,0,0,0,1,1,2,4,21,0.048,0.143,9.5,35,1,0.057,0.029,2,3,0,0,0,0,0,0,0,0,0,0,0,0,0,0,0,1,0,0,0,0,0,0,0,0,4,3,0.25,1,0,0,0.333,1,1,1,1,0,0,4,4,0,0,0,"G5",11,11
"KADE KOSTUS","BOWL GREEN",39,44.71,"C","ED",2026,"MAC",66.1,68.6,58.8,NA,0,0,1,1,0,0,0,1,0,0,0,0,0,1,0,0,0,1,0,20,0.05,0.05,5,19,0,0,0.053,0,NA,NA,NA,NA,NA,NA,NA,NA,NA,NA,NA,NA,NA,NA,NA,NA,NA,NA,NA,NA,NA,NA,NA,NA,NA,4,2,0,0,1,1,0,1,0,0,0,0,0,2,2,0,0,0,"G5",25,25
"DONNIE WINGATE","WYOMING",18,44.62,"C","ED",2026,"MWC",67.1,59.9,71.5,NA,0,0,1,0,0,1,1,2,1,0,0,0,0,0,0,0,1,1,2,7,0.286,0.286,14.3,11,4,0.182,0.182,2,NA,NA,NA,NA,NA,NA,NA,NA,NA,NA,NA,NA,NA,NA,NA,NA,NA,NA,NA,NA,NA,NA,NA,NA,NA,99,1,0,0,1,0,0,1,0,0,0,0,0,1,1,0,0,0,"G5",5,5
"MIKEY ROSA","JVILLE ST",16,43.54,"C","ED",2026,"C-USA",69.4,71.4,57.8,NA,0,0,3,0,0,0,1,1,0,0,0,0,0,1,0,0,1,3,1,5,0,0.2,10,11,0.67,0.091,0.273,1,NA,NA,NA,NA,NA,NA,NA,NA,NA,NA,NA,NA,NA,NA,NA,NA,NA,NA,NA,NA,NA,NA,NA,NA,NA,45,3,0,0,3,1,0,3,0,0,0,0,0,3,3,0,0,0,"G5",84,84
"JUSTIN THOMAS","BALL ST",20,43.53,"C","ED",2026,"MAC",77.6,71.8,69.9,60,0,0,0,0,0,1,1,2,0,0,0,0,0,0,0,1,0,1,0,13,0.077,0.077,3.9,6,0,0,0.333,0,1,0,0,0,0,0,0,0,0,0,0,0,1,0,0,0,0,0,0,0,0,0,0,0,0,NA,NA,NA,NA,NA,NA,NA,NA,NA,NA,NA,NA,NA,NA,NA,NA,NA,NA,"G5",128,128
"MASON PURHAM","JAMES MAD",23,43.46,"C","ED",2026,"Sun Belt",70.2,70.7,61.4,60,0,1,1,0,0,1,0,1,1,0,0,0,0,0,0,1,0,3,1,10,0.1,0,0,12,1,0.083,0.25,1,1,0,0,0,0,0,0,0,0,0,0,0,0,0,0,0,0,0,0,0,0,0,0,0,0,0,2,0,1,1,0,0,1,1,0,0,0,0,2,2,0,0,0,"G5",230,230
"MUAAZ BYARD","UAB",64,42.56,"C","ED",2026,"The American",56.9,68.6,59.8,46.4,0,3,4,0,0,0,0,0,0,0,0,0,0,0,0,0,0,13,11,1,0,0,0,37,3.67,0.189,0.27,7,26,1,0.5,6,6,0,0,0,0,56.3,0.23,0,0.269,0,0,1,4,0,0,0,0,0,3,8.5,0,35,16,0.273,3,4,0,0.2,9,3,3,0,0,0.429,21,22,0,4,3,"G5",37,37
"MARCUS PATTERSON","KENNESAW",42,42.55,"C","ED",2026,"C-USA",68.4,66.9,56.5,65.6,0,0,2,0,0,0,2,2,0,0,0,0,0,1,0,1,0,4,1,18,0.056,0.111,5.6,24,-1,0.042,0.167,1,NA,NA,NA,NA,NA,NA,NA,NA,NA,NA,NA,NA,NA,NA,NA,NA,NA,NA,NA,NA,NA,NA,NA,NA,NA,6,4,0,0,2,1,0,2,0,0,0,0,0,4,4,0,2,0,"G5",39,39
"FESTUS DAVIES","GA SOUTHRN",31,42.41,"C","ED",2026,"Sun Belt",63.5,65.4,67.7,61.1,0,0,1,0,0,1,2,3,1,0,0,1,0,1,0,2,0,1,1,17,0.118,0.176,8.8,11,-3,0.091,0.091,1,3,0,0,0,0,0,0,0,0,0,0,0,0.667,0,0,0,0,0,0,0,0,0,0,0,0,9,1,0.5,0,1,1,0,1,0,0,0,0,1,2,2,0,0,1,"G5",144,144
"KENTON SIMMONS","FIU",41,42.13,"C","ED",2026,"C-USA",70.5,68.5,60.2,70.9,0,1,3,0,0,0,2,2,0,0,0,0,0,0,0,0,0,2,1,25,0.08,0.08,4,14,3,0.071,0.214,1,2,1,1,4,4,0,0,0,0,83.3,2,0,0.5,0,0,0,0,1,0,0,0,0,4,0,0,5,4,0.2,1,2,0,0.25,2,1,1,1,0,0,5,5,0,1,0,"G5",186,186
"GIAN CARTER","W MICHIGAN",24,41.81,"C","ED",2026,"MAC",74.3,72.3,64.9,61.1,0,0,0,0,0,0,1,1,1,0,0,0,1,0,0,0,0,1,0,10,0.2,0.1,5,13,0,0,0.154,0,1,1,1,10,10,0,1,0,0,108.3,10,0,0,0,0,0,0,0,0,0,1,0,10,3,0,7,1,0,0,0,0,0,0,0,0,0,0,0,1,1,0,1,0,"G5",220,220
"JARREL COMER","OREGON ST",34,41.41,"C","ED",2026,"Pac-12",81.8,66.6,53.3,90.7,0,1,2,0,0,0,0,0,0,0,0,1,0,0,0,0,0,1,2,11,0,0,0,13,1.5,0.154,0.231,2,10,1,1,4,4,0,0,0,0,83.3,0.4,0,0.4,0,0,0,0,0,0,0,0,0,4,4,0,18,4,0,2,2,0,0,2,1,0,0,0,0,4,4,1,0,0,"G5",228,228
"DYLAN BROOKS","MO STATE",16,41.37,"C","ED",2026,"C-USA",72.8,63.9,68.2,60.5,1,0,1,0,0,1,1,2,0,0,0,0,0,0,0,0,1,0,0,11,0.091,0.182,9.1,3,1,0,0.333,0,2,0,0,0,0,0,0,0,0,0,0,0,0.5,0,0,0,0,0,0,0,0,0,0,0,0,49,1,0,0,1,0,0,1,0,0,0,0,0,1,1,0,0,0,"G5",10,10
"JAHZON JACKS","FRESNO ST",31,40.97,"C","ED",2026,"Pac-12",60,67.6,61.2,60,1,1,0,0,0,1,0,1,1,0,0,0,0,0,0,1,0,1,1,17,0.059,0.059,2.9,13,7,0,0.077,0,1,0,0,0,0,0,0,0,0,0,0,0,1,0,0,0,0,0,0,0,0,0,0,0,0,6,2,0,1,0,0,0,1,1,0,0,0,0,2,2,0,0,0,"G5",44,44
"REGGIE JOHNSON","MIDDLE TN",36,40.96,"C","ED",2026,"C-USA",61.4,71.3,61.7,42.7,0,0,2,0,0,0,2,2,0,0,0,0,0,2,0,0,0,2,1,15,0.133,0.133,6.7,18,-0.5,0,0.111,0,3,0,0,0,0,0,0,0,0,0,0,0,0.333,0,0,0,1,0,0,0,0,0,0,0,0,46,2,0,0,2,2,0,2,0,0,0,0,0,2,2,0,0,0,"G5",157,157
"JALEN CHARLES","NEW MEXICO",20,40.9,"C","ED",2026,"MWC",68.6,69.2,60.6,NA,0,0,1,0,0,1,1,2,0,0,0,0,0,1,0,0,2,1,0,10,0,0.2,10,10,-4,0,0.1,0,NA,NA,NA,NA,NA,NA,NA,NA,NA,NA,NA,NA,NA,NA,NA,NA,NA,NA,NA,NA,NA,NA,NA,NA,NA,22,1,0,0,1,1,0,1,0,0,0,0,0,1,1,0,0,0,"G5",179,179
"KAVEN CALL","MIDDLE TN",43,40.85,"C","ED",2026,"C-USA",68.7,69.3,61.7,62.6,0,1,2,0,0,0,2,2,0,0,0,0,0,0,0,0,0,3,0,17,0.118,0.118,5.9,22,2,0,0.045,0,4,0,0,0,0,0,0,0,0,0,0,0,0.75,0,0,0,0,0,0,0,0,0,0,0,0,44,3,0,1,2,0,0,2,1,0,0,0,0,3,3,0,0,0,"G5",93,93
"ZION TAYLOR","SM HOUSTON",25,40.78,"C","ED",2026,"C-USA",59.6,54.5,62.9,NA,0,0,1,1,0,0,1,2,0,0,0,0,0,0,0,1,0,3,1,17,0.059,0.118,8.8,8,0,0.125,0.125,1,NA,NA,NA,NA,NA,NA,NA,NA,NA,NA,NA,NA,NA,NA,NA,NA,NA,NA,NA,NA,NA,NA,NA,NA,NA,28,1,0,0,0,0,0,0,0,0,1,0,0,1,1,0,0,0,"G5",126,126
"MICHAEL FLOYDE","LIBERTY",25,40.5,"C","ED",2026,"C-USA",70,69.2,63.7,NA,0,0,1,0,0,2,2,4,0,0,0,0,0,1,0,0,0,3,1,12,0.333,0.333,16.7,13,-3,0,0.154,0,NA,NA,NA,NA,NA,NA,NA,NA,NA,NA,NA,NA,NA,NA,NA,NA,NA,NA,NA,NA,NA,NA,NA,NA,NA,91,1,0.5,0,1,1,0,1,0,0,0,0,1,2,2,0,0,1,"G5",227,227
"JAEDEN CALENDER","LA MONROE",40,40.41,"C","ED",2026,"Sun Belt",66.5,65.1,63.4,61.2,0,1,0,0,0,1,0,1,0,0,0,0,0,0,0,1,0,1,1,7,0,0.143,7.1,30,9.5,0.033,0.1,1,3,0,0,0,0,0,0,0,0,0,0,0,0.333,0,0,0,0,0,0,0,0,0,0,0,0,9,3,0,1,0,0,0,2,1,0,0,0,0,3,3,0,0,0,"G5",158,158
"JEREMY NABORNE-OWENS","NEVADA",68,40.21,"C","ED",2026,"MWC",50.4,62.8,56.4,41.5,0,2,2,0,0,0,1,1,0,0,0,0,0,0,0,1,0,9,10,5,0,0,0,37,7.4,0.108,0.081,4,26,4,0.571,67,16.8,1,2,0,0,129.2,2.58,2,0.231,0,0,3,5,1,0.077,0,0.286,0,9.6,8,0,1,9,0.25,2,1,0,0,4,1,0,1,0,0.429,12,12,1,3,3,"G5",210,210
"MAVERICK NOONAN","FRESNO ST",28,40.09,"C","ED",2026,"Pac-12",62.5,62.8,59.1,NA,0,3,1,0,0,0,0,0,1,0,0,0,0,1,0,0,0,3,3,10,0.1,0,0,18,2.5,0.167,0.222,3,NA,NA,NA,NA,NA,NA,NA,NA,NA,NA,NA,NA,NA,NA,NA,NA,NA,NA,NA,NA,NA,NA,NA,NA,NA,95,5,0,3,1,1,0,2,3,0,0,0,0,5,5,0,0,0,"G5",63,63
"JOSH SAGAPOLUTELE","HAWAII",43,39.68,"D","ED",2026,"MWC",66.6,59.9,67.7,60,0,1,1,0,0,0,1,1,2,0,0,0,0,0,0,0,0,2,3,26,0.115,0.039,1.9,17,4.5,0.176,0.176,3,NA,NA,NA,NA,NA,NA,NA,NA,NA,NA,NA,NA,NA,NA,NA,NA,NA,NA,NA,NA,NA,NA,NA,NA,NA,91,4,0.2,1,1,0,0.25,2,1,1,0,0,0,5,5,0,1,0,"G5",104,104
"KAVION HENDERSON","TROY",36,39.65,"D","ED",2026,"Sun Belt",55.5,73.6,44.4,NA,0,0,2,0,0,0,5,5,0,0,0,0,0,1,0,4,0,3,2,25,0.04,0.2,10,11,-1.5,0,0.273,0,NA,NA,NA,NA,NA,NA,NA,NA,NA,NA,NA,NA,NA,NA,NA,NA,NA,NA,NA,NA,NA,NA,NA,NA,NA,25,2,0.5,0,2,1,0,2,0,0,0,0,1,4,4,0,0,2,"G5",135,135
"ELIJAH KINSLER","MEMPHIS",46,39.53,"D","ED",2026,"The American",67,63.6,55.2,77,0,2,2,0,0,0,0,0,1,0,0,0,0,1,0,0,0,4,3,21,0.048,0,0,25,3.8,0.08,0.12,2,NA,NA,NA,NA,NA,NA,NA,NA,NA,NA,NA,NA,NA,NA,NA,NA,NA,NA,NA,NA,NA,NA,NA,NA,NA,15,7,0.125,2,2,1,0.125,5,2,1,0,0,0,8,8,0,0,0,"G5",124,124
"DANNY ROYSTER","JAMES MAD",19,39.36,"D","ED",2026,"Sun Belt",63.6,67.3,55.3,60.7,0,0,2,0,0,0,1,1,0,0,0,0,0,1,0,0,1,3,1,7,0,0.143,7.1,8,-1,0,0.125,0,4,2,1,12,6,0,1,0,0,91.7,3,0,0.25,0,0,0,1,1,0,0,0.5,0,6,1,0,17,3,0,0,1,1,0,1,0,0,1,0,0,3,3,0,2,0,"G5",40,40
"MAVERICK GRACIO","BALL ST",15,39.18,"D","ED",2026,"MAC",74.5,78.1,56.7,60,0,2,1,0,0,0,0,0,0,0,0,0,0,0,0,0,0,1,0,8,0,0,0,6,4,0,0.5,0,1,0,0,0,0,0,0,0,0,0,0,0,0,0,0,0,0,0,0,0,0,0,0,0,0,39,3,0,2,1,0,0,1,2,0,0,0,0,3,3,0,0,0,"G5",100,100
"SIONE NOA","FRESNO ST",24,38.75,"D","ED",2026,"Pac-12",74,73,58,71.2,0,1,1,0,0,0,0,0,1,0,0,0,0,0,0,0,0,1,0,15,0.067,0,0,8,1,0,0.25,0,1,0,0,0,0,0,0,0,0,0,0,0,0,0,0,0,0,0,0,0,0,0,0,0,0,54,2,0,1,1,0,0,1,0,0,0,0,0,2,2,1,0,0,"G5",45,45
"BRADY NASSAR","S DIEGO ST",42,38.69,"D","ED",2026,"Pac-12",68.1,65.3,65.7,NA,1,0,0,0,0,0,2,2,1,0,0,0,0,0,0,0,1,0,2,21,0.095,0.095,4.8,21,0,0.095,0.143,2,NA,NA,NA,NA,NA,NA,NA,NA,NA,NA,NA,NA,NA,NA,NA,NA,NA,NA,NA,NA,NA,NA,NA,NA,NA,NA,NA,NA,NA,NA,NA,NA,NA,NA,NA,NA,NA,NA,NA,NA,NA,NA,NA,"G5",105,105
"AIDAN BUTTS","MIDDLE TN",32,38.49,"D","ED",2026,"C-USA",71.8,71.2,64.3,NA,0,0,0,0,0,0,1,1,1,0,0,1,0,0,0,0,0,2,0,14,0.143,0.071,3.6,18,0,0,0.111,0,NA,NA,NA,NA,NA,NA,NA,NA,NA,NA,NA,NA,NA,NA,NA,NA,NA,NA,NA,NA,NA,NA,NA,NA,NA,NA,NA,NA,NA,NA,NA,NA,NA,NA,NA,NA,NA,NA,NA,NA,NA,NA,NA,"G5",127,127
"NICK WATSON","FIU",30,38.39,"D","ED",2026,"C-USA",66.4,63,63.7,60,0,0,0,0,0,0,2,2,1,0,0,0,0,0,0,0,0,0,0,22,0.136,0.091,4.5,8,14,0,0,0,NA,NA,NA,NA,NA,NA,NA,NA,NA,NA,NA,NA,NA,NA,NA,NA,NA,NA,NA,NA,NA,NA,NA,NA,NA,16,1,0,0,0,0,0,1,0,0,0,0,0,1,1,0,0,0,"G5",103,103
"DYLAN HAMPSTEN","FRESNO ST",30,38.38,"D","ED",2026,"Pac-12",64.6,71,55.4,60,0,1,2,0,0,0,0,0,1,0,0,0,0,1,0,0,0,3,1,19,0.053,0,0,10,0,0.1,0.2,1,1,0,0,0,0,0,0,0,0,0,0,0,0,0,0,0,0,0,0,0,0,0,0,0,0,11,3,0,1,2,1,0,2,1,0,0,0,0,3,3,0,0,0,"G5",95,95
"BRAYDIN WARD","MARSHALL",28,38.29,"D","ED",2026,"Sun Belt",63.4,72,61.9,60,0,1,1,0,0,0,2,2,0,0,0,0,0,0,0,0,0,1,1,21,0.095,0.095,4.8,7,1,0.143,0.286,1,NA,NA,NA,NA,NA,NA,NA,NA,NA,NA,NA,NA,NA,NA,NA,NA,NA,NA,NA,NA,NA,NA,NA,NA,NA,58,3,0,1,1,0,0,2,0,0,0,0,0,3,3,1,0,0,"G5",111,111
"DJ WARNER","WASH STATE",59,37.92,"D","ED",2026,"Pac-12",62,62.3,59.1,61.2,0,3,1,0,0,0,0,0,0,0,0,0,0,0,0,0,0,4,5,1,0,0,0,26,4.25,0.154,0.077,4,32,0,0,0,0,0,0,0,0,39.6,0,0,0.219,0,0,1,1,0,0,0,0,0,0,18,0,15,7,0,3,1,0,0,4,2,0,0,0,0,7,7,1,0,0,"G5",170,170
"SEDRICK VESSAH","BUFFALO",33,37.86,"D","ED",2026,"MAC",68.2,71,60.9,NA,0,0,0,0,0,0,3,3,0,0,0,0,0,0,0,1,0,0,0,20,0.1,0.15,7.5,13,0,0,0,0,NA,NA,NA,NA,NA,NA,NA,NA,NA,NA,NA,NA,NA,NA,NA,NA,NA,NA,NA,NA,NA,NA,NA,NA,NA,NA,NA,NA,NA,NA,NA,NA,NA,NA,NA,NA,NA,NA,NA,NA,NA,NA,NA,"G5",145,145
"IAN MITCHELL","JVILLE ST",15,37.79,"D","ED",2026,"C-USA",70.9,67.3,65.8,NA,0,0,1,0,0,0,1,1,0,0,0,0,0,1,0,0,0,1,0,4,0.25,0.25,12.5,11,0,0,0.091,0,NA,NA,NA,NA,NA,NA,NA,NA,NA,NA,NA,NA,NA,NA,NA,NA,NA,NA,NA,NA,NA,NA,NA,NA,NA,53,1,0,0,1,1,0,1,0,0,0,0,0,1,1,0,0,0,"G5",215,215
"WARREN ROBERTS JR.","TULANE",26,37.63,"D","ED",2026,"The American",68.4,68.5,60.7,62.1,0,1,1,0,0,0,0,0,1,0,0,0,0,0,0,0,0,1,1,12,0.083,0,0,12,4,0.083,0.25,1,2,0,0,0,0,0,0,0,0,0,0,0,0.5,0,0,0,0,0,0,0,0,0,0,0,0,40,3,0,1,1,0,0,1,1,0,0,0,0,3,3,0,1,0,"G5",192,192
"AUSTIN CHAMBERS","SACRAMENTO",27,37.42,"D","ED",2026,"MAC",69.2,70.8,60.2,NA,0,0,1,0,0,1,0,1,0,0,0,0,0,0,0,0,1,2,0,15,0,0.067,3.3,12,4,0,0.083,0,NA,NA,NA,NA,NA,NA,NA,NA,NA,NA,NA,NA,NA,NA,NA,NA,NA,NA,NA,NA,NA,NA,NA,NA,NA,90,1,0,0,1,0,0,1,0,0,0,0,0,1,1,0,0,0,"G5",174,174
"CURLEE THOMAS IV","N TEXAS",30,37.18,"D","ED",2026,"The American",70.3,72,61,60.3,0,1,1,0,0,0,1,1,0,0,0,0,0,0,0,0,0,3,1,12,0.083,0.083,4.2,15,1.5,0.067,0.2,1,3,0,0,0,0,0,0,0,0,0,0,0,0.333,0,0,0,0,0,0,0,0,0,0,0,0,98,3,0,1,1,0,0,2,1,0,0,0,0,3,3,0,0,0,"G5",22,22
"CHRIS FORBES","DOMINION",42,36.99,"D","ED",2026,"Sun Belt",69.2,63.9,69.8,NA,0,1,0,0,0,1,0,1,2,0,0,0,1,0,0,0,0,0,2,21,0.143,0.048,2.4,21,0,0.095,0.191,2,NA,NA,NA,NA,NA,NA,NA,NA,NA,NA,NA,NA,NA,NA,NA,NA,NA,NA,NA,NA,NA,NA,NA,NA,NA,90,1,0.5,1,0,0,0.5,0,1,1,0,0,0,2,2,0,0,0,"G5",160,160
"KOURI CRUMP","W MICHIGAN",18,36.93,"D","ED",2026,"MAC",72,72.8,NA,65.6,0,0,1,0,0,0,0,0,0,0,0,0,0,0,0,0,0,4,0,NA,NA,NA,NA,10,4.67,0,0.1,0,8,0,0,0,0,0,0,0,0,0,0,0,0.25,0,0,0,0,0,0,0,0,0,0,0,0,26,4,0,0,1,0,0,3,0,0,0,0,0,4,4,0,1,0,"G5",30,30
"ASHTON MOSLEY","USF",27,36.88,"D","ED",2026,"The American",56.3,52.8,64.4,60.3,0,1,2,0,0,0,2,2,0,0,0,0,0,0,0,0,1,2,2,6,0.167,0.333,16.7,19,3.5,0.105,0,2,2,0,0,0,0,0,0,0,0,0,0,0,0.5,0,0,0,0,0,0,0,0,0,0,0,0,33,3,0,1,2,0,0,2,1,0,0,0,0,3,3,0,0,0,"G5",122,122
"FAWZY OMOTOSO","N ILLINOIS",15,36.68,"D","ED",2026,"MWC",71.8,71.9,61.7,60,0,1,1,0,0,0,1,1,0,0,0,0,0,1,0,0,0,1,0,9,0.111,0.111,5.6,5,-6,0,0.4,0,1,0,0,0,0,0,0,0,0,0,0,0,1,0,0,0,0,0,0,0,0,0,0,0,0,93,2,0,1,1,1,0,1,1,0,0,0,0,2,2,0,0,0,"G5",217,217
"SHAKU SANGARIE","CHARLOTTE",17,36.43,"D","ED",2026,"The American",68.2,67.6,61.8,NA,0,0,0,0,0,1,0,1,0,0,0,0,0,0,0,0,1,1,0,10,0,0.1,5,7,5.5,0,0.143,0,NA,NA,NA,NA,NA,NA,NA,NA,NA,NA,NA,NA,NA,NA,NA,NA,NA,NA,NA,NA,NA,NA,NA,NA,NA,55,2,0,0,0,0,0,1,0,0,0,0,0,2,2,0,1,0,"G5",114,114
"KEI'TRONE SIMPSON","JAMES MAD",22,36.39,"D","ED",2026,"Sun Belt",61.5,56.5,64.8,60.4,0,1,2,0,0,0,0,0,2,0,0,0,0,0,0,0,0,0,1,11,0.182,0,0,9,2,0.111,0.111,1,2,0,0,0,0,0,0,0,0,0,0,0,1,0,0,0,0,0,0,0,0,0,0,0,0,9,3,0,1,2,0,0,2,1,0,0,0,0,3,3,0,0,0,"G5",117,117
"DJIBRIL RAHMAN","S DIEGO ST",40,36.35,"D","ED",2026,"Pac-12",67.8,65.8,55.5,69.5,0,0,1,0,0,0,2,2,0,0,0,0,0,0,0,1,1,2,0,17,0,0.118,5.9,20,0,0,0,0,3,0,0,0,0,0,0,0,0,0,0,0,1,0,0,0,0,0,0,0,0,0,0,0,0,45,2,0,0,0,0,0,0,0,0,1,0,0,2,2,0,2,0,"G5",102,102
"JORDAN PENDLETON","UTAH ST",31,36.3,"D","ED",2026,"Pac-12",57.9,59.9,63.4,51.8,0,2,0,0,0,1,1,2,0,0,0,0,0,0,0,0,1,1,2,15,0.067,0.133,6.7,9,0,0.111,0,1,7,2,1,12,6,0,0,0,0,91.7,1.71,0,0,0,0,0,1,0,0,0,0,0,6,1.5,0,17,2,0,2,0,0,0,0,2,0,0,0,0,2,2,0,0,0,"G5",57,57
"MATTHEW STENBROTEN","N DAK ST",56,36.24,"D","ED",2026,"MWC",60.2,52.2,68.3,61.8,0,0,2,0,0,1,3,4,0,0,0,0,0,0,0,0,0,1,5,21,0.191,0.191,9.5,33,4,0.152,0.061,5,NA,NA,NA,NA,NA,NA,NA,NA,NA,NA,NA,NA,NA,NA,NA,NA,NA,NA,NA,NA,NA,NA,NA,NA,NA,11,3,0.25,0,2,0,0.333,2,0,1,0,0,0,3,4,0,1,0,"G5",175,175
"ELIJAH BALDWIN","UTSA",19,36.19,"D","ED",2026,"The American",68.4,70.3,56.5,62.3,0,1,2,0,0,0,0,0,0,0,0,0,0,0,0,0,0,3,0,3,0,0,0,12,5.67,0,0.083,0,4,0,0,0,0,0,0,0,0,0,0,0,0.25,0,0,0,0,0,0,0,0,0,0,0,0,32,4,0,1,2,0,0,3,1,0,0,0,0,4,4,0,0,0,"G5",147,147
"NATE LEWIS","S JOSE ST",19,35.9,"D","ED",2026,"MWC",68.4,69.4,60.4,NA,0,0,0,0,0,1,0,1,0,0,0,0,0,0,0,0,1,0,0,11,0,0.091,4.5,8,8,0,0.125,0,NA,NA,NA,NA,NA,NA,NA,NA,NA,NA,NA,NA,NA,NA,NA,NA,NA,NA,NA,NA,NA,NA,NA,NA,NA,99,1,0,0,0,0,0,1,0,0,0,0,0,1,1,0,0,0,"G5",8,8
"AUSTIN STIEF","BALL ST",19,35.82,"D","ED",2026,"MAC",67.2,66.8,61.5,NA,1,1,0,0,0,1,0,1,0,0,0,0,0,0,0,1,0,0,0,13,0,0.077,3.9,6,0,0,0.167,0,NA,NA,NA,NA,NA,NA,NA,NA,NA,NA,NA,NA,NA,NA,NA,NA,NA,NA,NA,NA,NA,NA,NA,NA,NA,10,1,0,1,0,0,0,0,1,0,0,0,0,1,1,0,0,0,"G5",223,223
"JAH'RIE GARNER","TULANE",52,35.71,"D","ED",2026,"The American",60.8,61.7,56.3,63.1,0,2,1,0,0,0,0,0,1,0,0,0,0,0,0,0,0,4,3,24,0.042,0,0,23,2,0.13,0.217,3,5,1,1,5,5,0,0,0,0,87.5,1,0,0.2,0,0,0,0,0,0,0,0,0,5,-4,0,48,4,0,2,1,0,0,1,2,0,0,0,0,4,4,0,1,0,"G5",59,59
"CAMRON COOPER","UTSA",36,35.47,"D","ED",2026,"The American",69.8,69.8,54.8,72,0,1,2,0,0,0,0,0,0,0,0,0,0,0,0,0,0,1,0,16,0,0,0,15,4,0,0.067,0,5,0,0,0,0,0,0,0,0,0,0,0,0.2,0,0,0,0,1,0,0,0,0,0,0,0,1,4,0,1,1,0,0,2,1,0,1,0,0,4,4,0,1,0,"G5",26,26
"MICHAEL WILLIAMS II","USF",30,34.69,"D","ED",2026,"The American",62.6,55.7,55.4,60,0,2,1,0,0,0,0,0,0,0,0,1,0,1,0,0,0,0,3,8,0,0,0,22,11.5,0.136,0.091,3,NA,NA,NA,NA,NA,NA,NA,NA,NA,NA,NA,NA,NA,NA,NA,NA,NA,NA,NA,NA,NA,NA,NA,NA,NA,4,4,0,2,1,1,0,2,2,0,0,0,0,4,4,0,0,0,"G5",33,33
"REEVES BALLER","NEW MEX ST",16,34.64,"D","ED",2026,"C-USA",75.2,71,56.2,70.9,0,1,1,0,0,0,0,0,0,0,0,0,0,0,0,0,0,1,0,8,0,0,0,6,0,0,0.333,0,2,1,1,4,4,0,0,0,0,83.3,2,0,0,0,0,0,0,1,0,0,0,0,4,-2,0,99,2,0,1,0,0,0,0,1,0,1,0,0,2,2,0,1,0,"G5",86,86
"SHAMAR MEIKLE","USF",18,34.55,"D","ED",2026,"The American",60.3,68.4,60,53,0,0,2,0,0,0,0,0,0,0,0,0,0,1,0,0,0,0,1,1,0,0,0,15,3.33,0,0.067,0,2,1,1,9,9,0,0,0,0,104.2,4.5,0,0,0,0,0,1,0,0,0,0,0,9,9,0,10,3,0,0,2,1,0,3,0,0,0,0,0,3,3,0,0,0,"G5",173,173
"PRIEST ASHE","LA LAFAYET",29,34.3,"D","ED",2026,"Sun Belt",57,57.9,55,60.6,0,2,1,0,0,0,1,1,0,0,0,0,0,1,0,0,1,3,3,12,0,0.083,4.2,15,3.33,0.2,0.133,3,2,0,0,0,0,0,0,0,0,0,0,0,0.5,0,0,0,0,0,0,0,0,0,0,0,0,0,5,0,2,1,1,0,3,2,0,0,0,0,5,5,0,0,0,"G5",182,182
"JAYLON JOSEPH","TEMPLE",26,34.14,"D","ED",2026,"The American",64.7,61.8,61.9,63.4,0,0,0,0,0,0,2,2,0,0,0,0,0,0,0,1,0,0,1,9,0.111,0.222,11.1,11,0,0.091,0.182,1,6,1,1,4,4,0,1,0,0,83.3,0.67,0,0.167,0,0,0,0,0,0,0,1,0,4,1,0,10,1,0,0,0,0,0,0,0,0,0,0,0,1,1,0,1,0,"G5",76,76
"LINUS ZUNK","WASH STATE",41,34.03,"D","ED",2026,"Pac-12",64.7,70.4,56.7,NA,0,1,1,0,0,0,0,0,1,0,0,0,0,1,0,0,0,1,0,26,0.039,0,0,15,-3,0,0.067,0,NA,NA,NA,NA,NA,NA,NA,NA,NA,NA,NA,NA,NA,NA,NA,NA,NA,NA,NA,NA,NA,NA,NA,NA,NA,6,2,0,1,1,1,0,1,1,0,0,0,0,2,2,0,0,0,"G5",52,52
"MERHAUTI XEPERA","FRESNO ST",31,34.02,"D","ED",2026,"Pac-12",64.6,66.4,62.7,59.2,0,0,0,0,0,1,0,1,1,0,0,0,0,0,0,0,0,0,0,17,0.118,0.059,2.9,13,0,0,0.077,0,1,0,0,0,0,0,0,0,0,0,0,0,1,0,0,0,0,0,0,0,0,0,0,0,0,NA,NA,NA,NA,NA,NA,NA,NA,NA,NA,NA,NA,NA,NA,NA,NA,NA,NA,"G5",46,46
"BRANDON GORHAM","DELAWARE",51,33.96,"D","ED",2026,"C-USA",64.1,73.2,57.6,49.8,0,1,0,0,0,0,1,1,1,0,0,0,0,0,0,0,0,3,1,23,0.087,0.043,2.2,26,6,0,0.115,0,2,1,1,6,6,0,0,0,0,91.7,3,0,0,0,0,0,0,0,0,0,0,0,6,1,0,3,4,0.333,1,0,0,0,2,1,0,0,0,0.667,6,6,0,1,2,"G5",211,211
"UGONNA NWOHA","KENNESAW",30,33.38,"D","ED",2026,"C-USA",65.9,65.8,61,NA,0,0,1,0,0,1,0,1,0,0,0,0,0,1,0,0,0,1,1,11,0.091,0.091,4.5,19,-2,0.053,0.105,1,NA,NA,NA,NA,NA,NA,NA,NA,NA,NA,NA,NA,NA,NA,NA,NA,NA,NA,NA,NA,NA,NA,NA,NA,NA,55,1,0,0,1,1,0,1,0,0,0,0,0,1,1,0,0,0,"G5",29,29
"KA'EO AKANA","HAWAII",38,33.25,"D","ED",2026,"MWC",58.2,58.2,56.7,61.1,0,0,2,0,0,0,2,2,0,0,0,0,0,0,0,1,0,1,2,22,0.045,0.091,4.5,15,6,0.133,0.067,2,1,0,0,0,0,0,0,0,0,0,0,0,1,0,0,0,0,0,0,0,0,0,0,0,0,10,3,0,0,1,0,0,2,0,0,1,0,0,3,3,0,1,0,"G5",24,24
"J'MOND TAPP","MEMPHIS",60,33.07,"D","ED",2026,"The American",57.6,55.8,59.7,NA,0,1,0,0,0,1,3,4,1,0,0,0,0,0,0,0,1,3,4,27,0.148,0.148,7.4,33,10,0.091,0.121,3,NA,NA,NA,NA,NA,NA,NA,NA,NA,NA,NA,NA,NA,NA,NA,NA,NA,NA,NA,NA,NA,NA,NA,NA,NA,14,3,0.4,1,0,0,0.25,2,1,1,0,0,1,5,5,0,0,1,"G5",54,54
"DARREN AGU","NEW MEXICO",22,32.44,"D","ED",2026,"MWC",65.7,62.6,63.9,60,0,0,0,0,0,1,1,2,0,0,0,0,0,0,0,0,0,0,0,16,0.125,0.125,6.3,5,0,0,0,0,1,0,0,0,0,0,0,0,0,0,0,0,1,0,0,0,0,0,0,0,0,0,0,0,0,NA,NA,NA,NA,NA,NA,NA,NA,NA,NA,NA,NA,NA,NA,NA,NA,NA,NA,"G5",50,50
"C.J. HICKS","USF",42,32.31,"D","ED",2026,"The American",55.6,61.2,69,40.4,0,1,1,0,0,1,0,1,0,0,0,0,0,1,0,0,0,5,5,4,0.25,0.25,12.5,33,1,0.091,0.152,3,5,2,1,5,2.5,1,1,0,0,118.8,1,0,0.6,0,0,0,1,0,0,0,0.5,0,2.5,4,0,1,3,0.5,1,1,1,0.5,2,1,3,0,0,0,6,6,0,0,0,"G5",15,15
"COLE FUNDERBURK","MARSHALL",51,31.99,"D","ED",2026,"Sun Belt",63.5,59.5,62.5,62.7,0,1,0,0,0,0,3,3,0,0,0,0,0,0,0,0,0,1,1,34,0.088,0.088,4.4,13,0,0.077,0,1,4,0,0,0,0,0,0,0,0,0,0,0,0,0,0,0,0,0,0,0,0,0,0,0,0,55,2,0,1,0,0,0,0,1,0,0,0,0,2,2,0,1,0,"G5",208,208
"GAVENCH MARCELIN","FAU",28,31.38,"D","ED",2026,"The American",65.8,66.5,60.2,NA,0,0,1,0,0,0,1,1,0,0,0,0,0,0,0,0,0,3,1,14,0.071,0.071,3.6,14,3,0.071,0.143,1,NA,NA,NA,NA,NA,NA,NA,NA,NA,NA,NA,NA,NA,NA,NA,NA,NA,NA,NA,NA,NA,NA,NA,NA,NA,11,2,0,0,1,0,0,2,0,0,0,0,0,2,2,0,0,0,"G5",121,121
"MATYUS MCLAIN","WASH STATE",41,31.03,"D","ED",2026,"Pac-12",58.6,50.7,63.3,60,0,0,0,0,0,1,1,2,1,0,0,0,0,0,0,1,0,0,2,26,0.077,0.077,3.9,15,0,0.133,0.067,2,NA,NA,NA,NA,NA,NA,NA,NA,NA,NA,NA,NA,NA,NA,NA,NA,NA,NA,NA,NA,NA,NA,NA,NA,NA,9,1,0,0,0,0,0,0,0,0,0,0,0,1,1,0,1,0,"G5",96,96
"ROMAN CAYWOOD","BOISE ST",17,30.99,"D","ED",2026,"Pac-12",67.4,61,65.9,NA,0,0,0,0,0,0,2,2,0,0,0,0,0,0,0,0,0,0,0,15,0.133,0.133,6.7,2,0,0,0,0,NA,NA,NA,NA,NA,NA,NA,NA,NA,NA,NA,NA,NA,NA,NA,NA,NA,NA,NA,NA,NA,NA,NA,NA,NA,NA,NA,NA,NA,NA,NA,NA,NA,NA,NA,NA,NA,NA,NA,NA,NA,NA,NA,"G5",132,132
"KHAMANI POTTS","COLO STATE",22,30.78,"D","ED",2026,"Pac-12",67.8,62.2,69.4,60,0,0,1,0,0,0,1,1,1,0,0,0,0,0,0,0,1,0,1,7,0.143,0,0,14,1,0.071,0.143,1,1,0,0,0,0,0,0,0,0,0,0,0,0,0,0,0,0,1,0,0,0,0,0,0,0,11,1,0.5,0,1,0,0.5,1,0,1,0,0,0,2,2,0,0,0,"G5",229,229
"IKENNA OZURUMBA","NAVY",22,30.55,"D","ED",2026,"The American",66.6,71.2,54,NA,0,1,1,0,0,0,0,0,0,0,0,0,0,0,0,0,0,2,0,10,0,0,0,12,3,0,0.167,0,NA,NA,NA,NA,NA,NA,NA,NA,NA,NA,NA,NA,NA,NA,NA,NA,NA,NA,NA,NA,NA,NA,NA,NA,NA,90,2,0,1,1,0,0,1,1,0,0,0,0,2,2,0,0,0,"G5",99,99
"JOSAIAH KNIGHT","W KENTUCKY",20,30.42,"D","ED",2026,"C-USA",76.9,65.5,57.8,78.1,0,0,0,0,0,0,0,0,0,0,0,1,0,0,0,0,0,1,0,4,0,0,0,12,0,0,0.083,0,4,1,1,5,5,0,0,0,0,87.5,1.25,0,0.25,0,0,0,0,0,0,0,0,0,5,-3,0,45,1,0,0,0,0,0,0,0,0,0,0,0,1,1,0,1,0,"G5",171,171
"LOGAN KNAPP","OREGON ST",24,30.34,"D","ED",2026,"Pac-12",64.5,66,55.2,62.5,0,1,0,0,0,0,0,0,0,0,0,0,0,0,0,0,0,1,1,8,0,0,0,15,10,0.067,0.133,1,1,0,0,0,0,0,0,0,0,0,0,0,0,0,0,0,0,0,0,0,0,0,0,0,0,10,3,0,1,0,0,0,1,1,0,0,0,0,3,3,0,1,0,"G5",206,206
"ANDRE PORTER","UNLV",47,30.33,"D","ED",2026,"MWC",70.4,77.5,53.8,62.5,0,0,1,0,0,0,0,0,0,0,0,0,0,0,0,0,0,2,0,17,0,0,0,25,1,0,0.2,0,5,0,0,0,0,0,0,0,0,0,0,0,0.2,0,0,0,0,0,0,0,0,0,0,0,0,42,1,0,0,1,0,0,1,0,0,0,0,0,1,1,0,0,0,"G5",150,150
"OBINNA OKEKE","NEW MEX ST",22,30.21,"D","ED",2026,"C-USA",58.1,55,61.2,60,0,0,0,0,0,1,0,1,1,0,0,0,0,0,0,1,0,0,1,14,0.071,0.071,3.6,7,0,0.143,0,1,1,0,0,0,0,0,0,0,0,0,0,0,1,0,0,0,0,0,0,0,0,0,0,0,0,NA,NA,NA,NA,NA,NA,NA,NA,NA,NA,NA,NA,NA,NA,NA,NA,NA,NA,"G5",65,65
"JAY CRABLE","FAU",26,30.08,"D","ED",2026,"The American",61.2,63.7,55.7,60,0,0,1,0,0,1,0,1,0,0,0,0,0,0,0,0,1,1,1,12,0,0.083,4.2,13,2,0.077,0.154,1,1,0,0,0,0,0,0,0,0,0,0,0,1,0,0,0,0,0,0,0,0,0,0,0,0,12,1,0,0,1,0,0,1,0,0,0,0,0,1,1,0,0,0,"G5",71,71
"RAMON PERNAS","SO MISS",32,29.97,"D","ED",2026,"Sun Belt",65.4,70.8,54.1,NA,0,0,2,0,0,0,0,0,0,0,0,0,0,0,0,0,0,2,1,15,0,0,0,17,2.5,0.059,0.235,1,NA,NA,NA,NA,NA,NA,NA,NA,NA,NA,NA,NA,NA,NA,NA,NA,NA,NA,NA,NA,NA,NA,NA,NA,NA,17,2,0,0,2,0,0,2,0,0,0,0,0,2,2,0,0,0,"G5",165,165
"SULTAN BADMUS","ARK STATE",16,29.92,"D","ED",2026,"Sun Belt",59,54.4,64.2,NA,0,0,0,0,0,1,1,2,0,0,0,0,0,0,0,0,1,0,1,11,0.091,0.182,9.1,5,0,0.2,0,1,NA,NA,NA,NA,NA,NA,NA,NA,NA,NA,NA,NA,NA,NA,NA,NA,NA,NA,NA,NA,NA,NA,NA,NA,NA,NA,NA,NA,NA,NA,NA,NA,NA,NA,NA,NA,NA,NA,NA,NA,NA,NA,NA,"G5",166,166
"JOSH LEWIS","TULANE",39,28.78,"D","ED",2026,"The American",60.4,58.6,53.9,61.1,0,1,0,0,0,1,0,1,0,0,0,0,0,0,0,0,1,1,2,20,0,0.05,2.5,19,2,0.105,0,2,NA,NA,NA,NA,NA,NA,NA,NA,NA,NA,NA,NA,NA,NA,NA,NA,NA,NA,NA,NA,NA,NA,NA,NA,NA,99,2,0,1,0,0,0,1,0,0,0,0,0,2,2,1,0,0,"G5",193,193
"JAMEER LEWIS","SO MISS",36,28.68,"D","ED",2026,"Sun Belt",59,52.9,62.2,62.5,0,1,0,0,0,0,2,2,1,0,0,0,0,0,0,0,0,0,1,16,0.188,0.125,6.3,14,0,0.071,0,1,6,0,0,0,0,0,0,0,0,0,0,0,0.167,0,0,0,0,0,0,0,0,0,0,0,0,45,1,0,1,0,0,0,0,1,0,0,0,0,1,1,0,0,0,"G5",139,139
"TYLER GILLISON","OHIO",57,28.6,"D","ED",2026,"MAC",61.5,61,59,60.8,1,0,3,0,0,0,0,0,0,0,0,0,0,0,0,0,0,5,2,20,0,0,0,35,2,0.057,0.057,2,2,0,0,0,0,0,0,0,0,0,0,0,0,0,0,0,0,0,0,0,0,0,0,0,0,9,4,0.2,0,3,0,0.2,4,0,1,0,0,0,5,5,0,0,0,"G5",56,56
"NATHAN VANTIMMEREN","C MICHIGAN",20,28.45,"D","ED",2026,"MAC",59.4,62.4,55.2,NA,0,1,1,0,0,0,0,0,0,0,0,0,0,1,0,0,0,1,1,12,0,0,0,8,3,0.125,0.125,1,NA,NA,NA,NA,NA,NA,NA,NA,NA,NA,NA,NA,NA,NA,NA,NA,NA,NA,NA,NA,NA,NA,NA,NA,NA,48,3,0,1,1,1,0,2,1,0,0,0,0,3,3,0,0,0,"G5",69,69
"TA'DERIUS COLLINS","TEXAS ST",19,28.38,"D","ED",2026,"Pac-12",62.2,55.3,64.5,62.8,0,0,0,0,0,0,0,0,2,0,0,0,0,0,0,0,0,0,1,10,0.2,0,0,5,0,0.2,0,1,4,0,0,0,0,0,0,0,0,0,0,0,0.5,0,0,0,0,0,0,0,0,0,0,0,0,13,1,0,0,0,0,0,0,0,0,0,0,0,1,1,0,1,0,"G5",106,106
"CARTER EVANS","E MICHIGAN",45,28.14,"D","ED",2026,"MAC",60.4,61,57.5,60,0,1,0,0,0,0,1,1,0,0,0,0,0,0,0,1,0,0,1,22,0,0.045,2.3,23,0,0.043,0,1,NA,NA,NA,NA,NA,NA,NA,NA,NA,NA,NA,NA,NA,NA,NA,NA,NA,NA,NA,NA,NA,NA,NA,NA,NA,33,1,0,1,0,0,0,0,0,0,0,0,0,1,1,1,0,0,"G5",6,6
"LEDARRION MENTER","DOMINION",39,27.82,"D","ED",2026,"Sun Belt",59.5,56.4,61.6,NA,0,1,0,0,0,0,2,2,1,0,0,0,0,0,0,0,0,1,3,24,0.125,0.083,4.2,15,5,0.2,0.133,3,NA,NA,NA,NA,NA,NA,NA,NA,NA,NA,NA,NA,NA,NA,NA,NA,NA,NA,NA,NA,NA,NA,NA,NA,NA,97,2,0.333,1,0,0,0.333,1,1,1,0,0,0,3,3,0,0,0,"G5",190,190
"HUDSON BALL","TULSA",24,27.46,"D","ED",2026,"The American",63.1,60.9,62.5,NA,0,0,1,0,0,0,1,1,1,0,0,0,0,1,0,0,0,2,1,13,0.154,0.077,3.9,11,-1,0.091,0.182,1,NA,NA,NA,NA,NA,NA,NA,NA,NA,NA,NA,NA,NA,NA,NA,NA,NA,NA,NA,NA,NA,NA,NA,NA,NA,32,1,0.5,0,1,1,0.5,1,0,1,0,0,0,2,2,0,0,0,"G5",194,194
"CAMERON JONES","TEMPLE",37,27.45,"D","ED",2026,"The American",61.3,62.5,58.2,NA,0,0,1,0,0,0,0,0,1,0,0,0,0,0,0,0,0,1,2,21,0.048,0,0,16,2,0.125,0.063,2,NA,NA,NA,NA,NA,NA,NA,NA,NA,NA,NA,NA,NA,NA,NA,NA,NA,NA,NA,NA,NA,NA,NA,NA,NA,99,1,0,0,1,0,0,1,0,0,0,0,0,1,1,0,0,0,"G5",167,167
"VENSON SNEED","W KENTUCKY",26,27.25,"D","ED",2026,"C-USA",54.6,59.6,48.8,60,0,2,1,0,0,0,1,1,0,0,0,0,0,0,0,1,0,2,3,11,0,0.091,4.5,15,4,0.133,0.133,2,NA,NA,NA,NA,NA,NA,NA,NA,NA,NA,NA,NA,NA,NA,NA,NA,NA,NA,NA,NA,NA,NA,NA,NA,NA,55,4,0.2,2,1,0,0,1,2,0,0,0,0.5,5,5,0,1,1,"G5",34,34
"ADAM TOMCZYK","HAWAII",17,26.95,"D","ED",2026,"MWC",52.2,60.2,60.6,60,0,1,0,0,0,1,0,1,0,0,0,0,0,0,0,0,1,0,2,9,0,0.111,5.6,7,0,0.143,0.143,1,1,0,0,0,0,0,0,0,0,0,0,0,0,0,0,0,0,0,0,0,0,0,0,0,0,9,1,0,1,0,0,0,0,1,0,0,0,0,1,1,0,0,0,"G5",47,47
"DAVION RHODES","N TEXAS",37,26.83,"D","ED",2026,"The American",59.8,57.1,61.3,60.2,0,0,0,0,0,1,0,1,0,0,0,1,0,0,0,0,0,1,1,19,0.053,0.053,2.6,16,0,0.063,0.063,1,2,0,0,0,0,0,0,0,0,0,0,0,0.5,0,0,0,0,0,0,0,0,0,0,0,0,NA,NA,NA,NA,NA,NA,NA,NA,NA,NA,NA,NA,NA,NA,NA,NA,NA,NA,"G5",12,12
"CAIUS COY","SM HOUSTON",29,26.8,"D","ED",2026,"C-USA",59.5,59.5,59,NA,0,0,1,0,0,0,1,1,0,0,0,0,0,0,0,0,0,0,1,16,0.063,0.063,3.1,13,5.5,0.077,0.077,1,NA,NA,NA,NA,NA,NA,NA,NA,NA,NA,NA,NA,NA,NA,NA,NA,NA,NA,NA,NA,NA,NA,NA,NA,NA,91,2,0,0,1,0,0,2,0,0,0,0,0,2,2,0,0,0,"G5",199,199
"DYLAN SPENCER","UTSA",29,26.62,"D","ED",2026,"The American",67.8,66.4,63.7,NA,0,0,1,0,0,0,0,0,1,0,0,0,0,0,0,0,0,2,1,7,0.143,0,0,22,1,0.045,0.136,1,NA,NA,NA,NA,NA,NA,NA,NA,NA,NA,NA,NA,NA,NA,NA,NA,NA,NA,NA,NA,NA,NA,NA,NA,NA,31,1,0.5,0,1,0,0.5,1,0,1,0,0,0,2,2,0,0,0,"G5",90,90
"BLAIR ALEXANDER","W MICHIGAN",15,26.38,"D","ED",2026,"MAC",67.1,68.1,57.5,NA,0,1,0,0,0,0,0,0,0,0,0,0,0,0,0,0,0,1,0,5,0,0,0,10,0,0,0.1,0,NA,NA,NA,NA,NA,NA,NA,NA,NA,NA,NA,NA,NA,NA,NA,NA,NA,NA,NA,NA,NA,NA,NA,NA,NA,55,1,0,1,0,0,0,0,1,0,0,0,0,1,1,0,0,0,"G5",19,19
"LANCE WILLIAMS","LA LAFAYET",43,26.34,"D","ED",2026,"Sun Belt",53.6,55.7,52.9,60,0,1,3,0,0,0,0,0,0,0,0,0,0,1,0,0,0,5,3,18,0,0,0,24,2.67,0.125,0.042,3,1,0,0,0,0,0,0,0,0,0,0,0,0,0,0,0,0,0,0,0,0,0,0,0,0,9,4,0.2,1,3,1,0.2,3,1,1,0,0,0,5,5,0,0,0,"G5",110,110
"KAMERON CYPRIEN","SO MISS",43,25.93,"D","ED",2026,"Sun Belt",59.6,60,57.4,60.3,0,0,3,0,0,0,1,1,0,0,0,0,0,0,0,0,0,5,5,18,0.056,0.056,2.8,23,2.25,0.217,0.217,5,2,0,0,0,0,0,0,0,0,0,0,0,0.5,0,0,0,0,0,0,0,0,0,0,0,0,7,4,0.333,0,3,0,0.333,4,0,2,0,0,0,6,6,0,0,0,"G5",225,225
"ELIJAH DURHAM-SMITH","BOWL GREEN",25,25.71,"D","ED",2026,"MAC",62.7,62.8,59.9,NA,0,0,0,0,0,0,1,1,0,0,0,0,0,0,0,0,0,0,0,13,0.077,0.077,3.9,12,0,0,0,0,NA,NA,NA,NA,NA,NA,NA,NA,NA,NA,NA,NA,NA,NA,NA,NA,NA,NA,NA,NA,NA,NA,NA,NA,NA,NA,NA,NA,NA,NA,NA,NA,NA,NA,NA,NA,NA,NA,NA,NA,NA,NA,NA,"G5",222,222
"CALEB PITTS","APP STATE",21,25.4,"D","ED",2026,"Sun Belt",64.4,56.5,67.1,NA,0,1,0,0,0,0,1,1,0,0,0,0,0,0,0,0,0,1,1,16,0.063,0.063,3.1,5,5,0.2,0,1,NA,NA,NA,NA,NA,NA,NA,NA,NA,NA,NA,NA,NA,NA,NA,NA,NA,NA,NA,NA,NA,NA,NA,NA,NA,94,2,0.333,1,0,0,0.333,1,1,1,0,0,0,2,3,0,0,0,"G5",209,209
"KELAN BUTLER","GA STATE",25,25.05,"D","ED",2026,"Sun Belt",62.3,69.8,53.7,60.2,0,0,1,0,0,0,0,0,0,0,0,0,0,0,0,0,0,0,0,16,0,0,0,7,2,0,0.286,0,3,0,0,0,0,0,0,0,0,0,0,0,0.333,0,0,0,0,0,0,0,0,0,0,0,0,45,1,0,0,1,0,0,1,0,0,0,0,0,1,1,0,0,0,"G5",214,214
"ISIAH CHALA","SACRAMENTO",26,24.91,"D","ED",2026,"MAC",59.7,63.2,54.4,NA,0,0,1,0,0,0,0,0,0,0,0,0,0,0,0,0,0,0,1,13,0,0,0,13,7.5,0.077,0.077,1,NA,NA,NA,NA,NA,NA,NA,NA,NA,NA,NA,NA,NA,NA,NA,NA,NA,NA,NA,NA,NA,NA,NA,NA,NA,52,2,0,0,1,0,0,2,0,0,0,0,0,2,2,0,0,0,"G5",89,89
"JASIYAH ROBINSON","E CAROLINA",37,24.58,"D","ED",2026,"The American",62,64.4,55,NA,0,0,1,0,0,0,2,2,0,0,0,0,0,0,0,1,1,3,2,15,0,0.133,6.7,22,1,0.091,0.227,2,NA,NA,NA,NA,NA,NA,NA,NA,NA,NA,NA,NA,NA,NA,NA,NA,NA,NA,NA,NA,NA,NA,NA,NA,NA,0,1,0.667,0,1,0,0.667,1,0,2,0,0,0,3,3,0,0,0,"G5",1,1
"ETHAN CRISP","LIBERTY",24,24.15,"D","ED",2026,"C-USA",58,55.9,60.3,60,0,0,0,0,0,1,0,1,0,0,0,0,0,0,0,0,0,0,1,12,0.083,0.083,4.2,11,0,0.091,0,1,1,0,0,0,0,0,0,0,0,0,0,0,1,0,0,0,0,0,0,0,0,0,0,0,0,NA,NA,NA,NA,NA,NA,NA,NA,NA,NA,NA,NA,NA,NA,NA,NA,NA,NA,"G5",82,82
"BJ DIAKITE","UTAH ST",26,23.95,"D","ED",2026,"Pac-12",54.2,64.1,55.1,49.7,0,0,1,0,0,0,0,0,0,0,0,0,0,1,0,0,0,1,2,14,0,0,0,10,1,0.1,0.1,1,2,0,0,0,0,0,0,0,0,0,0,0,1,0,0,0,0,0,0,0,0,0,0,0,0,23,2,0,0,1,1,0,2,0,0,0,0,0,2,2,0,0,0,"G5",51,51
"ELIN JONES","W KENTUCKY",15,23.77,"D","ED",2026,"C-USA",59.4,57.6,61.4,NA,0,1,0,0,0,1,0,1,0,0,0,0,0,0,0,1,0,1,1,9,0,0.111,5.6,6,0,0.167,0.333,1,NA,NA,NA,NA,NA,NA,NA,NA,NA,NA,NA,NA,NA,NA,NA,NA,NA,NA,NA,NA,NA,NA,NA,NA,NA,50,1,0.5,1,0,0,0.5,0,1,1,0,0,0,2,2,0,0,0,"G5",14,14
"QUENTIN LEWIS","BOWL GREEN",15,23.7,"D","ED",2026,"MAC",61.5,66.1,54.1,NA,0,0,0,0,0,0,1,1,0,0,0,0,0,0,0,1,0,1,1,7,0,0.143,7.1,8,9,0,0.125,0,NA,NA,NA,NA,NA,NA,NA,NA,NA,NA,NA,NA,NA,NA,NA,NA,NA,NA,NA,NA,NA,NA,NA,NA,NA,48,1,0.5,0,0,0,0,1,0,0,0,0,1,2,2,0,0,1,"G5",183,183
"SEMAJ BRIDGEMAN","KENT STATE",21,23.45,"D","ED",2026,"MAC",60.1,60.3,58.6,60.4,0,0,0,0,0,0,1,1,0,0,0,0,0,0,0,0,0,0,0,15,0.067,0.067,3.3,4,0,0,0,0,2,0,0,0,0,0,0,0,0,0,0,0,1,0,0,0,0,0,0,0,0,0,0,0,0,NA,NA,NA,NA,NA,NA,NA,NA,NA,NA,NA,NA,NA,NA,NA,NA,NA,NA,"G5",109,109
"POASA UTU","NEVADA",30,23.41,"D","ED",2026,"MWC",57.1,54.7,61.5,NA,0,0,1,0,0,0,1,1,0,0,0,0,0,0,0,0,0,1,2,11,0.091,0.091,4.5,19,1,0.105,0.105,2,NA,NA,NA,NA,NA,NA,NA,NA,NA,NA,NA,NA,NA,NA,NA,NA,NA,NA,NA,NA,NA,NA,NA,NA,NA,11,1,0,0,1,0,0,1,0,0,0,0,0,1,1,0,0,0,"G5",92,92
"JOJO ODOM","LA TECH",39,23.37,"D","ED",2026,"Sun Belt",52.1,52.5,55.2,NA,0,0,1,0,0,0,3,3,0,0,0,0,0,0,0,0,2,1,4,23,0.043,0.13,6.5,16,3,0.188,0.125,3,NA,NA,NA,NA,NA,NA,NA,NA,NA,NA,NA,NA,NA,NA,NA,NA,NA,NA,NA,NA,NA,NA,NA,NA,NA,90,2,0.333,0,1,0,0.333,2,0,1,0,0,0,3,3,0,0,0,"G5",216,216
"KAI RUSSELL","KENNESAW",39,23.35,"D","ED",2026,"C-USA",57.8,59,56.7,NA,0,0,2,0,0,0,1,1,0,0,0,0,0,0,0,0,0,4,2,19,0.053,0.053,2.6,20,3.5,0.1,0.05,2,NA,NA,NA,NA,NA,NA,NA,NA,NA,NA,NA,NA,NA,NA,NA,NA,NA,NA,NA,NA,NA,NA,NA,NA,NA,31,2,0.333,0,2,0,0.333,2,0,1,0,0,0,3,3,0,0,0,"G5",221,221
"ZSACARI MINNIS","W KENTUCKY",33,23.2,"D","ED",2026,"C-USA",47.9,47.4,54.8,NA,0,1,0,0,0,1,0,1,0,0,0,0,0,0,0,1,0,1,4,11,0,0.091,4.5,22,5.5,0.182,0.045,4,NA,NA,NA,NA,NA,NA,NA,NA,NA,NA,NA,NA,NA,NA,NA,NA,NA,NA,NA,NA,NA,NA,NA,NA,NA,17,3,0,1,0,0,0,2,1,0,0,0,0,3,3,0,0,0,"G5",152,152
"JEREMY GREAVES JR.","KENNESAW",32,22.93,"D","ED",2026,"C-USA",61.8,62.2,56.6,61,0,0,1,0,0,0,0,0,0,0,0,0,0,1,0,0,0,2,1,7,0,0,0,23,3.5,0.043,0.087,1,2,0,0,0,0,0,0,0,0,0,0,0,1,0,0,0,0,0,0,0,0,0,0,0,0,46,2,0.333,0,1,1,0.333,2,0,1,0,0,0,3,3,0,0,0,"G5",116,116
"AMAR THOMAS","JAMES MAD",22,22.89,"D","ED",2026,"Sun Belt",68.8,72.1,58.9,61.7,0,0,0,0,0,0,2,2,0,0,0,0,0,0,0,0,0,1,1,10,0.2,0.2,10,9,0,0,0.333,0,3,0,0,0,0,0,0,0,0,0,0,0,0.333,0,0,0,0,0,0,0,0,0,0,0,0,8,0,1,0,0,0,0,0,0,0,0,0,1,1,1,0,0,1,"G5",16,16
"CJ WILSON","LA MONROE",36,22.52,"D","ED",2026,"Sun Belt",47.3,46.7,54.7,60,0,0,1,0,0,0,2,2,0,0,0,0,0,0,0,1,1,2,5,9,0,0.222,11.1,26,5.67,0.192,0.039,5,1,0,0,0,0,0,0,0,0,0,0,0,0,0,0,0,0,0,0,0,0,0,0,0,0,44,3,0.25,0,1,0,0.25,3,0,1,0,0,0,4,4,0,0,0,"G5",7,7
"KORVER DEMMA","C MICHIGAN",46,22.51,"D","ED",2026,"MAC",61.5,60.2,60.9,NA,0,0,0,0,0,1,1,2,1,0,0,0,1,0,0,0,0,2,3,25,0.12,0.08,4,21,0,0.143,0.191,3,NA,NA,NA,NA,NA,NA,NA,NA,NA,NA,NA,NA,NA,NA,NA,NA,NA,NA,NA,NA,NA,NA,NA,NA,NA,5,0,1,0,0,0,1,0,0,1,0,0,0,1,1,0,0,0,"G5",62,62
"ELIAS RUDOLPH","UNLV",32,22.38,"D","ED",2026,"MWC",59.7,67.1,52.9,NA,0,0,0,0,0,0,0,0,0,0,0,0,0,0,0,0,0,0,0,20,0,0,0,12,6,0,0.083,0,NA,NA,NA,NA,NA,NA,NA,NA,NA,NA,NA,NA,NA,NA,NA,NA,NA,NA,NA,NA,NA,NA,NA,NA,NA,91,1,0,0,0,0,0,1,0,0,0,0,0,1,1,0,0,0,"G5",154,154
"CALIF SPENCER","CHARLOTTE",18,22.23,"D","ED",2026,"The American",59.2,60.7,57.1,NA,0,0,1,0,0,0,0,0,0,0,0,0,0,1,0,0,0,2,1,11,0,0,0,7,4.5,0.143,0.143,1,NA,NA,NA,NA,NA,NA,NA,NA,NA,NA,NA,NA,NA,NA,NA,NA,NA,NA,NA,NA,NA,NA,NA,NA,NA,8,2,0.333,0,1,1,0.333,2,0,1,0,0,0,3,3,0,0,0,"G5",232,232
"MARVELL EGGLESTON","E MICHIGAN",26,22.12,"D","ED",2026,"MAC",59.3,61.5,54.6,60.7,0,0,1,0,0,0,0,0,0,0,0,0,0,0,0,0,0,1,1,10,0,0,0,14,3,0.071,0.071,1,2,0,0,0,0,0,0,0,0,0,0,0,0.5,0,0,0,0,0,0,0,0,0,0,0,0,43,1,0,0,1,0,0,1,0,0,0,0,0,1,1,0,0,0,"G5",131,131
"WILL GERIG","W MICHIGAN",28,21.69,"D","ED",2026,"MAC",61.4,64.6,54.8,60,0,0,0,0,0,0,0,0,0,0,0,0,0,0,0,0,0,1,0,12,0,0,0,15,0,0,0,0,1,0,0,0,0,0,0,0,0,0,0,0,1,0,0,0,0,0,0,0,0,0,0,0,0,NA,NA,NA,NA,NA,NA,NA,NA,NA,NA,NA,NA,NA,NA,NA,NA,NA,NA,"G5",42,42
"EVAN HERRMANN","OHIO",17,21.44,"D","ED",2026,"MAC",61.2,63,56.7,NA,0,0,0,0,0,0,0,0,0,0,0,0,0,0,0,0,0,0,0,9,0,0,0,8,0,0,0,0,NA,NA,NA,NA,NA,NA,NA,NA,NA,NA,NA,NA,NA,NA,NA,NA,NA,NA,NA,NA,NA,NA,NA,NA,NA,NA,NA,NA,NA,NA,NA,NA,NA,NA,NA,NA,NA,NA,NA,NA,NA,NA,NA,"G5",83,83
"WILL SMITH","SO MISS",15,21.44,"D","ED",2026,"Sun Belt",53.2,52.9,57.8,60.3,0,1,0,0,0,0,1,1,0,0,0,0,0,0,0,1,0,0,2,4,0,0,0,9,0,0.222,0,2,2,0,0,0,0,0,0,0,0,0,0,0,0.5,0,0,0,0,0,0,0,0,0,0,0,0,41,2,0,2,0,0,0,0,1,0,0,0,0,2,2,0,0,0,"G5",168,168
"ERNEST WILLOR JR.","JAMES MAD",27,21.2,"D","ED",2026,"Sun Belt",56.9,59.8,54,60,0,0,1,0,0,0,1,1,1,0,0,0,0,0,0,1,0,3,3,10,0.1,0.1,5,16,3.5,0.125,0.188,2,1,0,0,0,0,0,0,0,0,0,0,0,0,0,0,0,0,0,0,0,0,0,0,0,0,13,2,0.5,0,1,0,0.333,2,0,1,0,0,1,4,4,0,0,1,"G5",123,123
"KELVON MCBRIDE","MARSHALL",54,21.17,"D","ED",2026,"Sun Belt",54,56.4,62.7,46,0,1,0,0,0,0,4,4,0,0,0,0,0,0,0,0,1,3,4,28,0.107,0.143,7.1,15,0,0.067,0,1,11,2,1,25,12.5,0,1,0,0,118.8,2.27,0,0.364,0,0,0,2,0,0,0,0.5,0,12.5,-2,0,7,1,0.75,1,0,0,1,0,0,1,0,0,0.667,4,4,1,0,2,"G5",107,107
"QUANTE GILLIANS","TEMPLE",15,20.94,"D","ED",2026,"The American",60.3,64,54.9,NA,0,0,0,0,0,0,0,0,0,0,0,0,0,0,0,0,0,0,0,8,0,0,0,7,0,0,0,0,NA,NA,NA,NA,NA,NA,NA,NA,NA,NA,NA,NA,NA,NA,NA,NA,NA,NA,NA,NA,NA,NA,NA,NA,NA,NA,NA,NA,NA,NA,NA,NA,NA,NA,NA,NA,NA,NA,NA,NA,NA,NA,NA,"G5",207,207
"KOLE SNEED","N ILLINOIS",52,20.42,"D","ED",2026,"MWC",54.4,62.6,53.1,57.1,0,0,0,0,0,0,0,0,0,0,0,0,0,0,0,0,0,0,2,20,0,0,0,29,0,0.035,0,1,3,1,1,13,13,0,1,0,0,118.8,4.33,0,0.667,0,0,0,1,0,0,0,1,0,13,5,0,NA,NA,NA,NA,NA,NA,NA,NA,NA,NA,NA,NA,NA,NA,NA,NA,NA,NA,"G5",78,78
"ETU FINAU","S JOSE ST",25,20.32,"D","ED",2026,"MWC",54.5,56.7,55.3,NA,0,0,0,0,0,0,0,0,1,0,0,0,0,0,0,0,0,0,2,16,0.063,0,0,9,0,0.111,0,1,NA,NA,NA,NA,NA,NA,NA,NA,NA,NA,NA,NA,NA,NA,NA,NA,NA,NA,NA,NA,NA,NA,NA,NA,NA,NA,NA,NA,NA,NA,NA,NA,NA,NA,NA,NA,NA,NA,NA,NA,NA,NA,NA,"G5",180,180
"JONATHAN BAX","FAU",41,20.14,"D","ED",2026,"The American",59.5,52.8,58.5,65.5,0,0,0,0,0,0,1,1,0,0,0,0,0,0,0,1,0,2,2,2,0,0,0,22,7,0.091,0,2,17,1,1,12,12,0,1,0,0,116.7,0.71,0,0.471,0,0,0,0,0,0,0,1,0,12,4,0,9,2,0.5,0,0,0,0.667,1,0,2,0,0,0,4,4,0,1,0,"G5",85,85
"COOPER ROY","MO STATE",20,19.9,"F","ED",2026,"C-USA",59.1,62.2,54.8,NA,0,0,0,0,0,0,0,0,0,0,0,0,0,0,0,0,0,0,0,8,0,0,0,12,0,0,0,0,NA,NA,NA,NA,NA,NA,NA,NA,NA,NA,NA,NA,NA,NA,NA,NA,NA,NA,NA,NA,NA,NA,NA,NA,NA,NA,NA,NA,NA,NA,NA,NA,NA,NA,NA,NA,NA,NA,NA,NA,NA,NA,NA,"G5",72,72
"CHRISTIAN ROSS","S ALABAMA",23,19.7,"F","ED",2026,"Sun Belt",59,62.3,54.2,61,0,0,0,0,0,0,0,0,0,0,0,0,0,0,0,0,0,0,0,10,0,0,0,10,0,0,0,0,3,0,0,0,0,0,0,0,0,0,0,0,0.333,0,0,0,0,0,0,0,0,0,0,0,0,NA,NA,NA,NA,NA,NA,NA,NA,NA,NA,NA,NA,NA,NA,NA,NA,NA,NA,"G5",55,55
"NA'TORI BROWN","LA LAFAYET",17,19.58,"F","ED",2026,"Sun Belt",59.1,58.6,57.8,61.2,0,0,0,0,0,0,0,0,0,0,0,0,0,0,0,0,0,0,1,4,0,0,0,10,0,0.1,0,1,3,0,0,0,0,0,0,0,0,0,0,0,0,0,0,0,0,0,0,0,0,0,0,0,0,NA,NA,NA,NA,NA,NA,NA,NA,NA,NA,NA,NA,NA,NA,NA,NA,NA,NA,"G5",181,181
"BRANDON KELLEY","COLO STATE",27,19.35,"F","ED",2026,"Pac-12",57.7,57.6,58.6,NA,0,0,1,0,0,0,1,1,0,0,0,0,0,1,0,0,0,1,1,15,0.067,0.067,3.3,12,-1,0.083,0.083,1,NA,NA,NA,NA,NA,NA,NA,NA,NA,NA,NA,NA,NA,NA,NA,NA,NA,NA,NA,NA,NA,NA,NA,NA,NA,10,1,0.5,0,1,1,0.5,1,0,1,0,0,0,2,2,0,0,0,"G5",68,68
"NOAH MATTHEWS","DELAWARE",35,19.33,"F","ED",2026,"C-USA",55.2,63.9,58,NA,0,0,0,0,0,0,2,2,1,0,0,0,0,0,0,0,1,0,2,20,0.1,0.1,5,15,0,0,0,0,NA,NA,NA,NA,NA,NA,NA,NA,NA,NA,NA,NA,NA,NA,NA,NA,NA,NA,NA,NA,NA,NA,NA,NA,NA,13,0,1,0,0,0,0,0,0,0,0,0,1,1,1,0,0,1,"G5",53,53
"WILL HAVERLAND","OREGON ST",24,19.1,"F","ED",2026,"Pac-12",56.7,56.9,55.5,61.1,0,0,1,0,0,0,0,0,0,0,0,0,0,0,0,0,0,1,2,6,0,0,0,16,1,0.125,0.063,2,2,0,0,0,0,0,0,0,0,0,0,0,0.5,0,0,0,0,0,0,0,0,0,0,0,0,50,1,0,0,1,0,0,1,0,0,0,0,0,1,1,0,0,0,"G5",172,172
"TOMMY HUSS","TOLEDO",21,19.01,"F","ED",2026,"MAC",62,64.2,58,NA,0,0,0,0,0,1,1,2,0,0,0,0,0,0,0,0,0,0,1,13,0.154,0.154,7.7,8,0,0,0,0,NA,NA,NA,NA,NA,NA,NA,NA,NA,NA,NA,NA,NA,NA,NA,NA,NA,NA,NA,NA,NA,NA,NA,NA,NA,92,0,1,0,0,0,0,0,0,0,0,0,1,1,1,0,0,1,"G5",108,108
"UCHE ILOH","GA SOUTHRN",25,19,"F","ED",2026,"Sun Belt",57.6,61.6,54.1,60.3,0,0,0,0,0,0,0,0,0,0,0,0,0,0,0,0,0,0,0,15,0,0,0,8,0,0,0,0,2,0,0,0,0,0,0,0,0,0,0,0,0,0,0,0,0,0,0,0,0,0,0,0,0,NA,NA,NA,NA,NA,NA,NA,NA,NA,NA,NA,NA,NA,NA,NA,NA,NA,NA,"G5",153,153
"SETH CLARKE","RICE",20,18.89,"F","ED",2026,"The American",53,62.1,56.5,61.6,0,0,0,0,0,0,0,0,0,0,0,0,0,0,0,0,0,1,1,7,0,0,0,10,0,0.1,0,1,3,0,0,0,0,0,0,0,0,0,0,0,0,0,0,0,0,0,0,0,0,0,0,0,0,NA,NA,NA,NA,NA,NA,NA,NA,NA,NA,NA,NA,NA,NA,NA,NA,NA,NA,"G5",224,224
"JEFFERY RUSH JR.","SO MISS",44,18.65,"F","ED",2026,"Sun Belt",56.9,53.9,60.1,NA,0,0,0,0,0,0,4,4,0,0,0,0,0,0,0,1,0,5,2,23,0.13,0.174,8.7,21,0,0.048,0,1,NA,NA,NA,NA,NA,NA,NA,NA,NA,NA,NA,NA,NA,NA,NA,NA,NA,NA,NA,NA,NA,NA,NA,NA,NA,15,1,0.667,0,0,0,0.5,1,0,1,0,0,1,3,3,0,0,1,"G5",138,138
"JAMAIR DIAZ","TEMPLE",15,16.26,"F","ED",2026,"The American",52.9,42.9,56.4,65.8,0,1,1,0,0,0,0,0,0,0,0,0,0,0,0,0,0,1,2,7,0,0,0,7,0,0.286,0,2,1,0,0,0,0,0,0,0,0,0,0,0,1,0,0,0,0,1,0,0,0,0,0,0,0,56,2,0,1,0,0,0,0,1,0,1,0,0,2,2,0,1,0,"G5",198,198
"CHIBBY NWAJUAKU","RICE",30,15.47,"F","ED",2026,"The American",49.4,55.6,55.4,51.9,0,0,1,0,0,0,0,0,0,0,0,0,0,0,0,0,0,4,3,15,0,0,0,13,5.33,0.154,0.154,2,2,1,1,9,9,0,1,0,0,104.2,4.5,0,0,0,1,0,1,0,0,1,1,0,9,3,0,16,3,0.4,0,1,0,0.4,3,0,2,0,0,0,4,5,0,0,0,"G5",38,38
"JABARI ISHMAEL","MEMPHIS",26,15.07,"F","ED",2026,"The American",61.1,62.9,54.7,60,0,1,0,0,0,0,0,0,0,0,0,0,0,0,0,0,0,0,2,10,0,0,0,16,0,0.125,0.25,2,NA,NA,NA,NA,NA,NA,NA,NA,NA,NA,NA,NA,NA,NA,NA,NA,NA,NA,NA,NA,NA,NA,NA,NA,NA,93,2,0.5,1,0,0,0.667,0,1,2,0,0,0,4,4,0,1,0,"G5",4,4
"LATREVION THOMPSON","W KENTUCKY",26,14.04,"F","ED",2026,"C-USA",42.7,38.3,56.1,NA,0,0,0,0,0,0,0,0,0,0,0,0,0,0,0,0,0,0,3,16,0,0,0,10,20,0.3,0,3,NA,NA,NA,NA,NA,NA,NA,NA,NA,NA,NA,NA,NA,NA,NA,NA,NA,NA,NA,NA,NA,NA,NA,NA,NA,13,1,0,0,0,0,0,1,0,0,0,0,0,1,1,0,0,0,"G5",27,27
"DONTERRY RUSSELL","TEXAS ST",42,13.88,"F","ED",2026,"Pac-12",54.5,47,59.3,64.2,0,0,1,0,0,0,1,1,0,0,0,0,0,0,0,0,0,3,3,16,0.063,0.063,3.1,18,6,0.167,0,3,8,0,0,0,0,0,0,0,0,0,0,0,0.375,0,0,0,0,0,0,0,0,0,0,0,0,5,2,0.5,0,0,0,0.667,1,0,2,1,0,0,4,4,0,1,0,"G5",49,49
"SCOOP GARDNER JR.","W MICHIGAN",54,13.71,"F","ED",2026,"MAC",60.3,58.6,60.5,NA,0,0,0,0,0,1,0,1,0,0,0,0,0,0,0,0,0,2,2,31,0.032,0.032,1.6,23,0,0.087,0.087,2,NA,NA,NA,NA,NA,NA,NA,NA,NA,NA,NA,NA,NA,NA,NA,NA,NA,NA,NA,NA,NA,NA,NA,NA,NA,2,0,1,0,0,0,1,0,0,1,0,0,0,1,1,0,0,0,"G5",177,177
"BOL BOL","BOISE ST",16,13.27,"F","ED",2026,"Pac-12",50.6,48.1,59.8,62.2,0,1,0,0,0,0,1,1,0,0,0,0,0,0,0,0,0,0,2,12,0.083,0.083,4.2,3,0,0.667,0.333,2,1,1,1,6,6,0,0,0,0,91.7,6,0,0,0,0,0,0,0,0,0,0,0,6,1,0,91,1,0.5,1,0,0,1,0,0,1,0,0,0,2,2,1,0,0,"G5",205,205
"AHMAAD FOSTER","DOMINION",34,12.19,"F","ED",2026,"Sun Belt",45.1,52.6,54.5,NA,0,0,0,0,0,0,0,0,0,0,0,0,0,0,0,0,0,0,3,17,0,0,0,17,0,0.176,0.059,3,NA,NA,NA,NA,NA,NA,NA,NA,NA,NA,NA,NA,NA,NA,NA,NA,NA,NA,NA,NA,NA,NA,NA,NA,NA,NA,NA,NA,NA,NA,NA,NA,NA,NA,NA,NA,NA,NA,NA,NA,NA,NA,NA,"G5",161,161
"BLANCHE GOLD","UAB",16,12.13,"F","ED",2026,"The American",54.5,55.5,57.1,NA,0,1,0,0,0,0,0,0,0,0,0,0,0,0,0,0,0,1,2,3,0,0,0,13,0,0.154,0.154,2,NA,NA,NA,NA,NA,NA,NA,NA,NA,NA,NA,NA,NA,NA,NA,NA,NA,NA,NA,NA,NA,NA,NA,NA,NA,7,1,0.5,1,0,0,0.5,0,1,1,0,0,0,2,2,0,0,0,"G5",58,58
"SAMUEL COHEN","LIBERTY",22,11.95,"F","ED",2026,"C-USA",61.7,53.2,65.9,60.6,0,0,0,0,0,0,1,1,0,0,0,0,0,0,0,0,0,1,1,16,0.063,0.063,3.1,4,0,0.25,0,1,2,0,0,0,0,0,0,0,0,0,0,0,0.5,0,0,0,0,0,0,0,0,0,0,0,0,56,0,1,0,0,0,1,0,0,1,0,0,0,1,1,0,0,0,"G5",187,187
"BLAKE SCHILTZ","N DAK ST",16,11.39,"F","ED",2026,"MWC",44.9,45.9,58.9,NA,0,0,0,0,0,0,0,0,0,0,0,0,0,0,0,0,0,1,3,2,0,0,0,14,0,0.214,0,3,NA,NA,NA,NA,NA,NA,NA,NA,NA,NA,NA,NA,NA,NA,NA,NA,NA,NA,NA,NA,NA,NA,NA,NA,NA,NA,NA,NA,NA,NA,NA,NA,NA,NA,NA,NA,NA,NA,NA,NA,NA,NA,NA,"G5",204,204
"JORDAN COVINGTON","UNLV",18,10.93,"F","ED",2026,"MWC",44.3,44.4,57.2,NA,0,1,0,0,0,0,0,0,0,0,0,0,0,0,0,0,0,1,4,7,0,0,0,11,0,0.364,0,4,NA,NA,NA,NA,NA,NA,NA,NA,NA,NA,NA,NA,NA,NA,NA,NA,NA,NA,NA,NA,NA,NA,NA,NA,NA,99,1,0,1,0,0,0,0,1,0,0,0,0,1,1,0,0,0,"G5",195,195
"BEN BEATTY","WASH STATE",20,9.91,"F","ED",2026,"Pac-12",45.3,45.5,55.3,NA,0,0,0,0,0,0,0,0,0,0,0,0,0,0,0,0,0,0,2,9,0,0,0,11,0,0.182,0,2,NA,NA,NA,NA,NA,NA,NA,NA,NA,NA,NA,NA,NA,NA,NA,NA,NA,NA,NA,NA,NA,NA,NA,NA,NA,NA,NA,NA,NA,NA,NA,NA,NA,NA,NA,NA,NA,NA,NA,NA,NA,NA,NA,"G5",163,163
"FERNANDO LECUONA","WASH STATE",20,9.32,"F","ED",2026,"Pac-12",55.1,56.2,56.2,NA,0,1,0,0,0,0,0,0,0,0,0,0,0,0,0,0,0,1,2,7,0,0,0,13,0,0.154,0.154,2,NA,NA,NA,NA,NA,NA,NA,NA,NA,NA,NA,NA,NA,NA,NA,NA,NA,NA,NA,NA,NA,NA,NA,NA,NA,56,1,0.667,1,0,0,0.667,0,1,2,0,0,0,3,3,0,0,0,"G5",176,176
"DJ BURGESS","CHARLOTTE",24,8.88,"F","ED",2026,"The American",48.8,49.2,54.9,NA,0,0,1,0,0,0,0,0,0,0,0,0,0,1,0,0,0,1,2,14,0,0,0,10,-3,0.2,0.1,2,NA,NA,NA,NA,NA,NA,NA,NA,NA,NA,NA,NA,NA,NA,NA,NA,NA,NA,NA,NA,NA,NA,NA,NA,NA,7,1,0.5,0,1,1,0.5,1,0,1,0,0,0,2,2,0,0,0,"G5",48,48
"CHASON CLARK","MARSHALL",24,7.89,"F","ED",2026,"Sun Belt",61.3,54.8,57,65.1,0,0,0,0,0,0,0,0,0,0,0,0,0,0,0,0,0,1,1,3,0,0,0,6,0,0.167,0,1,15,0,0,0,0,0,0,0,0,39.6,0,0,0.4,0,0,1,0,0,0,0,0,0,0,13,0,10,0,1,0,0,0,1,0,0,1,0,0,0,1,1,0,0,0,"G5",136,136
"CURTIS SIMPSON","CHARLOTTE",26,5.34,"F","ED",2026,"The American",44.6,42.4,55.6,NA,0,0,1,0,0,0,0,0,0,0,0,0,0,0,0,0,0,1,3,18,0,0,0,8,3,0.375,0,3,NA,NA,NA,NA,NA,NA,NA,NA,NA,NA,NA,NA,NA,NA,NA,NA,NA,NA,NA,NA,NA,NA,NA,NA,NA,9,1,0.5,0,1,0,0.5,1,0,1,0,0,0,2,2,0,0,0,"G5",120,120
"JAYLON JOHNSON","CHARLOTTE",15,0.74,"F","ED",2026,"The American",48.9,48.9,56.9,60,0,0,0,0,0,0,0,0,0,0,0,0,0,0,0,0,0,0,1,9,0,0,0,5,0,0.2,0,1,1,0,0,0,0,0,0,0,0,0,0,0,0,0,0,0,0,0,0,0,0,0,0,0,0,2,0,1,0,0,0,1,0,0,1,0,0,0,1,1,0,0,0,"G5",184,184
"ASHLEY WILLIAMS","LA LAFAYET",36,0,"F","ED",2026,"Sun Belt",44.9,44.9,54.7,51.6,0,0,0,0,0,0,0,0,0,0,0,0,0,0,0,0,0,1,5,12,0,0,0,16,0,0.25,0,4,8,1,1,5,5,0,1,0,0,87.5,0.63,0,0.375,0,0,0,1,0,0,0,1,0,5,-4,0,2,0,1,0,0,0,0,0,0,0,0,0,1,1,1,0,0,1,"G5",75,75
