"Name","Team","Defensive.Snaps","Composite_Score","Player_Grade","Defensive.Grades","Run.Defense.Grade","Pass.Rush.Grade","Coverage.Grade","Total.Tackles","Assistant","Stops","Assist.Tackles.on.Run.Plays","Missed.Tackles.on.Run.Plays","Average.Depth.of.Tackle","Pursuit.Pressure","Run.Tackle.for.Losss.or.No.Gain","Pass.Rush.Productivity","Passer.Rating.Allowed","Average.Depth.of.Target.per.Coverage","Yards.per.Reception.Allowed","Receiving.Yards.Allowed.per.Snap","Assist.on.Pass.Plays","Unblocked.Pass.Rush","Drops...Off.Targets.Receptions.Forced","Sacks","Missed.Tackles.on.Pass.Plays","Beaten.Defender","Plays.of.15..Yards.Allowed","Hits","Pass.Tackle.for.Loss.or.No.Gain","Lined.up.in.Press.Coverage","Batted.Passes","Pass.Break.Up","Forced.Fumble","Interceptions","Touchdowns.Allowed","Fumble.Recovery","Dropped.Int","Missed.Tackle.Percentage","Run.Stop","Pass.Stop","Tackle.for.Loss.or.No.Gain","Hurries","Total.Pressures.Generated","Assist.Tackles","Negative.Plays","Total.Negative.Plays","Total.Positive.Plays","Receptions.Allowed","Completion.Percentage.Allowed","Pass.Yards.Allowed","First.Downs.Allowed","Forced.Incompletions","Sacks.per.Throwaway","Open.Targets","X15..Yards.Allowed.Percentage","Percentage.of.Open.Targets","Percentage.of.First.Down.or.Touchdown.Allowed","Interceptions.per.Target.Coverage.Percentage","Receiving.Yards.per.Coverage.Target","Forced.Incompletion.Percentage","Missed.Tackle.Percentage.on.Run.Plays","Pass.Missed.Tackles.Percentage","Total.Tackle.Snaps","NFL.Sacks","First.Contact"
"CALEB WOODSON","ALABAMA",49,100,"A",80.5,81.5,75.4,65.6,14,4,8,3,0,5.29,1,1,16.7,83.3,1.7,4,0.55,1,1,0,2,1,1,0,0,0,NA,0,0,0,0,0,0,0,0.067,5,3,1,0,2,4,2,1,2,3,1,12,0,0,0.33,3,0,1,0,0,4,0,0,0.2,15,0,8
"COOPER CATALANO","WISCONSIN",57,96.33,"A",82.1,81.5,64.1,71.8,13,8,3,8,0,4,0,0,NA,82.3,1.3,3.8,0.63,1,0,0,0,0,0,0,1,0,NA,0,0,0,0,0,0,0,0,0,2,0,0,1,9,1,1,4,4,1,15,0,0,0,3,0,0.75,0,0,3.8,0,0,0,13,0,3
"ELIJAH MELENDEZ","AUBURN",42,91.02,"A",84.2,78,74.2,73.8,7,2,5,0,0,1.75,0,2,25,56.3,2.3,6,0.57,2,3,1,1,0,0,0,2,0,NA,0,1,0,0,0,0,0,0,4,1,2,0,3,2,2,1,2,2,0.5,12,1,1,0,0,0,0,0.25,0,3,0.25,0,0,7,0,4
"MAVERICK BARANOWSKI","MINNESOTA",68,89.38,"A",77.4,72.8,78.6,66,8,2,2,2,0,4.6,1,1,16.7,0,0,0,0,0,2,0,0,0,0,0,1,0,NA,0,0,0,0,0,0,0,0,1,1,1,4,5,2,2,0,1,0,0,0,0,0,0,0,0,0,0,0,0,0,0,0,8,0,6
"ETHAN WESLOSKI","OKLA STATE",43,87.77,"A",80.3,78.7,64.9,74.7,11,5,4,2,0,3.67,2,0,0,78.5,4.3,7.5,0.63,3,0,0,1,0,0,0,0,0,NA,0,1,0,0,0,0,0,0,2,2,0,1,2,5,2,1,3,2,0.667,15,1,1,0.5,1,0,0.333,0.333,0,5,0.333,0,0,11,0,3
"SAMMY OMOSIGHO","UCLA",48,85.15,"A",67,69.1,57.8,62.3,7,4,3,4,0,-1.67,1,3,11.1,0,0,0,0,0,1,0,0,0,0,0,0,0,NA,0,0,0,0,0,0,0,0,3,0,3,3,3,4,5,0,0,0,0,0,0,0,0,0,0,0,0,0,0,0,0,0,7,0,4
"TREY LATHAN","KANSAS",71,83.38,"A",79.3,80.4,57,71.4,9,4,5,4,0,3,1,1,25,87.5,3,5,0.17,0,0,0,0,0,0,0,1,0,NA,0,0,0,0,0,0,0,0,3,2,1,0,1,4,0,0,1,1,1,5,0,0,0,1,0,1,0,0,5,0,0,0,9,0,4
"SULLIVAN SCHLIMGEN","IOWA STATE",60,82.62,"A",76.9,81.6,66.2,64.5,12,4,6,3,1,1.83,0,2,16.7,105.6,4,9.3,0.97,1,1,0,0,0,0,0,1,0,NA,0,1,0,0,0,0,0,0.077,6,0,2,0,1,4,4,2,0,3,1,28,2,0,0,0,0,0,0.667,0,9.3,0,0.1,0,13,0,12
"TJ DOTTERY","LSU",40,80.78,"A",95.1,79.2,76.4,94,8,2,4,1,0,3.4,0,0,33.3,87.5,0.5,5,0.42,1,1,0,0,0,0,0,0,0,NA,0,0,2,0,0,0,0,0,4,0,0,2,2,2,2,1,2,2,1,10,0,0,0,1,0,0.5,0,0,5,0,0,0,8,0,5
"TONY ROJAS","PENN STATE",34,80.55,"A",92.3,75.2,63.1,92.5,8,1,4,1,0,1,1,1,0,79.2,1,2,0.14,0,0,0,1,0,0,0,0,2,NA,0,0,0,0,0,0,0,0,1,3,3,0,1,1,0,0,3,1,1,2,0,0,1,0,0,0,0,0,2,0,0,0,7,0,3
"MYLES BROWN","VIRGINIA",15,78.73,"B",90.1,87.6,60,61.8,5,2,3,2,0,0.33,1,2,NA,0,0,0,0,0,0,0,0,0,0,0,0,0,NA,1,0,0,0,0,0,0,0,3,0,2,1,1,2,0,0,1,0,0,0,0,0,0,0,0,0,0,0,0,0,0,0,5,0,2
"AJ TUITELE","CAL",67,77.08,"B",72,77.3,70.1,68.1,10,3,3,1,0,3,1,1,16.7,100,5,11.3,0.79,2,1,1,0,0,0,1,3,0,NA,0,0,0,0,0,0,0,0,2,1,1,1,4,3,2,2,1,3,0.75,34,1,0,0,0,0.023,0,0.25,0,8.5,0,0,0,10,0,4
"XAVIER ATKINS","AUBURN",40,76.58,"B",73.3,64.6,87.2,59.5,6,3,2,3,0,3,0,0,22.7,84.4,3.5,6.3,1.06,0,1,1,0,0,0,0,1,0,NA,0,0,0,0,0,0,0,0,1,1,0,4,5,3,2,1,0,3,0.75,19,1,0,0,0,0,0,0.25,0,4.8,0,0,0,6,0,4
"CAM BUFFINGTON","IOWA",53,76.33,"B",74.2,87.3,56.1,54.9,15,4,7,4,0,2.75,0,1,0,110.4,8,10.5,1.17,0,0,0,0,0,0,1,0,0,NA,0,0,0,0,0,0,0,0,5,2,1,0,0,4,4,2,0,2,1,21,2,0,0,0,0.056,0,1,0,10.5,0,0,0,15,0,7
"VINCENT FIRENZE","WAKE",41,75.86,"B",83.1,77.7,72.5,74.9,8,3,3,1,0,4,0,0,20,87.5,3.3,5,0.71,2,2,0,0,0,0,0,1,0,NA,1,0,0,0,0,0,0,0,1,2,0,1,2,3,0,0,1,3,1,15,0,0,0,0,0,0,0,0,5,0,0,0,8,0,4
"ANTHONY PALANO","BOSTON COL",70,73.28,"B",77.6,84.8,68.8,62.2,9,4,2,3,1,8.75,0,0,25,48.6,9,11,0.79,1,1,0,1,1,0,0,0,0,NA,0,0,0,2,0,0,0,0.182,1,1,0,0,1,4,3,2,2,2,0.667,22,1,0,0,2,0,0.667,0.333,0.667,7.3,0,0.125,0.333,11,0,3
"TACKETT CURTIS","UCF",47,72.77,"B",75.6,72.9,67.4,68.1,9,4,3,2,0,2.25,1,0,0,56.3,4,5,0.31,2,0,1,0,1,0,0,0,1,NA,0,0,0,0,0,0,0,0.1,2,1,1,1,1,4,2,1,2,1,0.5,5,0,0,0,0,0,0,0,0,2.5,0,0,0.25,10,0,6
"JOHNATHAN HALL","UTAH",46,72.5,"B",79.7,81.3,79.1,64.7,7,1,5,1,0,1.75,0,1,18.8,118.8,1,13,0.52,0,0,0,0,0,0,0,1,0,NA,0,0,0,0,0,0,0,0,4,1,1,2,3,1,1,1,1,1,1,13,1,0,0,0,0,0,1,0,13,0,0,0,7,0,6
"ANTOINE DESLAURIERS","SYRACUSE",57,72.39,"B",78.3,79.6,54.3,72.6,8,1,6,1,0,0.75,0,3,0,88.9,1.7,5.3,0.55,0,0,0,0,0,0,0,0,1,NA,0,0,0,0,0,0,0,0,3,3,4,0,0,1,1,0,1,3,1,16,0,0,0,0,0,0,0,0,5.3,0,0,0,8,0,8
"ISAIAH CHISOM","OKLA STATE",37,71.2,"B",72.9,72.9,65.6,66.5,7,1,4,1,0,3,0,1,33.3,0,0,0,0,0,1,0,1,0,0,0,0,0,NA,0,0,0,0,0,0,0,0,1,3,1,0,1,1,1,0,0,0,0,0,0,0,0,0,0,0,0,0,0,0,0,0,7,0,5
"NICHOLAS RODRIGUEZ","MISSOURI",58,71.03,"B",59.6,65.3,78.7,48.1,9,3,3,3,2,3.5,3,1,20,106.3,8.5,13.3,1.38,0,1,1,1,0,1,2,1,0,NA,0,0,0,0,0,0,0,0.182,1,2,1,3,5,3,6,3,1,3,0.75,40,3,0,0,3,0.069,0.75,0.75,0,10,0,0.286,0,11,0,6
"BRYAN LONGWELL","VANDERBILT",67,68.3,"B",83.5,73.4,71.4,78.8,5,1,2,1,0,1,0,0,11.5,81.9,-1.7,3.7,0.39,0,1,0,0,0,0,0,1,1,NA,0,1,0,0,0,0,0,0,0,2,1,2,3,1,0,0,2,3,1,11,0,1,0,0,0,0,0,0,3.7,0.333,0,0,5,0,4
"KALEB SPENCER","VA TECH",25,67.18,"B",67.3,62.5,68.9,64.8,5,2,2,2,2,-1,1,1,50,0,0,0,0,0,1,0,1,0,0,0,0,0,NA,0,0,0,0,0,1,0,0.286,1,1,1,1,2,2,2,0,1,0,0,0,0,0,1,0,0,0,0,0,0,0,0.4,0,7,0,3
"OWEN LONG","ARIZONA ST",61,66.95,"B",68,71.8,74.6,58.6,10,3,4,3,1,0.67,1,1,37.5,95.8,-1.5,7,0.93,0,0,0,1,2,0,1,0,0,NA,0,0,0,0,0,0,0,0.231,3,1,1,1,2,3,3,2,0,4,1,28,1,0,0,0,0.033,0,0.25,0,7,0,0.143,0.333,13,0,7
"JUSTIN CRYER","TEXAS",63,66.19,"B",72.8,74.2,57.3,68.9,7,1,5,1,1,3.5,0,0,11.1,86.8,0.7,10.5,0.72,0,3,1,0,0,0,0,0,0,NA,0,1,0,0,0,0,0,0.125,3,2,0,3,3,1,3,1,3,2,0.667,21,1,1,0,0,0,0,0.333,0,7,0.333,0.167,0,8,0,6
"LUKE METZ","ALABAMA",47,65.79,"B",86.5,60,60.8,90.8,6,3,2,1,0,5,1,0,16.7,18.8,4,7,0.67,2,0,2,0,0,0,0,0,0,NA,0,0,0,1,0,0,0,0,1,1,0,2,2,3,5,2,1,2,0.5,14,0,0,0,4,0,1,0,0.25,3.5,0,0,0,6,0,5
"KYLE EFFORD","GA TECH",64,65.39,"B",67.6,70.3,66.4,56.5,8,3,3,3,1,4.25,1,0,14.3,50.7,1.3,15,0.88,0,1,2,1,2,0,1,0,0,NA,1,0,0,0,0,0,0,0.273,2,1,0,2,3,3,6,1,2,1,0.333,15,1,0,0,0,0.059,0,0.333,0,5,0,0.125,0.667,11,0,6
"DEVEN BRYANT","USC",44,65.3,"B",67,81.6,60,52.7,9,2,4,2,0,3,1,1,0,70.1,2.8,4.5,0.86,0,0,1,0,1,0,0,0,0,NA,0,1,0,0,0,0,0,0.1,3,1,1,1,1,2,3,3,2,4,0.667,18,1,1,0,0,0,0,0.167,0,3,0.167,0,0.25,10,0,5
"ISAIAH PATTERSON","W VIRGINIA",33,65.29,"B",81.3,84.5,55.3,72.5,8,4,4,3,1,3,0,0,0,79.2,-3.5,3,0.4,1,0,0,0,0,0,0,0,0,NA,0,0,0,0,0,0,0,0.111,3,1,0,0,0,4,1,0,1,2,1,6,0,0,0,0,0,0,0,0,3,0,0.143,0,9,0,5
"NATHANIEL STAEHLING","MICHIGAN",44,65.2,"B",69.1,79.9,68.9,54.8,6,3,1,3,0,5.33,1,0,21.4,0,0,0,0,0,1,0,0,2,1,0,1,0,NA,0,0,0,0,0,0,0,0.25,1,0,0,2,3,3,2,2,0,0,0,0,0,0,0,0,0,0,0,0,0,0,0,1,8,0,1
"ASHTON WOODS","W VIRGINIA",20,65.01,"B",92.4,59.5,70.7,92.6,5,1,3,1,1,-1,0,1,50,43.8,2,4,0.36,0,1,0,1,0,0,0,0,0,NA,0,0,0,1,0,0,0,0.167,1,2,1,0,1,1,2,0,2,1,1,4,1,0,0,0,0,0,1,1,4,0,0.333,0,6,0,4
"AMARE CAMPBELL","TENNESSEE",76,64.52,"B",69,56.1,59.2,74.1,12,6,2,4,0,4,0,0,0,93.1,4.3,7.6,0.81,2,0,0,0,0,0,1,0,1,NA,0,2,0,0,0,0,0,0,1,1,1,0,0,6,6,2,3,5,0.833,38,2,2,0,0,0.021,0,0.333,0,6.3,0.333,0,0,12,0,7
"ROLIJAH HARDY","INDIANA",32,64.41,"B",90.3,68.3,63.7,89.9,5,1,3,1,0,0,0,0,0,30.6,-1,2.3,0.5,0,0,2,0,0,1,0,0,2,NA,0,0,0,1,0,0,0,0,0,3,2,0,0,1,0,0,4,4,0.667,9,0,0,0,0,0,0,0,0.167,1.5,0,0,0,5,0,3
"TAH'J BUTLER","OLE MISS",43,63.81,"B",75.8,66.6,58.4,77,8,3,2,2,0,7.67,0,0,0,0,0,0,0,1,0,0,0,0,0,0,0,1,NA,0,0,0,0,0,0,0,0,0,2,1,0,0,3,1,0,2,0,0,0,0,0,0,0,0,0,0,0,0,0,0,0,8,0,3
"JACOB MANU","WASHINGTON",49,63.79,"B",71.5,72.3,66.1,65,3,1,2,1,1,5,3,0,0,0,0,0,0,0,0,0,1,0,0,0,0,0,NA,0,0,0,0,0,0,0,0.25,1,1,0,2,3,1,1,0,1,0,0,0,0,0,0,0,0,0,0,0,0,0,0.333,0,4,0,4
"TROY BOWLES","MICHIGAN",60,63.73,"B",81.8,81.7,74.7,69.5,9,2,4,2,0,4.5,0,0,10,96.7,2.2,7.2,1.06,0,0,0,0,2,1,1,0,0,NA,0,0,0,0,0,1,0,0.182,1,3,0,1,1,2,2,2,3,5,1,36,1,0,0,0,0.029,0,0.2,0,7.2,0,0,0.286,11,0,8
"GIDEON ESPN LAMPRON","COLORADO",42,63.52,"B",79.9,70.2,77.6,69.3,2,0,2,0,0,-1,0,1,12.5,87.5,1,5,0.48,0,1,3,0,0,0,0,2,1,NA,0,0,0,0,1,0,0,0,1,1,2,1,3,0,1,1,2,2,0.4,10,1,0,0,0,0,0,0.2,0,2,0,0,0,2,0,2
"SAMMY BROWN","CLEMSON",55,62.91,"B",76.5,86.9,51.8,74,6,1,3,0,0,2,1,1,4.5,66.7,2,11,0.31,1,0,0,0,0,0,0,0,0,NA,0,1,0,0,0,0,0,0,2,1,1,1,1,1,0,0,1,1,0.5,11,0,1,0,0,0,0,0,0,5.5,0.5,0,0,6,0,4
"MOSES WALKER","RUTGERS",44,61.87,"B",80.9,66.6,58.8,83.2,4,2,2,1,0,0,1,0,0,0,2,6,0.29,1,0,1,1,0,0,0,0,0,NA,0,0,0,2,0,0,0,0,0,2,0,0,1,2,2,1,4,1,0.25,6,0,0,0,2,0,0.5,0,0.5,1.5,0,0,0,4,0,3
"JERRY MIXON","OREGON",39,60.52,"B",79.7,67.8,57.2,81.5,8,3,3,2,1,3.5,0,0,0,70.1,-3.7,0.5,0.05,1,0,0,0,0,0,0,0,1,NA,0,1,0,0,0,0,0,0.111,1,2,1,0,0,3,1,0,2,2,0.667,1,0,1,0,1,0,0.333,0,0,0.3,0.333,0.2,0,9,0,6
"AIDEN HALL","WAKE",70,59.14,"C",64.2,88.4,54.5,48.4,13,3,4,3,0,1.67,0,3,0,117.7,7.8,12.3,1.36,0,0,0,0,2,0,2,0,0,NA,0,0,0,0,0,0,0,0.133,4,0,3,0,0,3,5,5,0,4,1,49,2,0,0,0,0.056,0,0.5,0,12.3,0,0,0.333,15,0,10
"BEN ROBERTS","TEXAS TECH",67,59.05,"C",64.2,71.2,65,58.7,11,3,5,1,1,0.5,1,1,0,87.9,10.2,14.3,1,2,0,0,1,0,0,2,0,0,NA,0,0,0,0,0,0,0,0.083,4,1,1,0,1,3,4,3,1,3,0.6,43,2,0,1,3,0.047,0.6,0.4,0,8.6,0,0.167,0,12,0,5
"KOOPER EBEL","PENN STATE",34,58.89,"C",70,75.3,52,62.5,5,3,1,3,0,6,0,0,8.3,0,0,0,0,0,1,0,0,0,0,0,0,0,NA,0,0,0,0,0,0,0,0,1,0,0,1,1,3,0,0,0,0,0,0,0,0,0,0,0,0,0,0,0,0,0,0,5,0,2
"WHIT WEEKS","LSU",43,58.76,"C",82.6,81.1,62.6,75.2,4,1,3,1,0,2,0,0,0,39.6,-2,0,0,0,0,1,0,0,1,0,0,1,NA,0,0,0,0,0,0,0,0,1,2,1,0,0,1,0,0,1,0,0,0,0,0,0,1,0,1,0,0,0,0,0,0,4,0,3
"NICK RINALDI","VANDERBILT",56,58.56,"C",68.9,65.1,62.1,68.1,5,1,2,1,0,7.5,0,0,5,66.7,6,11,0.69,0,1,1,1,0,0,0,0,1,NA,0,0,0,0,0,0,0,0,0,2,1,2,3,1,2,1,2,1,0.5,11,1,0,0,0,0,0,0.5,0,5.5,0,0,0,5,0,3
"MYLES GRAHAM","FLORIDA",32,57.77,"C",72.1,76.1,59.1,66.1,8,4,1,2,0,5,0,0,0,70.1,-1.3,1,0.09,2,0,1,0,0,0,0,0,0,NA,0,0,0,0,0,0,0,0,1,0,0,0,0,4,2,2,3,2,0.667,2,0,0,0,0,0,0,0,0,0.7,0,0,0,8,0,4
"JEREMIAH TELANDER","TENNESSEE",42,57.75,"C",72.3,64,61.1,75.6,3,2,1,1,0,0,0,0,6.7,0,12,0,0,1,1,1,1,0,0,0,0,0,NA,0,0,0,1,0,0,0,0,0,1,0,0,1,2,1,0,1,0,0,0,0,0,0,0,0,0,0,1,0,0,0,0,3,0,1
"SHAWN MURPHY","S CAROLINA",24,57.46,"C",74.1,83,63.5,61.9,4,1,3,1,0,-0.5,1,1,16.7,118.8,3.5,12.5,1.67,0,0,0,0,0,0,1,0,1,NA,0,0,0,0,0,0,0,0,2,1,2,1,1,1,1,1,1,2,1,25,1,0,0,0,0.067,0,0.5,0,12.5,0,0,0,4,0,4
"TERRELL FOSTER","GEORGIA",25,57.17,"C",84.2,74.5,56.5,82.5,5,2,1,1,1,4.67,0,0,16.7,39.6,6,0,0,1,1,0,0,0,0,0,0,0,NA,0,0,0,0,0,0,0,0.167,1,0,0,1,1,2,1,0,2,0,0,0,0,0,0,0,0,0,0,0,0,0,0.2,0,6,0,3
"STANQUAN CLARK","LOUISVILLE",41,57.13,"C",85.2,71.5,96.4,56.6,2,1,1,0,0,3,0,0,8.3,66.7,5,11,0.48,1,0,1,0,0,0,0,0,0,NA,2,0,0,0,0,0,0,0,1,0,0,1,1,1,1,1,0,1,0.5,11,1,0,0,1,0,0.5,0.5,0,5.5,0,0,0,2,0,0
"DEVON JACKSON","OREGON",56,57.02,"C",85.9,81.4,NA,79.8,6,1,1,1,0,22.75,0,0,NA,70.1,1.3,1.5,0.11,0,0,1,0,0,0,0,0,0,NA,0,1,0,1,1,0,0,0,1,0,0,0,0,1,2,2,2,2,0.667,3,2,1,0,3,0,1,0.667,0.333,1,0.333,0,0,6,0,5
"AARON CHILES","FLORIDA",34,56.88,"C",61.3,73,55.1,64.3,5,1,4,1,0,4,1,0,0,56.3,7.5,0,0,0,0,0,0,0,0,0,1,1,NA,0,0,0,0,0,1,0,0,2,2,1,0,1,1,3,2,1,1,0.5,0,0,0,0,0,0,0,0,0,0,0,0,0,5,0,3
"PAYTON PIERCE","OHIO STATE",67,56.26,"C",75.9,71,56.7,73.9,10,4,2,3,1,5.5,0,0,0,85.4,6,10,1.08,1,0,2,0,0,0,1,0,0,NA,0,0,1,0,0,0,0,0.091,1,1,0,0,0,4,4,2,1,4,0.667,40,2,0,0,0,0.027,0,0.333,0,6.7,0,0.167,0,11,0,6
"ROBERT WOODYARD JR.","MISSOURI",54,56.24,"C",72.9,92.4,55.9,52.8,9,0,5,0,1,2.5,1,1,0,47,10.7,15.5,2.21,0,0,2,0,0,0,2,1,0,NA,0,0,1,1,0,1,0,0.1,4,1,1,0,1,0,5,4,2,4,0.571,62,3,0,0,6,0.071,0.857,0.429,0.143,8.9,0,0.143,0,10,0,8
"CADE ULUAVE","BYU",50,56.08,"C",80.2,63.5,91.6,72.8,6,1,1,1,1,4.5,1,0,33.3,55.2,3.3,6.8,0.9,0,0,0,0,3,0,0,2,0,NA,0,0,0,1,0,0,0,0.4,0,1,0,1,3,1,5,3,1,4,1,27,0,0,0,0,0,0,0,0.25,6.8,0,0.25,0.5,10,0,4
"JONATHAN THOMPSON","CINCINNATI",25,56.03,"C",78.3,73.8,57.2,73.3,7,2,2,1,0,8.67,0,1,0,83.3,4,4,0.31,1,0,0,0,0,0,0,0,0,NA,0,0,0,0,0,0,0,0,1,1,1,0,0,2,0,0,1,1,1,4,0,0,0,0,0,0,0,0,4,0,0,0,7,0,2
"JOEY GERLACH","MINNESOTA",23,55.53,"C",66.8,61.6,70.6,62.3,4,0,3,0,1,4.67,0,1,50,0,0,0,0,0,1,0,1,0,0,0,0,0,NA,0,0,1,0,0,0,0,0.2,2,1,1,0,1,0,2,0,0,0,0,0,0,0,0,0,0,0,0,0,0,0,0.25,0,5,0,4
"TATE ROMNEY","OKLA STATE",50,54.63,"C",77.7,71.4,54.2,77.8,6,1,3,1,0,3.67,0,0,0,0,0,0,0,0,0,0,0,0,0,0,0,0,NA,0,1,0,0,0,0,0,0,3,0,0,0,0,1,1,0,2,0,0,0,0,1,0,0,0,0,0,0,0,0,0,0,6,0,4
"TYLER MARTINEZ","COLORADO",38,54.33,"C",69.2,62.7,53.6,72.5,6,0,4,0,1,1.8,1,2,0,39.6,4.8,11,0.55,0,0,2,0,0,0,0,1,0,NA,0,1,0,0,0,0,0,0.143,4,0,2,0,1,0,3,1,2,1,0.25,11,1,1,0,0,0,0,0.25,0,2.8,0.25,0.167,0,7,0,7
"FRED JOHNSON","S CAROLINA",37,54.16,"C",71.4,90,60,60.3,4,3,0,2,0,0,1,0,7.1,95.8,-2,7,0.33,1,0,0,0,0,0,0,1,0,NA,0,0,0,0,0,0,0,0,0,0,0,0,1,3,1,1,0,1,1,7,0,0,0,0,0,0,0,0,7,0,0,0,4,0,0
"REGGIE POWERS III","OKLAHOMA",53,54.08,"C",74.3,64.3,67.4,76.8,5,0,3,0,1,4,0,0,25,81.3,4.8,5.3,1.23,0,2,1,1,1,0,0,0,1,NA,1,0,0,0,0,0,0,0.286,1,2,1,1,2,0,3,0,2,3,0.75,16,1,0,0,0,0,0,0.25,0,4,0,0.333,0.25,7,0,6
"LANDYN VAN KEKERIX","IOWA",18,53.99,"C",74.5,75.5,60,62.8,3,2,1,2,0,0,0,1,0,0,0,0,0,0,0,0,0,0,0,0,0,0,NA,0,0,0,0,0,0,0,0,1,0,1,0,0,2,0,0,0,0,0,0,0,0,0,0,0,0,0,0,0,0,0,0,3,0,2
"ISAIAH JONES","INDIANA",34,53.74,"C",74.5,81.7,46.7,69.5,5,2,3,1,0,1,0,1,16.7,79.2,-4,-4,-0.24,1,1,0,0,1,0,0,0,0,NA,0,0,0,0,0,0,0,0.167,3,0,1,1,1,2,1,0,1,1,1,-4,0,0,0,0,0,0,0,0,-4,0,0,0.5,6,0,2
"DYLAN WILLIAMS","OREGON",50,53.38,"C",65.5,59.9,67,65.3,6,3,2,2,1,0,1,1,0,85.4,2,4.5,0.38,1,1,0,0,1,0,0,0,0,NA,1,0,0,0,0,0,0,0.25,1,1,1,2,2,3,4,2,3,2,1,9,0,0,0,2,0,1,0,0,4.5,0,0.25,0.25,8,0,2
"CARSON CRAWFORD","COLORADO",18,53.37,"C",87.7,75,76.4,71.5,3,1,2,1,0,3,0,0,16.7,108.3,-1,10,1.67,0,1,0,0,0,1,0,1,0,NA,0,0,0,0,0,1,0,0,2,0,0,0,1,1,0,0,1,1,1,10,1,0,0,0,0,0,1,0,10,0,0,0,3,0,1
"JAMAL ANDERSON","SMU",32,53.11,"C",81.1,70.9,63.8,75.9,4,0,3,0,0,4,0,0,0,59.4,2.5,7.5,0.83,0,0,0,0,0,1,0,0,1,NA,0,2,0,0,0,0,0,0,1,2,1,0,0,0,2,2,3,2,0.5,15,1,3,0,0,0,0,0.25,0,3.8,0.75,0,0,4,0,3
"JUSTIN OKORONKWO","S CAROLINA",25,53,"C",66.8,79.5,60.5,51.9,3,1,2,1,0,1,0,1,10,0,0,0,0,0,1,0,0,0,1,0,0,0,NA,0,0,0,0,0,0,0,0,2,0,1,1,1,1,1,1,0,0,0,0,0,0,0,0,0,0,0,0,0,0,0,0,3,0,2
"QUINCY DAVIS","KANSAS",58,52.89,"C",60.9,70.1,58.3,57.5,6,4,1,4,1,-2,0,1,5,74,11.5,14.5,2.07,0,0,2,0,0,0,1,0,0,NA,0,0,1,0,0,0,0,0.143,1,0,1,1,1,4,5,1,0,2,0.5,29,1,0,0,1,0.071,0.25,0.25,0,7.3,0,0.167,0,7,0,3
"JADEN ROBINSON","FLORIDA",28,52.73,"C",76.6,86.4,57.9,65.3,3,1,2,1,0,0,0,0,0,72.9,4,5.5,0.65,0,0,1,0,0,0,0,0,1,NA,0,0,0,0,0,0,0,0,0,2,1,0,0,1,1,1,2,2,0.667,11,1,0,0,0,0,0,0.333,0,3.7,0,0,0,3,0,4
"CHRIS COLE","GEORGIA",24,51.54,"C",72.9,73.5,54.5,70.9,3,0,3,0,0,-0.5,0,2,0,0,0,0,0,0,0,0,0,0,0,0,0,0,NA,0,0,0,0,0,0,0,0,2,1,2,0,0,0,0,0,1,0,0,0,0,0,0,0,0,0,0,0,0,0,0,0,3,0,2
"ELIJAH ELLISS","UTAH",44,51.28,"C",60.6,59,57.4,63.4,4,2,2,1,1,1,1,0,9.4,39.6,2.8,1,0.06,1,1,3,1,0,0,0,0,0,NA,0,0,0,0,0,0,0,0.2,1,1,0,1,2,2,2,1,1,1,0.25,1,0,0,0,0,0,0,0,0,0.3,0,0.333,0,5,0,3
"THOMAS HEIBERGER","WISCONSIN",24,50.98,"C",82.3,74.3,NA,77.2,4,1,0,0,0,8.5,1,0,NA,43.8,4.7,10,0.83,1,0,0,0,1,0,0,1,0,NA,0,2,0,0,0,0,0,0.2,0,0,0,0,1,1,1,1,2,1,0.333,10,0,2,0,1,0,0.333,0,0,3.3,0.667,0,0.333,4,0,4
"SIMEON COLEMAN","CINCINNATI",30,50.98,"C",81.4,76.9,59.6,76.4,9,4,1,2,0,1,0,0,0,118.8,5,13,1.95,2,0,0,0,0,0,1,0,0,NA,0,0,1,0,0,0,0,0,1,0,0,0,0,4,2,2,2,3,1,39,2,0,0,1,0.05,0.333,0.667,0,13,0,0,0,9,0,4
"E.J. LIGHTSEY","GA TECH",67,50.97,"C",63.3,60.8,54.7,66.8,11,4,3,4,1,3,0,0,0,95.8,2,7,0.35,0,0,0,0,0,0,0,0,0,NA,0,0,0,0,0,0,0,0.083,3,0,0,0,0,4,5,0,0,1,1,7,0,0,0,0,0,0,0,0,7,0,0.111,0,12,0,6
"REX VAN WYHE","KANSAS ST",16,50.58,"C",73.7,74.1,46.6,72.8,3,1,2,1,0,-2,0,1,50,79.2,-4,-4,-0.67,0,1,0,0,1,0,0,0,1,NA,0,0,0,0,0,0,0,0.25,1,1,2,1,1,1,1,0,1,1,1,-4,0,0,0,0,0,0,0,0,-4,0,0,0.5,4,0,2
"DEXTER FOSTER","NEBRASKA",22,50.56,"C",75.6,76.2,NA,64.7,5,1,3,1,0,0.33,0,1,NA,91.7,4,6,0.67,0,0,0,0,0,0,0,0,0,NA,0,0,0,0,0,0,0,0,2,1,1,0,0,1,1,0,0,1,1,6,0,0,0,0,0,0,0,0,6,0,0,0,5,0,4
"DANIEL WINGATE","MARYLAND",37,49.97,"C",67.6,76.4,58.9,65.7,5,2,1,2,0,1,0,0,0,0,0,0,0,0,0,0,0,0,0,0,0,0,NA,0,0,0,0,0,0,0,0,1,0,0,0,0,2,2,1,0,0,0,0,0,0,0,0,0,0,0,0,0,0,0,0,5,0,4
"GABE POWERS","KANSAS ST",43,49.87,"C",63.6,60.4,56,65.5,4,1,3,1,0,1,2,1,0,79.2,-3,3,0.14,0,0,0,0,0,0,0,0,0,NA,0,0,0,0,0,0,0,0,2,1,1,2,2,1,3,0,0,1,1,3,0,0,0,0,0,0,0,0,3,0,0,0,4,0,3
"MARTELL HUGHES","ARIZONA ST",56,49.75,"C",60.7,56.3,55,65.2,9,3,3,1,1,3.6,0,1,16.7,116,8,15.7,1.74,2,1,2,0,1,0,1,0,0,NA,0,1,0,0,1,0,0,0.182,2,1,1,2,2,3,8,2,3,3,0.5,47,1,1,0,0,0.037,0,0.167,0,7.8,0.167,0.143,0.25,11,0,9
"BRADY PRETZLAFF","MICH STATE",53,49.6,"C",72.2,67.3,57.3,72.6,8,4,1,3,1,7,0,0,0,98.6,-1,7.7,0.79,1,0,0,0,0,0,0,0,0,NA,0,0,0,0,0,0,0,0.111,0,1,0,0,0,4,1,0,1,3,1,23,0,0,0,0,0,0,0,0,7.7,0,0.2,0,9,0,3
"KAM ROBINSON","VIRGINIA",20,49.14,"C",74.5,78.5,57.3,65.4,4,1,2,1,0,2.5,0,0,0,0,0,0,0,0,0,0,0,0,0,0,0,0,NA,0,0,0,0,0,0,0,0,2,0,0,0,0,1,0,0,0,0,0,0,0,0,0,0,0,0,0,0,0,0,0,0,4,0,1
"BRADLEY GOMPERS","DUKE",26,48.97,"C",72.4,78,54.1,65.1,3,3,0,2,0,0,0,0,0,0,0,0,0,1,0,0,0,0,0,0,0,0,NA,0,0,0,0,0,0,0,0,0,0,0,0,0,3,0,0,0,0,0,0,0,0,0,0,0,0,0,0,0,0,0,0,3,0,0
"MICHAEL SHORT","TCU",19,48.95,"C",82.4,85.3,60,63.9,2,1,0,1,0,0,0,0,0,39.6,-1,0,0,0,0,1,0,0,0,0,0,0,NA,0,0,1,0,0,0,0,0,0,0,0,0,0,1,0,0,0,0,0,0,0,0,0,0,0,0,0,0,0,0,0,0,2,0,2
"JAMIAN RISHER JR.","S CAROLINA",22,48.82,"C",76.8,72.8,59.5,71,2,2,0,1,0,0,1,0,0,56.3,2.5,0,0,1,0,0,0,0,0,0,0,0,NA,0,0,0,0,0,0,0,0,0,0,0,1,1,2,0,0,1,1,0.5,0,0,0,0,0,0,0,0,0,0,0,0,0,2,0,2
"CYRUS POLU","UTAH",41,48.76,"C",61.5,65.3,60.5,58.2,4,2,0,1,0,11,0,0,5,39.6,20,0,0,1,0,1,0,0,0,0,0,0,NA,0,0,0,0,0,0,0,0,0,0,0,1,1,2,2,1,0,0,0,0,0,0,0,0,0,0,0,0,0,0,0,0,4,0,2
"DAMAINE WILSON","CINCINNATI",26,48.43,"C",66.7,62.3,68.6,63.7,5,0,4,0,0,1.33,0,2,12.5,97.2,5,7.3,1.47,1,0,0,0,1,0,0,0,0,NA,0,0,0,0,0,0,0,0.167,3,1,2,1,1,1,2,1,1,3,1,22,1,0,0,0,0,0,0.333,0,7.3,0,0,0.333,6,0,5
"JEREMIAH MARCELIN","PITTSBURGH",57,48.35,"C",53.3,64.3,51.7,54.5,5,0,4,0,1,2,2,0,16.7,62.5,4,9,0.87,0,2,3,1,3,0,0,1,0,NA,0,0,0,0,0,0,0,0.444,1,3,0,3,5,0,5,2,0,3,0.5,27,0,0,0,0,0,0,0,0,4.5,0,0.5,0.429,8,0,6
"TRISTAN JERNIGAN","CAL",33,48.24,"C",72.6,75.2,59.4,63.8,3,2,1,2,0,2,0,0,0,39.6,-2,0,0,0,0,0,0,0,0,0,0,0,NA,0,0,0,0,0,0,0,0,1,0,0,0,0,2,0,0,0,0,0,0,0,0,0,0,0,0,0,0,0,0,0,0,3,0,1
"MASON POSA","WISCONSIN",33,47.98,"C",81,77.2,59.5,72.4,4,2,1,2,0,0,0,0,0,79.2,0,3,0.27,0,0,0,0,0,0,0,0,0,NA,0,0,0,0,0,0,0,0,0,1,0,0,0,2,0,0,1,1,1,3,0,0,0,1,0,1,0,0,3,0,0,0,4,0,1
"JONATHAN AGUMADU","N CAROLINA",32,47.92,"C",65,69.6,68,63.6,6,1,5,0,1,1.67,1,1,0,95.8,0,7,1.24,1,0,0,0,1,0,0,1,0,NA,0,0,0,0,0,0,0,0.25,3,2,1,0,1,1,4,2,4,3,1,21,1,0,0,3,0,1,0.333,0,7,0,0.25,0.25,8,0,5
"CARMYCAH GLASS","HOUSTON",16,47.4,"C",80.6,69.9,78.4,64.4,2,2,0,1,0,0,0,0,0,0,0,0,0,1,0,0,0,0,2,0,0,0,NA,0,0,0,0,0,0,0,0,0,0,0,0,0,2,0,0,0,0,0,0,0,0,0,0,0,0,0,0,0,0,0,0,2,0,0
"GARY BRYANT III","SYRACUSE",23,47.31,"C",72.3,75.9,NA,62.8,4,0,2,0,0,2,0,1,NA,56.3,12,5,0.42,0,0,0,0,0,0,0,0,0,NA,0,0,0,0,0,0,0,0,2,0,1,0,0,0,1,1,1,1,0.5,5,0,1,0,0,0,0,0,0,2.5,0.5,0,0,4,0,3
"PHOENIX JACKSON","ARKANSAS",17,46.98,"C",68.8,71.7,56.9,61.6,2,1,0,1,0,10,0,0,16.7,0,0,0,0,0,1,0,0,0,0,0,0,0,NA,0,0,0,0,0,0,0,0,0,0,0,1,1,1,0,0,0,0,0,0,0,0,0,0,0,0,0,0,0,0,0,0,2,0,0
"CAM TORBOR","W VIRGINIA",29,46.74,"C",77.1,76.2,78.7,55.3,5,0,3,0,0,2,0,2,7.1,118.8,4,24,4,0,0,0,0,0,2,1,0,0,NA,0,0,0,0,0,0,0,0,2,1,2,1,1,0,1,1,1,1,1,24,1,0,0,0,0.167,0,1,0,24,0,0,0,5,0,5
"CARLTON SMITH","MARYLAND",33,46.55,"C",62.8,64.1,69.5,56.3,5,1,3,1,1,1.33,0,1,16.7,79.2,4,3,0.23,0,0,0,0,0,0,0,0,0,NA,0,0,0,0,0,0,0,0.167,2,1,1,1,1,1,3,0,1,1,1,3,0,0,0,1,0,1,0,0,3,0,0.2,0,6,0,4
"DION CRAWFORD","MICH STATE",25,46.52,"C",75.2,77.6,NA,65.5,4,3,0,2,0,2,0,0,NA,85.4,-0.5,4.5,0.82,1,0,0,0,0,0,0,0,0,NA,0,0,0,0,0,0,0,0,0,0,0,0,0,3,0,0,0,2,1,9,0,0,0,0,0,0,0,0,4.5,0,0,0,4,0,2
"ISAIAH GLASKER","BYU",52,46.4,"C",64.2,63.8,69.7,59.5,8,0,5,0,0,6.75,1,1,10,158.3,12.5,21.3,3.04,0,1,0,1,1,0,3,1,0,NA,0,0,0,0,1,0,0,0.111,3,2,1,0,2,0,4,3,3,4,1,85,3,0,1,0,0.107,0,0.75,0,21.3,0,0,0.2,9,0,6
"CHARLES CORREA","PURDUE",70,45.96,"C",66.7,78.6,59.5,52.4,9,1,5,1,1,3.57,0,0,0,83.3,5.5,19,0.61,0,0,1,0,0,0,1,0,0,NA,0,0,0,0,0,0,0,0.1,5,0,0,0,0,1,4,2,0,1,0.5,19,1,0,0,0,0.032,0,0.5,0,9.5,0,0.111,0,10,0,6
"MYLES JOHNSON","FLORIDA",20,45.79,"C",80.8,66.2,NA,78.3,4,2,1,1,0,0,0,0,NA,79.2,0,1,0.08,1,0,0,0,0,0,0,0,0,NA,0,0,0,0,0,1,0,0,0,1,0,0,0,2,1,0,2,1,1,1,0,0,0,0,0,0,0,0,1,0,0,0,4,0,2
"NOAH CHAMBERS","VA TECH",28,45.72,"C",63.1,76.7,70.3,48.8,3,1,1,1,0,0,1,1,0,108.3,4,10,0.63,0,0,0,1,1,0,0,0,0,NA,0,0,0,0,0,0,0,0.25,1,0,1,0,1,1,2,2,1,1,1,10,0,0,1,0,0,0,0,0,10,0,0,0.5,4,0,2
"BODIE KAHOUN","BOSTON COL",22,45.58,"C",66.2,55.9,75.5,63.4,4,1,3,1,1,2.5,0,0,37.5,87.5,5,5,1,0,0,0,0,1,0,0,0,0,NA,0,0,0,0,0,0,0,0.333,2,1,0,3,3,1,3,0,0,1,1,5,0,0,0,1,0,1,0,0,5,0,0.25,0.5,6,0,5
"KYLAND REED","BAYLOR",22,45.22,"C",70.3,74.6,55.8,63.3,2,1,1,1,0,-1,0,1,0,0,0,0,0,0,0,0,0,0,0,0,0,0,NA,0,0,0,0,0,0,0,0,1,0,1,0,0,1,0,0,0,0,0,0,0,0,0,0,0,0,0,0,0,0,0,0,2,0,1
"BEN CUTTER","W VIRGINIA",29,45.19,"C",62.8,80.2,58.8,46.6,3,1,1,1,0,5.5,0,1,50,109.7,3.3,33.5,5.15,0,1,1,0,0,0,1,0,0,NA,0,0,0,0,0,1,0,0,1,0,1,1,1,1,2,2,1,2,0.667,67,0,0,0,0,0.077,0,0,0,22.3,0,0,0,3,0,2
"AJ KRUAH","GEORGIA",19,44.57,"C",78.3,63.8,58.4,81.1,3,0,3,0,0,4,0,0,0,79.2,-3,-3,-0.5,0,0,0,0,0,0,0,0,1,NA,0,0,0,0,0,0,0,0,1,2,1,0,0,0,1,0,2,1,1,-3,0,0,0,0,0,0,0,0,-3,0,0,0,3,0,3
"CALEB HARDY","VIRGINIA",16,44.51,"C",79.8,67.7,NA,76,3,2,1,2,0,0,0,0,NA,85.4,2,4.5,0.75,0,0,0,0,0,0,0,0,0,NA,0,0,0,0,0,0,0,0,0,1,0,0,0,2,0,0,2,2,1,9,0,0,0,1,0,0.5,0,0,4.5,0,0,0,3,0,1
"JARED SMITH","AUBURN",37,44.26,"C",74,64,60.7,80.8,5,2,3,0,0,4,0,0,0,79.2,-2,1,0.14,2,0,0,0,0,2,0,0,0,NA,0,0,0,0,0,0,0,0,1,2,0,0,0,2,0,0,2,1,1,1,0,0,0,0,0,0,0,0,1,0,0,0,5,0,2
"DK GILLEY","RUTGERS",18,43.99,"C",73,65.6,67.6,68,4,1,2,0,0,3,1,0,0,95.8,-4,7,0.5,1,0,0,0,0,0,0,0,0,NA,0,0,0,0,0,0,0,0,1,1,0,1,1,1,0,0,1,1,1,7,0,0,0,1,0,1,0,0,7,0,0,0,4,0,3
"ZACARI THOMAS","BOSTON COL",38,43.9,"C",70.1,73.3,68.9,54.2,6,2,1,2,1,5.67,0,0,0,95.8,15,4,0.44,0,0,1,0,0,1,0,0,0,NA,0,0,0,0,1,0,0,0.143,1,0,0,0,0,2,2,1,0,1,0.5,4,1,0,0,1,0,0.5,0.5,0,2,0,0.167,0,7,0,3
"JAYDEN MONTGOMERY","IOWA",51,43.67,"C",67.9,78.1,55.2,55.8,4,1,3,1,0,-3,0,2,0,87.5,-1.5,5,0.71,0,0,0,0,1,0,0,0,0,NA,0,0,0,0,0,0,0,0.2,2,1,2,0,0,1,5,1,1,2,1,10,0,0,0,0,0,0,0,0,5,0,0,0.5,5,0,6
"OWEN CHAMBLISS","NEBRASKA",35,43.43,"C",72.4,72,60,65.8,4,2,2,2,0,2.5,0,0,0,100,-4,8,0.57,0,0,0,0,0,0,0,0,0,NA,0,1,0,0,0,0,1,0,2,0,0,0,0,2,3,1,0,1,1,8,1,0,0,0,0,0,1,0,8,0,0,0,4,0,3
"JOJO HAYDEN","PURDUE",58,43.4,"C",62.8,69.2,69.8,53,9,2,2,2,1,5.75,1,0,0,158.3,9.3,14.7,1.76,0,0,0,0,0,0,1,1,0,NA,0,0,0,0,1,0,0,0.1,2,0,0,1,2,2,4,2,1,3,1,44,3,0,0,0,0.04,0,1,0,14.7,0,0.143,0,10,0,5
"CHRISTIAN ALLIEGRO","OHIO STATE",51,43.1,"C",58.6,62.5,60.5,54.2,7,1,2,1,1,1.67,0,1,8.3,77.1,18,16,1.14,0,1,1,0,0,0,1,1,0,NA,0,0,0,0,0,0,0,0.125,2,0,1,1,2,1,4,2,0,1,0.5,16,1,0,0,0,0.071,0,0.5,0,8,0,0.2,0,8,0,6
"BRANDON MIYAZONO","SMU",26,43,"C",70.2,62.8,66.3,66.9,1,0,0,0,0,0,1,0,0,39.6,2,0,0,0,0,1,0,0,0,0,0,0,NA,0,1,0,0,0,0,0,0,0,0,0,1,1,0,1,1,2,0,0,0,0,1,0,0,0,0,0,0,0,0.5,0,0,1,0,1
"AUSTIN ROMAINE","TEXAS TECH",73,42.86,"C",64.4,77.2,51.7,59.9,10,3,4,2,0,2.67,0,0,0,84.2,7.2,12.8,1.64,1,0,3,0,2,0,3,0,0,NA,0,0,0,0,0,0,0,0.167,2,2,0,0,0,3,4,4,2,6,0.6,77,4,0,0,10,0.064,1,0.4,0,7.7,0,0,0.286,12,0,9
"MAX CARROLL","TCU",34,42.73,"C",72.2,75.2,67.9,62.1,4,1,2,1,0,3.67,0,0,16.7,118.8,6,52,2.89,0,0,0,0,0,0,1,0,0,NA,0,1,0,0,0,0,1,0,2,0,0,1,1,1,2,1,1,1,1,52,1,1,0,0,0.056,0,1,0,52,1,0,0,4,0,2
"KALEB BURNS","BAYLOR",16,42.55,"C",77.9,68.1,56.1,76.1,1,1,0,1,0,0,0,0,0,39.6,0,0,0,0,0,0,0,0,0,0,0,0,NA,0,1,0,0,0,0,0,0,0,0,0,0,0,1,0,0,1,0,0,0,0,1,0,0,0,0,0,0,0,1,0,0,1,0,0
"ALEXANDER KILGORE","SMU",26,42.5,"C",68,63,65.9,64.7,3,1,1,1,0,6,0,0,16.7,83.3,2.5,4,0.62,0,0,0,0,0,0,0,0,0,NA,0,0,0,0,0,0,0,0,0,1,0,1,1,1,1,0,0,2,1,8,0,0,0,0,0,0,0,0,4,0,0,0,3,0,3
"BRYCE DEAS","AUBURN",17,42.48,"C",67.7,58.3,69.4,63.1,NA,0,0,NA,NA,0,0,NA,21.4,39.6,-3,0,0,NA,1,1,0,NA,0,0,0,NA,NA,0,0,0,0,0,0,0,NA,NA,NA,0,3,3,NA,1,0,0,0,0,0,0,0,0,0,0,0,0,0,0,0,NA,NA,NA,0,2
"JD MCKINLEY","CAL",65,42.47,"C",63.3,65.7,61,57.4,5,1,2,1,0,-0.5,0,1,2.9,79.2,-1,1,0.2,0,0,0,0,0,2,0,1,0,NA,0,0,0,0,0,0,0,0,1,1,1,1,2,1,2,1,1,1,1,1,0,0,0,0,0,0,0,0,1,0,0,0,5,0,3
"CHRIS D'APPOLONIA","SYRACUSE",64,42.3,"C",57,61.1,69.2,52.2,8,1,3,1,1,3.5,0,1,25,111.8,4.7,13,1.91,0,1,1,1,0,0,1,0,0,NA,0,0,0,0,0,0,0,0.111,2,1,1,0,1,1,5,3,0,5,0.833,65,2,0,0,0,0.029,0,0.333,0,10.8,0,0.25,0,9,0,5
"JAMES KREUTZ","ILLINOIS",44,42.24,"C",63.4,67,55.9,59.2,8,2,4,1,1,7.25,0,1,0,111.5,6.8,10.8,2.87,1,0,0,0,0,0,1,0,0,NA,0,0,0,0,0,0,0,0.111,2,2,1,0,0,2,3,1,0,4,1,43,1,0,0,0,0.067,0,0.25,0,10.8,0,0.167,0,9,0,5
"NATHANIEL OWUSU-BOATENG","MICHIGAN",18,41.88,"C",71.9,64,57,72.6,2,1,1,0,0,0,0,0,12.5,79.2,-1,0,0,1,1,0,0,0,0,0,0,1,NA,0,0,0,0,0,0,0,0,0,1,1,1,1,1,0,0,1,1,1,0,0,0,0,0,0,0,0,0,0,0,0,0,2,0,1
"DESMAN STEPHENS II","USC",40,41.54,"C",70.4,72.6,NA,64.6,5,0,3,0,0,4.33,0,0,NA,60.4,0.5,8,0.44,0,0,1,0,0,0,0,0,0,NA,0,0,0,0,0,0,0,0,2,1,0,0,0,0,3,1,1,1,0.5,8,1,0,0,0,0,0,0.5,0,4,0,0,0,5,0,4
"TRAVION BARNES","BAYLOR",18,41.48,"C",69.5,84,59.5,53.7,4,3,0,3,0,0,0,0,0,104.2,-4,9,1.13,0,0,0,0,1,0,0,0,0,NA,0,0,0,0,0,0,0,0.2,0,0,0,0,0,3,1,1,0,1,1,9,0,0,0,0,0,0,0,0,9,0,0,0.5,5,0,1
"TRENT HENDRICK","UCLA",18,41.43,"C",63.4,63.9,57.4,61.7,3,2,0,2,0,7,0,0,0,0,0,0,0,0,0,0,0,0,0,0,0,0,NA,0,0,0,0,0,0,0,0,0,0,0,0,0,2,2,0,0,0,0,0,0,0,0,0,0,0,0,0,0,0,0,0,3,0,2
"CARSON WILLICH","IOWA STATE",47,41.11,"C",65.4,71.5,59.6,59.8,9,2,2,0,1,2.75,0,1,0,85.1,-0.1,5.2,1.48,2,0,1,0,2,0,0,0,1,NA,0,0,0,0,0,0,0,0.25,1,1,2,0,0,2,4,3,2,6,0.857,31,1,0,0,0,0,0,0.143,0,4.4,0,0.2,0.286,11,0,8
"JUSTIN WILLIAMS","GEORGIA",17,41.09,"C",72.5,77.7,57.8,61.6,1,1,0,1,0,0,0,0,0,0,0,0,0,0,0,0,0,0,0,0,0,0,NA,0,0,0,0,0,0,0,0,0,0,0,0,0,1,0,0,0,0,0,0,0,0,0,0,0,0,0,0,0,0,0,0,1,0,1
"NOAH MIKHAIL","TEXAS A&M",48,40.98,"C",67,82.2,54.9,56.3,6,0,3,0,0,6.25,1,0,0,118.8,10,21,0.88,0,0,0,0,0,0,1,0,0,NA,0,0,0,0,0,0,0,0,2,1,0,1,1,0,1,1,0,1,1,21,1,0,0,0,0.042,0,1,0,21,0,0,0,6,0,4
"TY MORRIS","RUTGERS",35,40.9,"C",78.8,76,60,71.6,3,0,3,0,0,2.5,0,0,0,83.3,-6,4,0.24,0,0,0,0,0,0,0,0,0,NA,0,0,0,0,0,0,0,0,2,1,0,0,0,0,0,0,1,1,1,4,0,0,0,1,0,1,0,0,4,0,0,0,3,0,3
"JAYDEN JENNINGS","UCF",27,40.84,"C",66.4,64.3,57.7,65.5,5,1,2,1,2,3,0,1,0,0,0,0,0,0,0,0,0,0,0,0,0,0,NA,0,0,0,0,0,0,0,0.286,1,1,1,0,0,1,2,0,0,0,0,0,0,0,0,0,0,0,0,0,0,0,0.4,0,7,0,4
"TY JACKSON","FLORIDA",15,40.67,"C",68.5,67.1,NA,63.8,3,0,2,0,0,6.5,0,0,NA,0,0,0,0,0,0,0,0,0,0,0,0,0,NA,0,0,0,0,0,0,0,0,1,1,0,0,0,0,0,0,0,0,0,0,0,0,0,0,0,0,0,0,0,0,0,0,3,0,3
"JORDAN MORETA","NC STATE",19,40.39,"C",69.8,65.9,68.4,62.8,2,1,0,1,0,6,0,0,0,0,0,0,0,0,0,0,0,0,1,0,0,0,NA,0,0,0,0,0,0,0,0,0,0,0,0,0,1,0,0,0,0,0,0,0,0,0,0,0,0,0,0,0,0,0,0,2,0,0
"TREY REDDICK","MARYLAND",36,40.29,"C",61.8,68,64.9,55.6,4,2,2,1,0,2,0,0,16.7,77.1,0,7,0.7,1,0,1,0,1,0,0,0,0,NA,0,0,0,0,0,0,0,0.2,1,1,0,1,1,2,3,2,1,2,0.667,14,1,0,0,3,0,1,0.333,0,4.7,0,0,0.333,5,0,3
"ALEX SANFORD JR.","PITTSBURGH",45,39.04,"D",66.8,62.2,61.4,66,2,0,2,0,0,0,1,0,16.7,79.2,-2,-2,-0.07,0,0,0,1,1,0,0,0,0,NA,0,0,0,0,0,0,0,0.333,0,2,0,1,2,0,0,0,0,1,1,-2,0,0,0,0,0,0,0,0,-2,0,0,0.333,3,0,3
"KEATON THOMAS","OLE MISS",32,38.9,"D",71.7,77,54.9,64.5,3,1,1,1,0,23.5,0,0,0,91.7,-7,6,0.43,0,0,0,0,0,0,0,0,0,NA,0,0,0,0,0,0,0,0,1,0,0,0,0,1,1,0,0,1,1,6,1,0,0,1,0,1,1,0,6,0,0,0,3,0,1
"JAMES NESTA","OKLAHOMA",27,38.81,"D",70.2,71.2,59,63.1,3,0,3,0,1,4.33,0,0,0,0,0,0,0,0,0,0,0,0,0,0,0,0,NA,0,0,0,0,0,0,0,0.25,3,0,0,0,0,0,3,0,0,0,0,0,0,0,0,0,0,0,0,0,0,0,0.25,0,4,0,4
"PEYTON SEELMANN","N CAROLINA",31,38.71,"D",78,90.6,NA,59.9,8,0,0,0,0,6.4,0,0,NA,109.7,11.3,24.5,2.88,0,0,1,0,0,0,1,0,0,NA,0,0,1,0,0,0,0,0,0,0,0,0,0,0,2,1,0,2,0.667,49,1,0,0,2,0.059,0.667,0.333,0,16.3,0,0,0,8,0,5
"TREY REYNOLDS","UTAH",47,38.04,"D",68,67.4,62.3,64.4,3,0,2,0,0,4.33,0,0,0,0,0,0,0,0,0,0,0,0,1,0,0,0,NA,0,0,0,0,0,0,0,0,2,0,0,0,0,0,1,0,0,0,0,0,0,0,0,0,0,0,0,0,0,0,0,0,3,0,1
"POPO AGUIRRE","NC STATE",31,37.88,"D",61.6,59.1,68.4,59.2,3,2,1,1,0,0,0,0,0,42.4,3.7,6,0.29,1,0,2,0,0,1,0,0,0,NA,0,0,0,0,0,0,0,0,0,1,0,0,0,2,2,1,0,1,0.333,6,0,0,0,3,0,1,0,0,2,0,0,0,3,0,2
"MEKHI MASON","KANSAS ST",25,37.84,"D",64.7,60,NA,65.3,5,1,4,0,0,3,0,0,NA,79.2,-2,3,0.2,1,0,0,0,0,0,0,0,0,NA,0,0,0,0,0,0,0,0,4,0,0,0,0,1,2,0,0,1,1,3,0,0,0,0,0,0,0,0,3,0,0,0,5,0,4
"BRADLEY SHAW","ARKANSAS",38,37.37,"D",63.9,81.1,56.6,49.7,7,3,3,2,0,5.67,0,0,0,158.3,3.8,13.8,3.67,1,0,0,0,1,0,1,0,0,NA,0,0,0,0,1,0,0,0.125,2,1,0,0,0,3,3,3,1,4,1,55,3,0,0,0,0.067,0,0.75,0,13.8,0,0,0.333,8,0,4
"KENDALL JOHNSON","DUKE",47,36.59,"D",69.5,62.5,60,70.1,3,0,0,0,0,4.5,0,0,0,39.6,19,0,0,0,0,2,0,1,0,0,0,0,NA,0,0,0,0,0,0,0,0.25,0,0,0,0,0,0,3,1,2,0,0,0,0,1,0,0,0,0,0,0,0,0.333,0,0.5,4,0,1
"BRANDON BOOKER","SMU",23,36.59,"D",70.1,71.9,NA,63.6,1,0,1,0,0,1,0,0,NA,0,0,0,0,0,0,0,0,0,0,0,0,0,NA,0,0,0,0,0,0,0,0,1,0,0,0,0,0,0,0,0,0,0,0,0,0,0,0,0,0,0,0,0,0,0,0,1,0,0
"JORDAN LOCKHART","TEXAS A&M",25,36.25,"D",65.1,61.5,57.6,65.8,2,2,0,1,0,0,0,0,0,0,0,0,0,1,0,0,0,0,0,0,0,0,NA,0,0,0,0,0,0,0,0,0,0,0,0,0,2,2,0,0,0,0,0,0,0,0,0,0,0,0,0,0,0,0,0,2,0,0
"LUKE MERGOTT","DUKE",45,36.12,"D",58.4,67.3,55.3,54.7,5,3,2,2,0,1,0,1,0,104.2,-2,9,0.41,1,0,0,0,1,0,0,0,0,NA,0,0,0,0,0,0,0,0.167,2,0,1,0,0,3,3,2,0,1,1,9,1,0,0,0,0,0,1,0,9,0,0,0.5,6,0,3
"LUKE FERRELLI","OLE MISS",46,35.87,"D",63.6,76.6,68.1,50.8,7,1,3,0,2,2.8,0,1,0,114.6,4,11.5,0.92,1,0,0,0,0,1,1,0,0,NA,0,0,0,0,0,0,0,0.222,3,0,1,0,0,1,3,1,3,2,1,23,1,0,0,2,0.04,1,0.5,0,11.5,0,0.286,0,9,0,8
"LIONA LEFAU","COLORADO",38,35.8,"D",63.1,63.8,50.1,66.7,4,0,3,0,0,1.5,0,0,0,0,0,0,0,0,0,0,0,0,0,0,0,0,NA,0,0,0,0,0,0,0,0,2,1,0,0,0,0,2,0,0,0,0,0,0,0,0,0,0,0,0,0,0,0,0,0,4,0,3
"ZAYDRIUS RAINEY-SALE","WASHINGTON",31,35.1,"D",58.7,76.4,57.4,48.3,2,1,1,1,0,0,0,1,0,56.3,9,1,0.07,0,0,1,0,1,0,0,0,0,NA,0,0,0,0,0,0,0,0.333,1,0,1,0,0,1,2,2,0,1,0.5,1,0,0,0,0,0,0,0,0,0.5,0,0,1,3,0,2
"ALEX TATSCH","PENN STATE",24,35.1,"D",62.9,61.8,58.3,62.9,2,1,0,1,0,5,0,0,0,0,0,0,0,0,0,0,0,0,0,0,0,0,NA,0,0,0,0,0,0,0,0,0,0,0,0,0,1,1,0,0,0,0,0,0,0,0,0,0,0,0,0,0,0,0,0,2,0,2
"ISMAEL KANTE","ILLINOIS",49,34.68,"D",57.5,61,58,53.5,5,3,2,3,1,1.5,0,1,0,112.5,0,11,1.1,0,0,0,0,0,1,0,0,0,NA,0,0,0,0,0,0,0,0.167,2,0,1,0,0,3,4,1,0,1,1,11,1,0,0,0,0,0,1,0,11,0,0.167,0,6,0,2
"TYLER LOCKHART","MISS STATE",65,34.21,"D",48.1,72.6,57.4,40.1,5,2,1,1,0,5,0,0,3.9,118.8,6.8,13.5,1.35,1,2,0,1,0,0,2,0,0,NA,0,0,0,0,0,0,0,0,0,1,0,1,2,2,5,5,2,4,1,54,3,0,0.33,0,0.05,0,0.75,0,13.5,0,0,0,5,0,3
"CAEL BREZINA","PENN STATE",21,34.2,"D",51.8,66.2,55.4,46.1,4,0,2,0,0,1.33,0,1,0,0,0,0,0,0,0,0,0,0,0,0,0,0,NA,0,0,0,0,0,0,0,0,2,0,1,0,0,0,3,1,0,0,0,0,0,0,0,0,0,0,0,0,0,0,0,0,4,0,5
"KJ FORD","FLORIDA",19,34.04,"D",70.9,91.6,54.9,44.6,2,1,1,1,0,-2,0,0,0,118.8,3,14,3.5,0,0,0,0,0,0,0,0,0,NA,0,0,1,0,0,0,0,0,1,0,0,0,0,1,1,1,0,1,1,14,1,0,0,0,0,0,1,0,14,0,0,0,2,0,0
"BEAU GOODWIN","IOWA STATE",21,33.79,"D",60,74.9,57.2,45.2,6,1,2,1,0,4.25,0,1,0,116.7,6,12,2.4,0,0,0,0,1,0,0,0,0,NA,0,0,0,0,0,0,0,0.143,2,0,1,0,0,1,2,1,0,1,1,12,1,0,0,0,0,0,1,0,12,0,0,0.5,7,0,5
"JAKE CLIFTON","BYU",19,33.5,"D",62.5,69.2,NA,57.7,1,0,1,0,0,0,0,0,NA,0,0,0,0,0,0,0,0,0,0,0,0,0,NA,0,0,0,0,0,0,0,0,0,1,0,0,0,0,1,1,1,0,0,0,0,0,0,0,0,0,0,0,0,0,0,0,1,0,0
"RAY CONEY","TEXAS A&M",48,33.4,"D",62.8,62.3,58.3,62.4,4,1,3,0,2,0,0,1,0,83.3,2.5,4,0.29,1,0,0,0,0,0,0,0,1,NA,0,0,1,0,0,0,0,0.333,2,1,2,0,0,1,4,2,1,2,1,8,1,0,0,0,0,0,0.5,0,4,0,0.5,0,6,0,5
"QB REESE","ALABAMA",20,32.62,"D",65.3,72.4,NA,55.3,5,1,2,1,0,2,0,0,NA,85.4,2,4.5,1.5,0,0,0,0,1,0,0,0,0,NA,0,0,0,0,0,0,0,0.167,2,0,0,0,0,1,2,1,0,2,1,9,1,0,0,1,0,0.5,0.5,0,4.5,0,0,0.333,6,0,5
"SEAN ALLISON","RUTGERS",19,32.28,"D",77.2,54.3,68.4,79,2,0,2,0,0,0,0,0,0,79.2,-4,2,0.25,0,0,0,0,0,1,0,0,0,NA,0,0,0,0,0,0,0,0,0,2,0,0,0,0,1,0,2,1,1,2,0,0,0,1,0,1,0,0,2,0,0,0,2,0,2
"AISEA MOA","MICHIGAN",19,32.09,"D",73.1,73.9,NA,64.1,1,1,0,1,0,0,0,0,NA,91.7,1,6,1.71,0,0,0,0,0,0,0,0,0,NA,0,0,0,0,0,0,0,0,0,0,0,0,0,1,0,0,0,2,1,12,1,0,0,0,0,0,0.5,0,6,0,0,0,1,0,0
"ANTONIO WATTS","LOUISVILLE",34,31.81,"D",67.8,50.2,NA,72.5,3,1,2,0,0,0,0,0,NA,70.1,1.3,4,0.4,1,0,1,0,0,0,0,0,0,NA,0,0,0,0,0,0,0,0,0,2,0,0,0,1,1,0,1,2,0.667,8,0,0,0,2,0,0.667,0,0,2.7,0,0,0,3,0,1
"BEN BOGLE","ARKANSAS",24,31.49,"D",68.2,69.5,58.4,63.7,3,0,1,0,0,2,0,0,0,56.3,-2,3,0.27,0,0,1,0,1,0,0,0,0,NA,0,0,0,0,0,0,0,0.25,0,1,0,0,0,0,1,1,1,1,0.5,3,0,0,0,0,0,0,0,0,1.5,0,0,0.333,4,0,4
"GRANT BEERMAN","ILLINOIS",16,31.37,"D",56.4,66.5,57.7,48.7,4,1,1,1,0,6.33,0,0,0,0,0,0,0,0,0,0,0,1,0,0,0,0,NA,0,0,0,0,0,0,0,0.2,1,0,0,0,0,1,2,1,0,0,0,0,0,0,0,0,0,0,0,0,0,0,0,1,5,0,3
"JALEN SMITH","MISS STATE",66,31.03,"D",61,67.7,53.1,66.4,4,0,2,0,0,0,0,0,0,65.8,3,6.8,0.73,0,0,2,0,0,1,0,0,0,NA,0,0,0,0,0,0,0,0,0,2,0,0,0,0,3,3,2,4,0.571,27,2,1,0,0,0,0,0.286,0,3.9,0.143,0,0,4,0,3
"MASON MURAGIN","ILLINOIS",39,30.96,"D",54.8,53.6,57.5,60.3,2,1,1,1,0,4,1,0,7.7,0,0,0,0,0,0,0,0,1,1,0,0,0,NA,0,0,0,0,0,0,0,0.333,1,0,0,2,2,1,5,0,0,0,0,0,0,0,0,0,0,0,0,0,0,0,0,1,3,0,1
"GRANT GODFREY","KENTUCKY",63,30.48,"D",54.6,59.2,67.9,49.3,6,2,2,2,1,4.25,1,0,8.3,118.8,10,15,1.5,0,1,0,0,2,0,1,1,0,NA,0,0,0,0,0,0,0,0.333,2,0,0,1,2,2,10,4,2,3,1,45,2,0,0,3,0.033,1,0.667,0,15,0,0.143,1,9,0,6
"RAYLEN WILSON","GEORGIA",20,30.41,"D",66.8,69,56.4,63.3,NA,0,0,NA,NA,0,0,NA,0,0,0,0,0,NA,0,0,0,NA,0,0,0,NA,NA,0,0,0,0,0,0,0,NA,NA,NA,0,0,0,NA,0,0,0,0,0,0,0,0,0,0,0,0,0,0,0,0,NA,NA,NA,0,0
"CHASE TAYLOR","MICHIGAN",45,30.41,"D",51.4,52.4,74.4,47.2,4,0,2,0,0,2,1,0,20,74.3,11.5,14.7,1.52,0,0,2,1,1,1,1,0,0,NA,0,0,0,0,0,0,0,0.2,1,1,0,0,1,0,6,4,1,3,0.5,44,2,1,0,0,0.035,0,0.333,0,7.3,0.167,0,0.25,5,0,2
"DEREK MCDONALD","N CAROLINA",35,30.37,"D",62.4,67,57.8,58.5,3,2,0,1,0,0,0,0,0,100,6,8,0.53,1,0,0,0,0,0,0,0,0,NA,0,0,0,0,0,0,0,0,0,0,0,0,0,2,1,1,0,1,1,8,0,0,0,1,0,1,0,0,8,0,0,0,3,0,2
"BRAXTON LINDSEY","BYU",23,29.66,"D",69.1,67.3,54.6,70.7,2,0,0,0,0,3,0,0,0,79.2,-5,1,0.13,1,0,0,0,0,0,0,0,0,NA,0,0,0,0,0,0,0,0,0,0,0,0,0,1,0,0,1,1,1,1,0,0,0,0,0,0,0,0,1,0,0,0,2,0,2
"EAN RHEA","ILLINOIS",21,29.38,"D",53.4,54.8,54.7,60,2,1,1,1,0,2,0,0,0,0,0,0,0,0,0,0,0,0,0,0,0,0,NA,0,0,0,0,0,0,0,0,1,0,0,0,0,1,2,0,0,0,0,0,0,0,0,0,0,0,0,0,0,0,0,0,2,0,1
"TIMIR HICKMAN-COLLINS","N CAROLINA",18,29.28,"D",67.7,58,57.3,72.1,2,0,2,0,1,3,0,0,50,83.3,3,4,0.5,0,1,0,0,1,0,0,0,0,NA,0,0,0,0,0,0,0,0.5,1,1,0,1,1,0,2,0,1,1,1,4,0,0,0,1,0,1,0,0,4,0,0.5,0.5,4,0,3
"ELIJAH LITTLEJOHN","GEORGIA",17,28.45,"D",59.1,57.2,55.9,63.1,2,1,1,1,1,3,0,0,0,0,0,0,0,0,0,0,0,0,0,0,0,0,NA,0,0,0,0,0,0,0,0.333,1,0,0,0,0,1,1,0,0,0,0,0,0,0,0,0,0,0,0,0,0,0,0.333,0,3,0,2
"KELLEN WILEY JR.","MIAMI FL",15,28.1,"D",67.3,66.7,57.1,64.6,2,1,0,0,0,5,0,0,0,95.8,5,7,1,1,0,0,0,0,0,0,0,0,NA,0,0,0,0,0,0,0,0,0,0,0,0,0,1,0,0,0,1,1,7,0,0,0,1,0,1,0,0,7,0,0,0,2,0,0
"JEREMIAH ALEXANDER","CLEMSON",38,27.75,"D",57.5,67.3,66.4,51.1,4,2,1,1,0,1,0,0,0,116.7,-1.5,12,0.96,1,0,0,0,0,1,0,0,0,NA,0,0,0,0,0,0,0,0,1,0,0,0,0,2,3,2,0,2,1,24,2,0,0,0,0,0,1,0,12,0,0,0,4,0,2
"OWEN HEINECKE","OKLAHOMA",56,27.69,"D",48.7,51.5,57.8,50.9,10,3,5,3,5,3.2,0,0,25,118.8,4,21.5,2.53,0,1,0,0,2,0,1,0,0,NA,0,0,0,0,0,0,0,0.412,4,1,0,1,1,3,13,2,0,2,1,43,1,0,0,0,0.059,0,0.5,0,21.5,0,0.385,0.5,17,0,14
"KEON WYLIE","VA TECH",24,27.31,"D",49.9,39.7,77.5,44.3,1,0,1,0,0,0,1,0,18.8,0,0,0,0,0,0,0,1,1,1,0,1,0,NA,0,0,0,0,0,1,0,0.5,0,1,0,0,2,0,4,2,1,0,0,0,0,0,0,0,0,0,0,0,0,0,0,0.5,2,0,1
"NICK MORRIS JR.","DUKE",45,27.21,"D",57.8,63,NA,60.8,7,1,2,1,1,4.6,0,0,NA,100,-3,8,0.33,0,0,0,0,1,0,0,0,0,NA,0,0,0,0,0,0,0,0.222,2,0,0,0,0,1,6,1,0,1,1,8,0,0,0,0,0,0,0,0,8,0,0.143,0.5,9,0,5
"FILIP MACIOROWSKI","CINCINNATI",23,27.02,"D",61.9,66.7,58,58.2,3,1,1,1,0,7,0,0,0,118.8,14,25,1.92,0,0,0,0,0,0,1,0,0,NA,0,0,0,0,0,0,0,0,0,1,0,0,0,1,1,1,1,1,1,25,1,0,0,1,0.077,1,1,0,25,0,0,0,3,0,3
"FLETCHER COTHRAN","CLEMSON",16,26.95,"D",63,61.4,57.6,62.9,NA,0,0,NA,NA,0,0,NA,0,0,0,0,0,NA,0,0,0,NA,0,0,0,NA,NA,0,0,0,0,0,0,0,NA,NA,NA,0,0,0,NA,0,0,0,0,0,0,0,0,0,0,0,0,0,0,0,0,NA,NA,NA,0,0
"GAVIN NIX","OREGON",25,26.95,"D",61.5,56.1,NA,63.8,2,0,0,0,1,2.5,1,0,NA,39.6,3,0,0,0,0,1,0,0,0,0,0,0,NA,0,0,0,0,0,0,0,0.333,0,0,0,1,1,0,2,0,0,0,0,0,0,0,0,1,0,1,0,0,0,0,0.333,0,3,0,3
"EDWIN SPILLMAN","TENNESSEE",33,26.64,"D",52.6,47.3,64.6,56.7,6,4,0,3,3,0,0,0,7.1,100,7,11.3,2.62,1,0,0,0,0,0,1,0,0,NA,0,1,0,0,0,0,0,0.333,0,0,0,1,1,4,6,3,1,3,0.75,34,2,1,0,0,0.077,0,0.5,0,8.5,0.25,0.5,0,9,0,4
"MADDOX MARCELLUS","VIRGINIA",27,26.51,"D",49.9,65.9,NA,44.6,4,2,1,1,0,5.5,0,0,NA,112.5,6,11,0.65,1,0,0,0,0,0,0,0,0,NA,0,0,0,0,0,0,0,0,1,0,0,0,0,2,3,2,0,1,1,11,1,0,0,1,0,1,1,0,11,0,0,0,4,0,2
"JEREMIAH BEASLEY","MISSOURI",20,24.97,"D",56.9,65.2,59.4,53.6,2,0,1,0,0,2,0,0,0,70.1,3.7,3.5,0.78,0,0,1,0,0,0,0,0,0,NA,0,0,0,0,0,0,0,0,0,1,0,0,0,0,2,2,1,2,0.667,7,1,0,0,3,0,1,0.333,0,2.3,0,0,0,2,0,1
"RASHEEM BILES","TEXAS",65,22.73,"D",45.2,61.9,55,38.9,7,1,3,1,0,4.5,0,0,12.5,113.5,8.9,12.9,2.57,0,1,1,0,1,0,3,0,1,NA,0,0,0,0,0,0,0,0.125,2,1,1,1,1,1,10,7,1,7,0.875,90,4,0,0,0,0.086,0,0.5,0,11.3,0,0,0.333,8,0,6
"COLE SULLIVAN","OKLAHOMA",43,20.63,"D",52.6,45,48.8,70.4,2,1,1,1,1,2,1,0,0,39.6,1,0,0,0,0,0,0,1,0,0,0,0,NA,0,0,0,0,0,0,0,0.5,1,0,0,1,1,1,6,1,1,0,0,0,0,1,0,0,0,0,0,0,0,1,0.333,1,4,0,1
"ZAYDEN WALKER","GEORGIA",22,20.15,"D",55.9,48.5,57.3,63.5,NA,0,0,NA,NA,0,0,NA,0,0,0,0,0,NA,0,0,0,NA,0,0,0,NA,NA,0,0,0,0,0,0,0,NA,NA,NA,0,0,0,NA,1,0,0,0,0,0,0,0,0,0,0,0,0,0,0,0,NA,NA,NA,0,1
"MAX HARRIS","ARIZONA",28,20.04,"D",45.1,42.1,54.5,63.3,2,0,2,0,1,6,0,0,8.3,0,0,0,0,0,0,0,0,0,0,0,0,0,NA,0,0,0,0,0,0,0,0.333,1,1,0,1,1,0,4,0,0,0,0,0,0,0,0,0,0,0,0,0,0,0,0.5,0,3,0,2
"MATT KINGSBURY","MINNESOTA",56,19.61,"F",41.5,37.2,57.3,59.6,6,1,2,1,2,6.5,0,0,0,0,0,0,0,0,0,0,0,0,0,0,0,0,NA,0,0,0,0,0,0,0,0.25,2,0,0,0,0,1,11,1,0,0,0,0,0,0,0,0,0,0,0,0,0,0,0.286,0,8,0,8
"TAYE BROWN","ARIZONA",58,19.45,"F",56.6,55,53.8,62.7,7,1,2,1,2,8.6,0,0,0,91.7,-3.5,23,1.44,0,0,1,0,1,0,1,0,0,NA,0,0,0,0,0,0,0,0.3,1,1,0,0,0,1,6,1,1,1,0.5,23,1,0,0,0,0.063,0,0.5,0,11.5,0,0.25,0.5,10,0,7
"XE'REE ALEXANDER","WASHINGTON",29,18.7,"F",56.4,62.8,64.1,45.9,4,0,1,0,0,4,0,0,11.5,158.3,14,41,13.67,0,3,0,0,1,0,1,0,0,NA,0,0,0,0,1,0,0,0.2,1,0,0,3,3,0,3,1,0,2,1,82,1,0,0,0,0.167,0,0.5,0,41,0,0,0.5,5,0,2
"VINCENT SHAVERS JR.","NEBRASKA",25,17.33,"F",58.7,62.1,59.8,56.7,2,1,1,1,0,4,0,0,0,135.4,-1.3,10,2.5,0,0,0,0,1,0,1,0,0,NA,0,1,0,0,1,0,0,0.333,1,0,0,0,0,1,3,2,1,3,0.75,30,1,1,0,0,0.083,0,0.25,0,7.5,0.25,0,1,3,0,1
"ELIJAH BARNES","KENTUCKY",47,16.88,"F",55.7,51.5,47.7,65.5,4,0,1,0,1,4.67,1,0,0,56.3,-2,2,0.09,0,0,1,0,1,0,0,0,0,NA,0,0,0,0,0,0,0,0.333,1,0,0,1,1,0,5,1,0,1,0.5,2,0,0,0,2,0,1,0,0,1,0,0.25,0.5,6,0,3
"CHASE SMITH","MIAMI FL",15,16.75,"F",51.5,48.7,59.2,61.4,1,0,0,0,0,0,0,0,25,79.2,-5,2,0.2,0,1,0,0,0,0,0,1,0,NA,0,0,0,0,0,0,0,0,0,0,0,0,1,0,2,1,1,1,1,2,1,0,0,1,0,1,1,0,2,0,0,0,1,0,1
"FRANK CUSANO","WAKE",52,16.21,"F",50.2,71.2,46.6,43.8,4,2,1,0,1,0,1,1,0,102.1,-0.3,8.5,2.22,2,0,0,0,2,0,0,0,0,NA,0,0,0,0,0,0,0,0.429,1,0,1,1,1,2,6,5,0,6,1,51,3,0,0,0,0,0,0.5,0,8.5,0,0.5,0.4,7,0,5
"T.J. CAPERS","LOUISVILLE",37,15.98,"F",49.1,52.2,54.7,52.5,1,1,0,1,0,0,0,0,0,60.4,2,8,0.38,0,0,1,0,0,0,0,0,0,NA,0,0,0,0,0,0,0,0,0,0,0,0,0,1,4,2,0,1,0.5,8,1,0,0,2,0,1,0.5,0,4,0,0,0,1,0,1
"TAVION WALLACE","KENTUCKY",23,15.91,"F",47.8,52.6,59.5,51.7,1,1,0,1,0,0,0,0,0,104.2,9,9,1,0,0,0,0,0,0,0,0,0,NA,0,0,0,0,0,0,0,0,0,0,0,0,0,1,3,1,0,1,1,9,1,0,0,0,0,0,1,0,9,0,0,0,1,0,0
"JADEN YATES","HOUSTON",21,15.38,"F",51.4,43.1,54.6,63.8,NA,0,0,NA,NA,0,0,NA,0,0,0,0,0,NA,0,0,0,NA,0,0,0,NA,NA,0,0,0,0,0,0,0,NA,NA,NA,0,0,0,NA,3,0,0,0,0,0,0,0,0,0,0,0,0,0,0,0,NA,NA,NA,0,0
"DAWSON MERRITT","NEBRASKA",15,13.67,"F",51.1,40,57.7,64.4,1,0,0,0,0,0,0,0,0,60.4,3.5,8,1.33,0,0,1,0,0,0,0,0,0,NA,0,0,0,0,0,0,0,0,0,0,0,0,0,0,2,0,0,1,0.5,8,0,0,0,0,0,0,0,0,4,0,0,0,1,0,1
"BRYCE COWAN","VANDERBILT",25,12.55,"F",51.9,70.7,54.5,43.5,1,0,1,0,0,1,0,0,0,72.9,2,14,1.4,0,0,0,0,1,0,0,0,0,NA,0,0,0,0,0,0,0,0.5,1,0,0,0,0,0,2,2,0,1,0.5,14,1,0,0,0,0,0,0.5,0,7,0,0,1,2,0,1
"CALVIN THOMAS","N CAROLINA",17,11.53,"F",47.6,60.9,64.6,39.8,1,0,0,0,0,0,0,0,8.3,95.8,-3,7,2.33,0,0,0,0,1,0,0,0,0,NA,0,0,0,0,0,0,0,0.5,0,0,0,1,1,0,2,1,0,1,1,7,0,0,0,1,0,1,0,0,7,0,0,0.5,2,0,2
"LANDON DANLEY","VIRGINIA",26,11.42,"F",48.6,55.1,59,49.4,2,1,0,1,1,2,0,0,0,64.6,2.5,10,1.33,0,0,2,0,1,0,0,0,0,NA,0,0,0,0,0,0,0,0.5,0,0,0,0,0,1,3,2,0,2,0.5,20,1,0,0,2,0,0.5,0.25,0,5,0,0.333,1,4,0,2
"ARION CARTER","TENNESSEE",54,5.38,"F",43,45.3,56.3,45.3,7,0,1,0,0,6,1,0,0,116,6.7,14.2,2.54,0,0,0,0,2,0,2,1,0,NA,0,1,0,0,0,0,1,0.222,1,0,0,0,1,0,10,5,1,5,0.833,71,5,1,0,0,0.071,0,0.833,0,11.8,0.167,0,0.286,9,0,5
"MOHAMED TOURE","MIAMI FL",17,3.39,"F",57.1,50.9,76.7,53.6,0,0,0,0,1,0,0,0,16.7,118.8,2.5,15,3,0,1,0,0,0,1,1,1,0,NA,0,0,0,0,0,0,0,1,0,0,0,0,1,0,2,1,0,2,1,30,2,0,0,2,0.1,1,1,0,15,0,1,0,1,0,0
"TA'MERE ROBINSON","USC",17,2.44,"F",55.8,47.9,NA,62.9,0,0,0,0,1,0,0,0,NA,95.8,-4,7,0.64,0,0,0,0,0,0,0,0,0,NA,0,0,0,0,0,0,0,1,0,0,0,0,0,0,1,0,0,1,1,7,0,0,0,0,0,0,0,0,7,0,1,0,1,0,1
"DAVHON KEYS","LSU",20,2.21,"F",30,60.6,NA,28.9,1,0,1,0,1,1,0,0,NA,91.7,-4,6,0.46,0,0,0,0,0,0,0,0,0,NA,0,0,0,0,0,0,0,0.5,1,0,0,0,0,0,4,3,0,1,1,6,0,0,0,1,0,1,0,0,6,0,0.5,0,2,0,2
"JA'QUAVION SMITH","ARKANSAS",32,0,"F",44.1,60.6,55.6,41.4,3,0,1,0,0,4,0,0,0,118.8,12,31,5.47,0,0,0,0,1,0,2,0,0,NA,0,0,0,0,0,0,0,0.25,1,0,0,0,0,0,4,3,0,3,1,93,3,0,0,0,0.118,0,1,0,31,0,0,0.333,4,0,3
