"Name","Team","Total_Snaps","Avg_Snaps_Per_Game","Games_Played","Adjusted_Score","Display_Grade"
"JAYDEN BRADLEY","TEXAS ST",77,77,1,100,"A+"
"JOSHUA BARNES","NEW MEXICO",17,17,1,100,"A+"
"MYKE GUNN","LIBERTY",38,38,1,100,"A+"
"SAVEON BROWN","BUFFALO",151,75.5,2,100,"A+"
"ISHMEL ATKINS","SM HOUSTON",93,46.5,2,97.57,"A+"
"MIKE LINDSAY","S DIEGO ST",104,52,2,92.94,"A"
"JARVARIUS SIMS","W MICHIGAN",126,63,2,91.94,"A"
"CHANCE GAMBLE","GA SOUTHRN",107,53.5,2,91.27,"A"
"AARON WARREN","N ILLINOIS",48,24,2,91.14,"A"
"KEN WILLIS","JAMES MAD",104,52,2,90.08,"A"
"IAN FOSTER","MEMPHIS",50,50,1,88.85,"A"
"JIQUAVIOUS MARSHALL","LIBERTY",81,40.5,2,88.84,"A"
"DENVER HARRIS","UNLV",125,62.5,2,87.9,"A"
"ANTHONY MATTISON","MO STATE",40,40,1,87.34,"A"
"JAI-AYVIAUYNN CELESTINE","FIU",102,51,2,86.92,"A"
"JANARD LOCKHARDT","LA TECH",98,49,2,86.43,"A-"
"KOBI BLACKWELL","BUFFALO",143,71.5,2,86.08,"A-"
"KOBI ALBERT","SO MISS",95,47.5,2,85.93,"A-"
"CAESAR MAGEE","SM HOUSTON",73,36.5,2,85.65,"A-"
"DEVIN ROBINSON","TULSA",88,44,2,84.7,"A-"
"JAKEVIAN RODGERS","UTSA",23,23,1,84.05,"A-"
"CALEB RICKS","S DIEGO ST",81,40.5,2,83.96,"A-"
"JA'MARION WAYNE","COAST CAR",92,46,2,83.68,"A-"
"DONOVAN WATKINS","TOLEDO",43,43,1,83.53,"A-"
"JAYDEN ROBERTSON","S JOSE ST",121,60.5,2,83,"A-"
"YASSINE FALKE","N ILLINOIS",71,35.5,2,82.98,"A-"
"ANTHONY PINNACE","BALL ST",67,33.5,2,82.92,"A-"
"TREZ MOORE","TEXAS ST",110,55,2,82.51,"A-"
"JADEN ALLEN","N TEXAS",41,41,1,82.32,"A-"
"AVERY DEMERY","LA LAFAYET",118,59,2,81.68,"A-"
"JYAIRE BROWN","SO MISS",88,44,2,81.54,"A-"
"KESHAWN DAVILA","N TEXAS",54,27,2,81.21,"A-"
"TREY RUBINSTEIN","KENT STATE",35,35,1,81.16,"A-"
"QUANDARIUS KEYES","UNLV",143,71.5,2,80.96,"A-"
"TRAVIS ROMAN","COAST CAR",55,27.5,2,80.96,"A-"
"MARIO THOMPSON","DOMINION",61,61,1,80.53,"A-"
"ELLIS ELLIS JR.","MEMPHIS",74,37,2,80.42,"A-"
"CALEB WOMACK","S JOSE ST",128,64,2,80.18,"A-"
"CATRELL WHITE","AKRON",86,43,2,79.94,"B+"
"TAYDEN BARNES","NEW MEX ST",26,26,1,79.69,"B+"
"TYSON WILLIAMS","TULSA",129,64.5,2,79.46,"B+"
"BRENT GORDON JR.","LA LAFAYET",115,57.5,2,79.27,"B+"
"RAYQUAN ADKINS","E MICHIGAN",115,57.5,2,79.13,"B+"
"JAMARION KOLAGBODI","DELAWARE",92,46,2,78.92,"B+"
"ISRAEL PETITE","TOLEDO",90,45,2,78.2,"B+"
"KJ MINIEFIELD","MIDDLE TN",16,16,1,78.13,"B+"
"ZACH MORRIS","UTSA",77,38.5,2,77.75,"B+"
"NOAH FLORES","ARK STATE",80,40,2,77.55,"B+"
"JAHMIR TORRES","NEW MEXICO",48,24,2,77.5,"B+"
"GRECO CARRILLO","S JOSE ST",55,27.5,2,76.89,"B+"
"JEREMIAH HUGHES","HAWAII",119,59.5,2,76.84,"B+"
"TYSON MCCRARY","GA STATE",58,29,2,76.79,"B+"
"JOSHUA FRANKLIN","W MICHIGAN",100,50,2,76.73,"B+"
"PEYTON TAYLOR","N TEXAS",67,33.5,2,76.12,"B+"
"RONALD MOORE JR.","LIBERTY",32,32,1,76.06,"B+"
"IRABONOISE ONIHA","NAVY",39,39,1,75.99,"B+"
"TRAVIS JACKSON","FAU",34,34,1,75.93,"B+"
"JAION JACKSON","C MICHIGAN",84,42,2,75.89,"B+"
"ANTHONY ROGERS","TULANE",121,60.5,2,75.63,"B+"
"ADRIAN LAING","TEMPLE",37,18.5,2,75.41,"B+"
"QUENTAVIUS SCANDRETT","BALL ST",100,50,2,75.14,"B+"
"TERRENCE JONES","JAMES MAD",25,25,1,74.86,"B+"
"JAVON GILLESPIE","NEW MEX ST",57,28.5,2,74.85,"B+"
"JUAN BERCHAL","APP STATE",82,41,2,74.75,"B+"
"KADEN COOK","JVILLE ST",37,37,1,74.49,"B+"
"JAYLON EDMOND","HAWAII",122,61,2,74.12,"B+"
"CALEB REESE","SACRAMENTO",30,30,1,74.02,"B+"
"DESMAN HEARNS","WYOMING",60,60,1,74.01,"B+"
"ZION FRINK","DOMINION",102,51,2,73.88,"B+"
"RYAN GADSON","FIU",77,38.5,2,73.77,"B+"
"TRE'QUON FEGANS","JVILLE ST",118,59,2,73.71,"B+"
"JOJO JOHNSON","BOWL GREEN",93,46.5,2,73.65,"B+"
"DE'MARCUS PETERS","NEW MEX ST",110,55,2,73.52,"B+"
"JQ BROOKS","JVILLE ST",94,47,2,73.44,"B+"
"ZACH HOBSON","AKRON",35,35,1,73.12,"B"
"ERIC MCCLAIN","NEW MEXICO",18,18,1,69.85,"B"
"JALEN BELL","DELAWARE",17,17,1,69.72,"B"
"JERICO WASHINGTON JR.","BOISE ST",105,52.5,2,69.68,"B"
"TYSON SHAMSID-DEEN","WYOMING",65,32.5,2,69.66,"B"
"ASHTON MCSHANE","LIBERTY",47,23.5,2,69.49,"B"
"AMARIYUN KNIGHTEN","MIAMI OH",52,26,2,69.43,"B"
"JUSTIN COTTRELL","SM HOUSTON",54,27,2,69.4,"B"
"BRAXTON MYERS","W KENTUCKY",43,21.5,2,69.34,"B"
"MARSHALL WASHINGTON","N ILLINOIS",81,40.5,2,69.32,"B"
"MARION MOORE","N DAK ST",40,20,2,69.3,"B"
"FRANKIE EDWARDS III","NEW MEXICO",52,26,2,69.26,"B"
"CJ SOLIS-LUMAR","WASH STATE",31,31,1,69.14,"B"
"JAYLEN MOSON","S ALABAMA",89,44.5,2,69,"B"
"E'ZAIAH SHINE","TULANE",143,71.5,2,68.95,"B"
"CAM ROBINSON","NAVY",94,47,2,68.94,"B"
"CHRISTIAN WHITE","W KENTUCKY",29,29,1,68.93,"B"
"JAMES JOHNSON","MIDDLE TN",34,34,1,68.78,"B"
"DEANDRE BOYKINS","FIU",109,54.5,2,68.68,"B"
"JORDON THOMAS","W MICHIGAN",57,28.5,2,68.42,"B"
"JOSIAH COX","S DIEGO ST",60,60,1,68.33,"B"
"JOEL BOAMAH","MO STATE",103,51.5,2,68.22,"B"
"KEONTEZ BRADLEY","BUFFALO",127,63.5,2,68.18,"B"
"DECORIAN THOMPSON","UTEP",56,28,2,68.04,"B"
"JAYVON HENDERSON","S ALABAMA",51,51,1,68,"B"
"TAY'VION LAWSON","KENNESAW",98,49,2,67.96,"B"
"JD DREW","TULSA",103,51.5,2,67.92,"B"
"AMARION FORTENBERRY","USF",83,41.5,2,67.79,"B"
"JAJUAN JONES","C MICHIGAN",26,26,1,67.4,"B"
"EDDIE PLEASANT III","MARSHALL",117,58.5,2,67.23,"B"
"DONTRAE HENDERSON","ARK STATE",114,57,2,67.22,"B"
"OLIVER BRIDGES","BUFFALO",25,25,1,67.21,"B"
"CJ BLOCKER","COLO STATE",108,54,2,67.05,"B"
"CHRIS TOOLEY III","FAU",41,20.5,2,67.03,"B"
"ZANE WOODHAM","TULSA",33,33,1,66.98,"B"
"DENZEL CHAVIS","TEMPLE",59,29.5,2,66.94,"B"
"ANTA'VEON MCKENZIE","UAB",57,57,1,66.92,"B"
"RAE'MON MOSBY","E CAROLINA",23,23,1,66.78,"B"
"TOBY BOLTON","GA STATE",69,34.5,2,66.56,"B-"
"KYLE WILLIAMS","ARK STATE",21,21,1,66.45,"B-"
"TEDDY FOSTER","USF",92,46,2,66.44,"B-"
"DEUCE WALKER","GA STATE",66,33,2,66.12,"B-"
"DRE WALKER","APP STATE",72,36,2,66.11,"B-"
"CALDRA WILLIFORD","TULSA",86,43,2,66.08,"B-"
"MATTHEW MCKENZIE","C MICHIGAN",104,52,2,65.8,"B-"
"JAMIR BENJAMIN","RICE",78,39,2,65.78,"B-"
"CALEB COLEY","E MICHIGAN",23,23,1,65.74,"B-"
"SHERROD SMITH","BOISE ST",100,50,2,65.62,"B-"
"LIAM LINDO","N ILLINOIS",105,52.5,2,65.5,"B-"
"DAVID KABONGO","UTAH ST",39,39,1,65.35,"B-"
"JUSTIN BROWN","W KENTUCKY",61,30.5,2,65.29,"B-"
"DE'VEION MCLILLEY-BULO","DOMINION",26,26,1,65.07,"B-"
"JALIL TUCKER","WASH STATE",40,40,1,64.97,"B-"
"THERMAN WILLIAMS","WYOMING",75,37.5,2,64.8,"B-"
"DONAVAN PHILORD","C MICHIGAN",103,51.5,2,64.77,"B-"
"PHILLIP GLADNEY","GA SOUTHRN",24,24,1,64.75,"B-"
"JAHEIM JENKINS","JVILLE ST",24,24,1,64.64,"B-"
"TJ TILLMAN","UTEP",17,17,1,64.49,"B-"
"KSHAWN COX JR.","DELAWARE",76,38,2,64.43,"B-"
"JAMAREY SMITH","WASH STATE",111,55.5,2,64.37,"B-"
"JACKSON LOWE","MIDDLE TN",97,48.5,2,63.87,"B-"
"KHAMARI TERRELL","WASH STATE",57,57,1,63.72,"B-"
"NAJEE NELSON","N DAK ST",46,46,1,63.69,"B-"
"ORMANIE ARNOLD","NEW MEXICO",31,15.5,2,63.61,"B-"
"DIONTE THORNTON","SACRAMENTO",77,38.5,2,63.45,"B-"
"AIDEN WALKER","NEVADA",128,64,2,63.33,"B-"
"IAN BELL","WYOMING",45,45,1,63.3,"B-"
"JOSIRA ANDREWS","BOWL GREEN",85,42.5,2,63.21,"B-"
"DREY BRAXTON","BOWL GREEN",116,58,2,63.2,"B-"
"MYLES WOODS","COAST CAR",26,26,1,63.19,"B-"
"FABO CHANEY","GA SOUTHRN",21,21,1,62.9,"B-"
"KAMERON CARTER","LA TECH",51,25.5,2,62.55,"B-"
"ELIJAH GIPSON","HAWAII",19,19,1,62.46,"B-"
"ROMELO WALKER","N ILLINOIS",33,33,1,62.43,"B-"
"NICK SAWYER","BOWL GREEN",20,20,1,62.4,"B-"
"HERLIN PERRY JR.","USF",27,27,1,62.2,"B-"
"TJ CRANDALL","OREGON ST",141,70.5,2,62.08,"B-"
"BLAKE THOMPSON","OREGON ST",88,44,2,59.08,"C+"
"TYLER HALLUM","KENNESAW",64,32,2,59.06,"C+"
"DA'VONTAE FLOYD","FIU",34,34,1,59.05,"C+"
"TYLER BIVENS","KENT STATE",23,23,1,58.99,"C+"
"AMARI BUTLER","LA TECH",80,40,2,58.84,"C+"
"DELVON GULLEY","UAB",101,50.5,2,58.79,"C+"
"IZAIAH GUY","LIBERTY",32,32,1,58.79,"C+"
"BRYSON SNELLING","NEVADA",55,55,1,58.76,"C+"
"BRYCE GRAYS","UTSA",99,49.5,2,58.51,"C+"
"CRAIG ROYAL JR.","TEXAS ST",88,44,2,58.41,"C+"
"CALEB DOBBS","E MICHIGAN",119,59.5,2,58.35,"C+"
"JORDAN LESSARD","COLO STATE",16,16,1,58.29,"C+"
"TYRELL RUSSELL","TOLEDO",79,39.5,2,58.19,"C+"
"TRACY HILL JR.","GA SOUTHRN",68,34,2,58.06,"C+"
"ERIC ADAMS","APP STATE",19,19,1,57.92,"C+"
"HYAJAH MILLER","TOLEDO",22,22,1,57.91,"C+"
"ALEX ELLIOTT","N DAK ST",24,24,1,57.83,"C+"
"DONMIEL ROGERS","E MICHIGAN",67,33.5,2,57.71,"C+"
"LARON DUES","JAMES MAD",21,21,1,57.65,"C+"
"ANTHONY RICHARD JR.","MEMPHIS",88,44,2,57.22,"C+"
"D'ANGELO MAYES","UTAH ST",123,61.5,2,57.01,"C+"
"KHALIL ANDERSON","MO STATE",16,16,1,56.94,"C+"
"ANTHONY BENFORD II","N TEXAS",30,30,1,56.84,"C+"
"MARLIN ODOM","TROY",15,15,1,56.74,"C+"
"TAI TERRELL","TROY",84,42,2,56.5,"C+"
"DARIUS JOHNSON JR.","GA STATE",25,25,1,56.42,"C+"
"DERRICK ROGERS","FAU",38,38,1,56.3,"C+"
"BRANDON CRUTCHFIELD","DOMINION",105,52.5,2,56.23,"C+"
"JABARI STRAIT","TROY",66,33,2,56.1,"C+"
"GABE ARAMBOLES","BALL ST",15,15,1,56.04,"C+"
"WILLARD FERRELL","W MICHIGAN",28,28,1,55.73,"C+"
"ZION JONES","NEVADA",98,49,2,55.68,"C+"
"DEYLEN PLATT","USF",17,17,1,55.48,"C+"
"NOAH MANGHAM","GA SOUTHRN",88,44,2,55.47,"C+"
"KYREN CONDOLL","RICE",72,36,2,55.38,"C+"
"SHEMAR WELCH","TROY",95,47.5,2,55.36,"C+"
"KIONTRE HARRIS","FRESNO ST",106,53,2,55.23,"C+"
"LAWRENCE BROWN JR.","UTSA",21,21,1,55.22,"C+"
"LATRISTAN THOMPSON","UTEP",42,21,2,55.21,"C+"
"PHILIPP DAVIS","MARSHALL",16,16,1,55.21,"C+"
"JORIAN HAYNES","DOMINION",17,17,1,55.14,"C+"
"JK JOHNSON","FAU",62,31,2,55,"C+"
"CAM'RON BARBER","W MICHIGAN",17,17,1,54.95,"C+"
"RJ LESTER JR.","UTSA",81,40.5,2,54.9,"C+"
"MALIQUE HARRELL","GA STATE",18,18,1,54.89,"C+"
"GIONNI MCBRIDE","MO STATE",16,16,1,54.87,"C+"
"DEMARIO BOOKHART","LA TECH",15,15,1,54.85,"C+"
"TONEY COLEMAN JR.","MIAMI OH",41,20.5,2,54.79,"C+"
"KOLBY PEAVY","SO MISS",15,15,1,54.74,"C+"
"COLE WATSON","LA TECH",21,21,1,54.72,"C+"
"RAY JAMES JR.","N DAK ST",42,42,1,54.4,"C+"
"CHASE USHER","CHARLOTTE",69,34.5,2,54.16,"C+"
"ELIAS MULLICAN","SACRAMENTO",51,25.5,2,54.01,"C+"
"JAKOBE CAMPBELL","NEW MEX ST",46,46,1,53.95,"C+"
"TONY-LOUIS NKUBA","UNLV",82,41,2,53.83,"C+"
"JASON HAGGERTY","MARSHALL",16,16,1,53.82,"C+"
"CHAMP LEWIS","SO MISS",92,46,2,53.66,"C+"
"MAURION ELEAM","LA LAFAYET",88,44,2,53.65,"C+"
"CAM JONES","TOLEDO",92,46,2,53.19,"C"
"BARRY DILLON","OHIO",120,60,2,53.1,"C"
"KALEB MARTIN","MIAMI OH",40,40,1,53.1,"C"
"AHLSTON WARE","FAU",55,27.5,2,52.97,"C"
"JAYDEN LEWIS","LA MONROE",108,54,2,52.88,"C"
"DAMILL BOSTIC JR.","COAST CAR",92,46,2,52.7,"C"
"CORDARIAN POWELL","TEXAS ST",62,31,2,52.69,"C"
"MALAKAI MURPHY","SO MISS",62,31,2,52.18,"C"
"KENDALL GRIFFIN","WYOMING",66,33,2,52.17,"C"
"JADEN MICKEY","BOISE ST",75,37.5,2,52.06,"C"
"ETHAN TOOKES","KENNESAW",15,15,1,51.81,"C"
"LATAJ WRIGHT","W KENTUCKY",63,31.5,2,51.79,"C"
"WARREN SMITH JR.","SACRAMENTO",36,36,1,51.78,"C"
"DJ VOLTZ","N DAK ST",44,22,2,51.52,"C"
"ASA LOCKS","TEMPLE",90,45,2,51.41,"C"
"JUSTIN WATTS","DOMINION",59,29.5,2,51.41,"C"
"ELIJAH HOPKINS","LIBERTY",80,40,2,51.38,"C"
"JERRICK HARPER","RICE",26,26,1,51.31,"C"
"MACHO STEVENSON","TULANE",45,22.5,2,46.41,"C-"
"JOSIAH CHARLES","NEW MEX ST",81,40.5,2,46.4,"C-"
"JAIR MURPHY","USF",85,42.5,2,46.33,"C-"
"CARSTEN MAMARIL","S DIEGO ST",34,34,1,46.22,"C-"
"JONATHAN AKINS","E CAROLINA",43,21.5,2,46.21,"C-"
"KALEB MILES","UTEP",28,28,1,46.09,"C-"
"WILL YATES","BALL ST",100,50,2,45.78,"C-"
"ADAM TAYLOR","SACRAMENTO",19,19,1,45.65,"C-"
"JASON HARDY","MIDDLE TN",57,28.5,2,45.59,"C-"
"JAYDEN JACKSON","GA SOUTHRN",52,26,2,45.43,"C-"
"BAILEY FLETCHER","RICE",37,18.5,2,45.34,"C-"
"MAKANA MEYER","HAWAII",25,25,1,45.09,"C-"
"ANGELO ROSS","E CAROLINA",97,48.5,2,44.98,"C-"
"AHAMAD CHAPMAN","UTSA",76,38,2,44.97,"C-"
"RONALD JACKSON JR.","OHIO",113,56.5,2,44.82,"C-"
"MYCHAL YHARBROUGH","MIAMI OH",40,40,1,44.56,"C-"
"ZACH CODY","RICE",35,17.5,2,44.56,"C-"
"JOSHUA SCOTT","NEVADA",64,64,1,44.52,"C-"
"ROMAN TILLMON","BOISE ST",15,15,1,44.25,"C-"
"DAMARIUS MCGHEE","FAU",48,48,1,44.08,"C-"
"JAY HARPER","LA MONROE",86,43,2,43.93,"C-"
"CJ CLINKSCALES JR.","CHARLOTTE",59,29.5,2,43.81,"C-"
"DARRELL SWEETING","UAB",99,49.5,2,43.77,"C-"
"ASHTON LEVELLS-MITCHELL","E CAROLINA",97,48.5,2,43.64,"C-"
"JAKOB GUDE","APP STATE",22,22,1,42.98,"C-"
"TJ SMITH","TULANE",53,26.5,2,42.98,"C-"
"JAQUISE ALEXANDER","DELAWARE",61,30.5,2,42.9,"C-"
"JONAH MARTINEZ","SO MISS",17,17,1,42.73,"C-"
"JUSTIN CONTENT","UTEP",70,35,2,42.64,"C-"
"MARKIE GRANT","UTAH ST",111,55.5,2,42.28,"C-"
"CALEB PRESLEY","COLO STATE",103,51.5,2,42.1,"C-"
"NICK BELL","NAVY",44,22,2,42.02,"C-"
"JAMAL OLFORD","JAMES MAD",16,16,1,41.97,"C-"
"AIDAN SINGLETON","MIDDLE TN",61,30.5,2,41.94,"C-"
"KHALIL CONLEY","APP STATE",95,47.5,2,41.82,"C-"
"ASAAD CHAPMAN","UTSA",68,34,2,41.81,"C-"
"CHAUNCEY LOGAN JR.","MEMPHIS",115,57.5,2,41.52,"C-"
"DAMYRION DARBY","S ALABAMA",56,28,2,41.5,"C-"
"ZY JACKSON","LA MONROE",56,56,1,40.42,"C-"
"BJ ALLEN JR.","N TEXAS",54,27,2,40.37,"C-"
"KYE STOKES","UTAH ST",15,15,1,40.22,"C-"
"TRENT GUMMER","DELAWARE",24,24,1,40.01,"C-"
"XAVION GRIFFIN","W KENTUCKY",84,42,2,39.75,"D+"
"DAVION PRITCHARD","KENT STATE",24,24,1,39.49,"D+"
"JAYLEN POLLARD","W KENTUCKY",32,32,1,39.38,"D+"
"CHARLES MCCARTHERENS","MARSHALL",73,36.5,2,39.16,"D+"
"LOYALL MOUZON","FRESNO ST",106,53,2,38.86,"D+"
"DRAVON WILSON","SM HOUSTON",67,33.5,2,38.79,"D+"
"BRAYDEN HALL","MARSHALL",64,32,2,38.73,"D+"
"KAI RAPOLLA","WASH STATE",103,51.5,2,38.65,"D+"
"DJ KELLY","JAMES MAD",34,34,1,37.31,"D+"
"ANGELO STOCKSTILL","KENT STATE",88,44,2,37.17,"D+"
"MALIK GANAWAY","MO STATE",21,21,1,37.02,"D+"
"A'TIQ MUHAMMAD","KENT STATE",91,45.5,2,36.98,"D+"
"DEREK FIELDS","BALL ST",91,45.5,2,36.75,"D+"
"MALIKAI NICHOLS","SACRAMENTO",16,16,1,36.61,"D+"
"JELANI WHITMORE","S DIEGO ST",75,37.5,2,36.32,"D+"
"TERENCE THOMAS","AKRON",56,28,2,36.2,"D+"
"JOEL KPASSOU","MO STATE",108,54,2,35.79,"D+"
"KODY JONES","KENNESAW",44,44,1,35.51,"D+"
"SEAN MARTIN","NAVY",68,68,1,35.49,"D+"
"JAMEEL CROFT JR.","CHARLOTTE",107,53.5,2,35.41,"D+"
"CAIDEN NEWSOME","AKRON",66,33,2,35.34,"D+"
"KENDALL BANNISTER","OHIO",145,72.5,2,35.34,"D+"
"ARMONI RUE","LA MONROE",72,36,2,34.25,"D+"
"AZIR LEE","DELAWARE",15,15,1,33.35,"D+"
"JAYLEN ALLEN","UNLV",27,27,1,32.65,"D"
"TRULY BELL III","FRESNO ST",36,18,2,32.26,"D"
"ISAIAH HOUI","OREGON ST",22,22,1,29.1,"D"
"NAKEEL LAWRENCE","TEMPLE",43,21.5,2,28.86,"D"
"CAMEREN JENKINS","N TEXAS",45,45,1,28.51,"D"
"LAWRENCE JOHNSON","FIU",26,26,1,28.18,"D"
"ISAIAH BUXTON","S JOSE ST",17,17,1,26.53,"D-"
"TY WILLIAMS","C MICHIGAN",26,26,1,17,"F"
"TREY GLASPER","OREGON ST",35,35,1,16.43,"F"
"CHASE CANADA","N TEXAS",24,24,1,0,"F"
