"Name","Team","Jersey.Number.x","Position","Season","Conference.x","Rush.Grade","Key.Plays.x","Attempts","Rush.Yards","Yards.per.Attempt","Rush.Touchdowns","First.Down.Runs","Fumbles.x","Fumbles.Lost.x","Missed.Tackles.on.Runs","Yards.before.Contact","Yards.before.Contact.per.Attempt","Yards.after.Contact","Yards.after.Contract.per.Attempt","Scrambles","First.down.or.Touchdown.percentage","Missed.Tackles.forced.per.Attempt","Explosive.Runs","Change.of.direction.percentage","Team.Name","Jersey.Number.y","Conference.y","Receiving.Grade","Key.Plays.y","Receiving.Snaps","Snaps.on.Press.Coverage","Targets","Receptions","Receiving.Yards","Yards.per.Reception","Receiving.Touchdowns","Receiving.First.Downs","Dropped.Passes","Fumbles.y","Fumbles.Lost.y","Catchable.Targets","Contested.Targets","Contested.Catches","Yards.after.Catch","Yards.After.Catch.per.Reception","Receiving.Yards.after.Contract","Contested.Catches.Percentage","Yards.per.Route.Run","Average.Depth.of.Target","Explosive.Plays","Missed.Tackles.forced.on.Receptions","Percentage.of.Catchable.Passes.Caught","Dropped.Catchable.Passes.Percentage","Contested.Catches.Caught.Percentage","Passer.Rating.when.Targetted","Slot.Target.Percentage","Deep.Target.Percentage","Completion.Percentage.when.Targeted","Percentage.of.Targets.per.Receiving.Snaps","Conference","Conference_Level","Offensive.Snaps","Composite_Score","Player_Grade"
"DYLAN RILEY","BOISE ST",0,"HB",2026,"Pac-12",83,14,21,218,10.4,0,8,0,0,9,124,5.9,94,4.5,0,0.381,0.43,6,0,"BOISE ST",0,"Pac-12",67,3,22,1,2,2,11,5.5,0,1,0,0,0,2,0,0,16,8,4,0,0.5,-2.5,0,0,"100%","0.00%","0.00%",89.6,0.091,0.091,0,"100%","Pac-12","G5",40,100,"A"
"MEL BROWN","COLO STATE",1,"HB",2026,"Pac-12",92.5,6,9,171,19,2,4,0,0,6,59,6.6,112,12.4,0,0.444,0.67,2,0.111,"COLO STATE",1,"Pac-12",28.8,2,7,0,3,1,3,3,0,0,2,0,0,3,0,0,5,5,1,0,0.43,2,0,0,"33.30%","66.70%","0.00%",42.4,0.143,0.429,0,"33.30%","Pac-12","G5",26,94.67,"A"
"JAHIEM WHITE","N TEXAS",1,"HB",2026,"The American",84.2,9,13,122,9.4,1,7,0,0,8,35,2.7,87,6.7,0,0.538,0.62,5,0.154,"N TEXAS",1,"The American",54.3,2,21,0,3,2,34,17,1,1,1,0,0,3,0,0,42,21,35,0,1.62,-4.7,1,2,"66.70%","33.30%","0.00%",144.4,0,0.143,0,"66.70%","The American","G5",44,92.02,"A"
"JAYLIN LUCAS","TULANE",12,"HB",2026,"The American",84,8,11,214,19.4,1,4,0,0,4,87,7.9,127,11.6,0,0.364,0.36,4,0.091,"TULANE",12,"The American",56,0,4,0,0,0,0,0,0,0,0,0,0,0,0,0,0,0,0,0,0,0,0,0,"0.00%","0.00%","0.00%",0,0,0,0,"0.00%","The American","G5",18,91.01,"A"
"JABARI BATES","S JOSE ST",6,"HB",2026,"MWC",78.5,14,27,163,6,0,12,0,0,4,70,2.6,93,3.4,0,0.444,0.15,8,0.222,"S JOSE ST",6,"MWC",63.2,1,17,0,1,1,14,14,0,1,0,0,0,1,0,0,19,19,4,0,0.82,-5,0,0,"100%","0.00%","0.00%",118.8,0,0.059,0,"100%","MWC","G5",58,87.8,"A"
"TORRANCE BURGESS JR.","TEXAS ST",4,"HB",2026,"Pac-12",81.2,13,18,151,8.4,0,6,0,0,12,12,0.7,139,7.7,0,0.333,0.67,4,0.056,"TEXAS ST",4,"Pac-12",56.1,0,10,0,1,1,6,6,0,0,0,0,0,1,0,0,4,4,0,0,0.6,2,0,0,"100%","0.00%","0.00%",91.7,0,0.1,0,"100%","Pac-12","G5",23,85.7,"A"
"JAHEIM MERRIWEATHER","TROY",3,"HB",2026,"Sun Belt",71.8,7,13,127,9.8,3,6,0,0,4,44,3.4,83,6.4,0,0.462,0.31,4,0.077,"TROY",3,"Sun Belt",59.5,1,8,0,1,1,3,3,0,0,0,0,0,1,0,0,4,4,2,0,0.38,-1,0,0,"100%","0.00%","0.00%",79.2,0,0.125,0,"100%","Sun Belt","G5",16,78.28,"B"
"NICK HERMAN","JAMES MAD",23,"HB",2026,"Sun Belt",71.6,6,9,132,14.7,2,4,0,0,3,102,11.3,30,3.3,0,0.444,0.33,4,0,"JAMES MAD",23,"Sun Belt",61.9,1,6,0,1,1,11,11,0,0,0,0,0,1,0,0,17,17,4,0,1.83,-6,0,0,"100%","0.00%","0.00%",112.5,0,0.167,0,"100%","Sun Belt","G5",3,73.92,"B"
"ASHTON GRAY","E CAROLINA",3,"HB",2026,"The American",84.4,9,17,125,7.3,0,6,0,0,9,36,2.1,89,5.2,0,0.353,0.53,3,0,"E CAROLINA",3,"The American",61.1,1,19,0,1,1,9,9,0,0,0,0,0,1,0,0,5,5,1,0,0.47,4,0,0,"100%","0.00%","0.00%",104.2,0,0.053,0,"100%","The American","G5",18,72.98,"B"
"TJ HORTON","BALL ST",4,"HB",2026,"MAC",89.5,5,9,125,13.9,1,4,0,0,3,41,4.6,84,9.3,0,0.444,0.33,4,0,"BALL ST",4,"MAC",57.9,0,17,0,4,3,-4,-1.3,0,0,0,0,0,3,0,0,10,3.3,4,0,-0.24,-2.8,0,3,"100%","0.00%","0.00%",77.1,0.118,0.235,0,"75.00%","MAC","G5",26,70.71,"B"
"BRYSON DONELSON","FRESNO ST",6,"HB",2026,"Pac-12",81.6,6,13,102,7.8,3,4,0,0,5,52,4,50,3.9,0,0.308,0.38,2,0,"FRESNO ST",6,"Pac-12",57.6,0,11,0,1,1,-1,-1,0,0,0,0,0,1,0,0,0,0,0,0,-0.09,-1,0,0,"100%","0.00%","0.00%",79.2,0,0.091,0,"100%","Pac-12","G5",19,67.99,"B"
"JORDAN GANT","AKRON",1,"HB",2026,"MAC",84.5,9,12,82,6.8,1,6,0,0,4,23,1.9,59,4.9,0,0.5,0.33,4,0.167,"AKRON",1,"MAC",73.6,2,22,0,4,4,20,5,0,1,0,0,0,4,0,0,25,6.3,12,0,0.91,-1.3,0,1,"100%","0.00%","0.00%",87.5,0,0.182,0,"100%","MAC","G5",33,66.69,"B"
"JAMES JONES","NEW MEX ST",2,"HB",2026,"C-USA",77.7,10,14,79,5.6,1,6,0,0,6,0,0,79,5.6,0,0.429,0.43,3,0.214,"NEW MEX ST",2,"C-USA",67.3,1,15,0,3,2,14,7,0,1,0,0,0,3,0,0,24,12,2,0,0.93,-3,1,0,"66.70%","0.00%","0.00%",77.1,0,0.2,0,"66.70%","C-USA","G5",28,65.53,"B"
"TREQUAN JONES","TULSA",3,"HB",2026,"The American",78,6,9,121,13.4,2,3,0,0,4,24,2.7,97,10.8,0,0.333,0.44,2,0,"TULSA",3,"The American",56.3,0,5,0,0,0,0,0,0,0,0,0,0,0,0,0,0,0,0,0,0,0,0,0,"0.00%","0.00%","0.00%",0,0,0,0,"0.00%","The American","G5",16,64.87,"B"
"MARKELL HOLMAN","WYOMING",8,"HB",2026,"MWC",70.8,8,12,97,8.1,0,5,1,1,4,12,1,85,7.1,0,0.417,0.33,5,0.083,"WYOMING",8,"MWC",84.1,4,15,0,5,5,27,5.4,0,0,0,0,0,5,0,0,37,7.4,7,0,1.8,-2,0,0,"100%","0.00%","0.00%",89.2,0.2,0.333,0,"100%","MWC","G5",3,60.61,"B"
"TELLY JOHNSON JR.","N ILLINOIS",45,"HB",2026,"MWC",70.6,10,22,85,3.9,1,10,0,0,5,18,0.8,67,3,0,0.455,0.23,3,0.045,"N ILLINOIS",45,"MWC",61.5,4,29,0,4,3,6,2,0,1,0,0,0,3,0,0,13,4.3,3,0,0.21,-2.5,0,0,"100%","0.00%","0.00%",37.5,0.069,0.138,0,"75.00%","MWC","G5",29,59.69,"C"
"PJ MARTIN","S ALABAMA",0,"HB",2026,"Sun Belt",72.3,6,15,73,4.9,1,5,0,0,2,18,1.2,55,3.7,0,0.333,0.13,3,0.2,"S ALABAMA",0,"Sun Belt",81.2,4,18,0,5,5,37,7.4,0,1,0,0,0,5,0,0,59,11.8,28,0,2.06,-4.4,1,6,"100%","0.00%","0.00%",97.5,0,0.278,0,"100%","Sun Belt","G5",39,58.57,"C"
"JALEN BONDS","BALL ST",2,"HB",2026,"MAC",79.7,3,6,77,12.8,1,2,0,0,0,24,4,53,8.8,0,0.333,0,2,0,"BALL ST",2,"MAC",79.7,2,7,1,1,1,23,23,1,1,0,0,0,1,0,0,0,0,0,0,3.29,28,1,0,"100%","0.00%","0.00%",158.3,0,0.143,1,"100%","MAC","G5",18,57.46,"C"
"SCOTTRE HUMPHREY","NEW MEXICO",22,"HB",2026,"MWC",68.5,8,16,110,6.9,2,7,0,0,2,26,1.6,84,5.3,0,0.438,0.13,4,0,"NEW MEXICO",22,"MWC",56,0,5,0,0,0,0,0,0,0,0,0,0,0,0,0,0,0,0,0,0,0,0,0,"0.00%","0.00%","0.00%",0,0,0,0,"0.00%","MWC","G5",32,56.91,"C"
"ROD ROBINSON II","UAB",2,"HB",2026,"The American",74.7,14,22,120,5.5,0,6,0,0,4,53,2.4,67,3,0,0.273,0.18,3,0.136,"UAB",2,"The American",36.4,1,14,0,1,0,0,0,0,0,1,0,0,1,0,0,0,0,0,0,0,2,0,0,"0.00%","100%","0.00%",39.6,0,0.071,0,"0.00%","The American","G5",32,54.93,"C"
"BRYSON ROLAND","LA MONROE",25,"HB",2026,"Sun Belt",75.8,10,19,86,4.5,0,6,0,0,6,43,2.3,43,2.3,0,0.316,0.32,3,0.053,"LA MONROE",25,"Sun Belt",57,1,10,0,1,1,8,8,0,0,0,0,0,1,0,0,11,11,2,0,0.8,-3,0,0,"100%","0.00%","0.00%",100,0,0.1,0,"100%","Sun Belt","G5",27,54.37,"C"
"DEVON RICE","HAWAII",1,"HB",2026,"MWC",75.1,6,15,60,4,2,4,0,0,3,10,0.7,50,3.3,0,0.267,0.2,2,0.4,"HAWAII",1,"MWC",56.2,0,19,0,2,1,-3,-3,0,0,0,0,0,1,0,0,3,3,1,0,-0.16,-4.5,0,0,"100%","0.00%","0.00%",56.3,0,0.105,0,"50.00%","MWC","G5",53,53.78,"C"
"TAVORUS JONES","UTEP",0,"HB",2026,"MWC",72.5,11,18,111,6.2,1,5,0,0,1,60,3.3,51,2.8,0,0.278,0.06,3,0.222,"UTEP",0,"MWC",54,0,14,0,0,0,0,0,0,0,0,0,0,0,0,0,0,0,0,0,0,0,0,0,"0.00%","0.00%","0.00%",0,0,0,0,"0.00%","MWC","G5",27,51.96,"C"
"SIRE GAINES","BOISE ST",26,"HB",2026,"Pac-12",75.5,11,18,97,5.4,1,5,0,0,2,44,2.4,53,2.9,0,0.278,0.11,3,0.056,"BOISE ST",26,"Pac-12",58.5,0,11,0,1,1,4,4,0,0,0,0,0,1,0,0,7,7,2,0,0.36,-3,0,0,"100%","0.00%","0.00%",83.3,0,0.091,0,"100%","Pac-12","G5",31,51.8,"C"
"LANEAR MCCRARY JR.","GA STATE",5,"HB",2026,"Sun Belt",66.9,11,19,108,5.7,1,5,1,1,4,47,2.5,61,3.2,0,0.263,0.21,5,0,"GA STATE",5,"Sun Belt",53.8,0,11,0,0,0,0,0,0,0,0,0,0,0,0,0,0,0,0,0,0,0,0,0,"0.00%","0.00%","0.00%",0,0,0,0,"0.00%","Sun Belt","G5",24,51.49,"C"
"RAMONE GREEN JR.","MO STATE",22,"HB",2026,"C-USA",69.5,7,12,80,6.7,2,4,0,0,2,35,2.9,45,3.8,0,0.333,0.17,2,0.083,"MO STATE",22,"C-USA",60.4,0,8,0,1,1,3,3,0,0,0,0,0,1,0,0,2,2,1,0,0.38,1,0,0,"100%","0.00%","0.00%",79.2,0,0.125,0,"100%","C-USA","G5",10,50.94,"C"
"JAYLIN CARTER","MEMPHIS",6,"HB",2026,"The American",64.6,2,9,95,10.6,1,1,0,0,1,68,7.6,27,3,0,0.111,0.11,1,0.222,"MEMPHIS",6,"The American",65.9,1,8,0,1,1,13,13,0,1,0,0,0,1,0,0,15,15,3,0,1.63,-2,0,1,"100%","0.00%","0.00%",118.8,0,0.125,0,"100%","The American","G5",30,50.29,"C"
"SEAN PATRICK","AKRON",13,"HB",2026,"MAC",72.4,6,9,58,6.4,0,3,0,0,2,27,3,31,3.4,0,0.333,0.22,1,0,"AKRON",13,"MAC",79,2,19,0,4,4,72,18,1,2,0,0,0,4,0,0,37,9.3,18,0,3.79,8.8,2,1,"100%","0.00%","0.00%",158.3,0,0.211,0.25,"100%","MAC","G5",26,49.03,"C"
"BAM MCREYNOLDS","UAB",3,"HB",2026,"The American",68,7,16,75,4.7,1,2,0,0,5,37,2.3,38,2.4,0,0.125,0.31,2,0.25,"UAB",3,"The American",57.2,0,4,0,1,0,0,0,0,0,0,0,0,0,0,0,0,0,0,0,0,10,0,0,"0.00%","0.00%","0.00%",39.6,0.25,0.25,0,"0.00%","The American","G5",32,48.29,"C"
"PEYTON JONES","LIBERTY",7,"HB",2026,"C-USA",70.5,8,14,99,7.1,0,4,0,0,4,34,2.4,65,4.6,0,0.286,0.29,4,0,"LIBERTY",7,"C-USA",52.9,1,15,0,2,0,0,0,0,0,0,0,0,1,1,0,0,0,0,0,0,11.5,0,0,"0.00%","0.00%","50.00%",39.6,0,0.133,0,"0.00%","C-USA","G5",39,48.28,"C"
"DAVIAN JACKSON","TEXAS ST",6,"HB",2026,"Pac-12",67.1,10,19,98,5.2,1,3,0,0,5,51,2.7,47,2.5,0,0.158,0.26,3,0.053,"TEXAS ST",6,"Pac-12",56.2,0,4,0,0,0,0,0,0,0,0,0,0,0,0,0,0,0,0,0,0,0,0,0,"0.00%","0.00%","0.00%",0,0,0,0,"0.00%","Pac-12","G5",20,47.94,"C"
"DOMINIC KELLEY","NEVADA",0,"HB",2026,"MWC",67.6,9,17,84,4.9,0,7,0,0,4,35,2.1,49,2.9,0,0.412,0.24,4,0,"NEVADA",0,"MWC",44,2,18,0,3,1,9,9,0,0,1,0,0,2,0,0,9,9,2,0,0.5,4,0,0,"50.00%","50.00%","0.00%",42.4,0.056,0.167,0,"33.30%","MWC","G5",26,46.56,"C"
"WILL HENDERSON III","UTSA",1,"HB",2026,"The American",78.7,9,15,88,5.9,0,3,0,0,1,29,1.9,59,3.9,0,0.2,0.07,3,0.067,"UTSA",1,"The American",59.3,2,29,2,2,2,21,10.5,0,1,0,0,0,2,0,0,26,13,6,0,0.72,-2.5,0,0,"100%","0.00%","0.00%",110.4,0,0.069,0,"100%","The American","G5",32,45.84,"C"
"MASON KING","KENT STATE",0,"HB",2026,"MAC",74.9,7,10,78,7.8,0,4,0,0,3,39,3.9,39,3.9,0,0.4,0.3,3,0,"KENT STATE",0,"MAC",55.2,0,17,0,2,1,8,8,0,0,0,0,0,1,0,0,8,8,3,0,0.47,-2,0,0,"100%","0.00%","0.00%",60.4,0.059,0.118,0,"50.00%","MAC","G5",15,43.44,"C"
"SOLOMON BAGGETT","ARK STATE",23,"HB",2026,"Sun Belt",74.8,6,8,65,8.1,1,3,0,0,3,16,2,49,6.1,0,0.375,0.38,2,0.125,"ARK STATE",23,"Sun Belt",59.9,0,1,0,0,0,0,0,0,0,0,0,0,0,0,0,0,0,0,0,0,0,0,0,"0.00%","0.00%","0.00%",0,0,0,0,"0.00%","Sun Belt","G5",1,43.08,"C"
"GEORGE PETTAWAY","JAMES MAD",6,"HB",2026,"Sun Belt",59.8,6,10,40,4,3,4,1,0,5,-4,-0.4,44,4.4,0,0.4,0.5,1,0,"JAMES MAD",6,"Sun Belt",58.7,0,2,0,0,0,0,0,0,0,0,0,0,0,0,0,0,0,0,0,0,0,0,0,"0.00%","0.00%","0.00%",0,0,0,0,"0.00%","Sun Belt","G5",45,42.33,"C"
"BREEZY DUBAR","MO STATE",1,"HB",2026,"C-USA",63.2,6,15,62,4.1,1,4,0,0,2,14,0.9,48,3.2,0,0.267,0.13,2,0.2,"MO STATE",1,"C-USA",59,1,16,2,2,2,1,0.5,0,0,0,0,0,2,0,0,8,4,3,0,0.06,-3.5,0,1,"100%","0.00%","0.00%",79.2,0,0.125,0,"100%","C-USA","G5",14,41.7,"C"
"JALEN BUCKLEY","W MICHIGAN",6,"HB",2026,"MAC",63.2,4,10,28,2.8,3,4,0,0,0,19,1.9,9,0.9,0,0.4,0,1,0.2,"W MICHIGAN",6,"MAC",65.2,1,10,0,1,1,9,9,0,0,0,0,0,1,0,0,16,16,10,0,0.9,-7,0,0,"100%","0.00%","0.00%",104.2,0,0.1,0,"100%","MAC","G5",44,39.92,"D"
"KENYON CLAY","ARK STATE",5,"HB",2026,"Sun Belt",71,8,12,49,4.1,1,5,0,0,2,23,1.9,26,2.2,0,0.417,0.17,1,0.083,"ARK STATE",5,"Sun Belt",71.8,1,9,0,2,2,4,2,0,0,0,0,0,2,0,0,9,4.5,10,0,0.44,-2.5,0,1,"100%","0.00%","0.00%",79.2,0,0.222,0,"100%","Sun Belt","G5",48,39.48,"D"
"BRAYDON BENNETT","E MICHIGAN",28,"HB",2026,"MAC",71.5,7,9,56,6.2,0,4,0,0,2,27,3,29,3.2,0,0.444,0.22,1,0,"E MICHIGAN",28,"MAC",68.9,2,9,0,1,1,22,22,0,1,0,0,0,1,0,0,28,28,5,0,2.44,-6,1,0,"100%","0.00%","0.00%",118.8,0,0.111,0,"100%","MAC","G5",13,39.45,"D"
"DUNCAN BRUNE","OHIO",6,"HB",2026,"MAC",55.6,6,18,66,3.7,0,5,0,0,4,12,0.7,54,3,0,0.278,0.22,1,0,"OHIO",6,"MAC",65,1,20,0,2,2,23,11.5,0,0,0,0,0,2,0,0,19,9.5,8,0,1.15,2,0,0,"100%","0.00%","0.00%",114.6,0,0.1,0,"100%","MAC","G5",36,39.25,"D"
"JAQUARI LEWIS","APP STATE",5,"HB",2026,"Sun Belt",66.2,8,18,71,3.9,1,3,0,0,4,11,0.6,60,3.3,0,0.167,0.22,3,0.056,"APP STATE",5,"Sun Belt",54.7,0,13,0,0,0,0,0,0,0,0,0,0,0,0,0,0,0,0,0,0,0,0,0,"0.00%","0.00%","0.00%",0,0,0,0,"0.00%","Sun Belt","G5",31,39.15,"D"
"JEVON EDWARDS","COAST CAR",20,"HB",2026,"Sun Belt",84,6,9,51,5.7,0,3,1,0,4,19,2.1,32,3.6,0,0.333,0.44,2,0,"COAST CAR",20,"Sun Belt",58.7,1,13,0,1,1,3,3,0,0,0,0,0,1,0,0,1,1,0,0,0.23,2,0,0,"100%","0.00%","0.00%",79.2,0,0.077,0,"100%","Sun Belt","G5",28,38.24,"D"
"JO SILVER","DELAWARE",27,"HB",2026,"C-USA",67.2,6,16,109,6.8,0,3,0,0,0,81,5.1,28,1.8,0,0.188,0,5,0.063,"DELAWARE",27,"C-USA",55.6,0,8,1,0,0,0,0,0,0,0,0,0,0,0,0,0,0,0,0,0,0,0,0,"0.00%","0.00%","0.00%",0,0,0,0,"0.00%","C-USA","G5",26,37.76,"D"
"JADEN ALLEN-HENDRIX","COAST CAR",25,"HB",2026,"Sun Belt",75.3,5,7,58,8.3,1,3,0,0,2,20,2.9,38,5.4,0,0.429,0.29,2,0,"COAST CAR",25,"Sun Belt",59.1,0,2,0,0,0,0,0,0,0,0,0,0,0,0,0,0,0,0,0,0,0,0,0,"0.00%","0.00%","0.00%",0,0,0,0,"0.00%","Sun Belt","G5",12,36.77,"D"
"NAKAI AMACHREE","BOWL GREEN",2,"HB",2026,"MAC",60.7,5,13,53,4.1,0,2,0,0,6,-4,-0.3,57,4.4,0,0.154,0.46,2,0.077,"BOWL GREEN",2,"MAC",59.2,1,11,0,2,2,7,3.5,0,0,0,0,0,2,0,0,6,3,2,0,0.64,0.5,0,0,"100%","0.00%","0.00%",81.3,0,0.182,0,"100%","MAC","G5",35,36.44,"D"
"CHANCE WILLIAMS","CHARLOTTE",7,"HB",2026,"The American",63.2,3,9,74,8.2,0,2,0,0,1,19,2.1,55,6.1,0,0.222,0.11,2,0.111,"CHARLOTTE",7,"The American",64.9,1,11,0,2,1,6,6,0,1,0,0,0,1,0,0,13,13,0,0,0.55,4,0,0,"100%","0.00%","0.00%",56.3,0,0.182,0,"50.00%","The American","G5",38,35.82,"D"
"CJ MILLER","TOLEDO",22,"HB",2026,"MAC",75.5,5,9,56,6.2,1,3,0,0,2,23,2.6,33,3.7,0,0.333,0.22,3,0,"TOLEDO",22,"MAC",52.8,1,15,0,1,0,0,0,0,0,0,0,0,0,0,0,0,0,0,0,0,-3,0,0,"0.00%","0.00%","0.00%",39.6,0,0.067,0,"0.00%","MAC","G5",18,35.67,"D"
"KAM DAVIS","LIBERTY",4,"HB",2026,"C-USA",67.1,6,10,67,6.7,0,4,0,0,3,28,2.8,39,3.9,0,0.4,0.3,3,0,"LIBERTY",4,"C-USA",57.1,0,3,0,1,0,0,0,0,0,0,0,0,0,0,0,0,0,0,0,0,-1,0,0,"0.00%","0.00%","0.00%",39.6,0,0.333,0,"0.00%","C-USA","G5",27,35.26,"D"
"DAMARI ALSTON","TULSA",6,"HB",2026,"The American",63.1,5,13,48,3.7,0,3,0,0,1,11,0.8,37,2.9,0,0.231,0.08,0,0.077,"TULSA",6,"The American",87.3,5,19,0,7,5,43,8.6,0,4,0,0,0,5,0,0,54,10.8,21,0,2.26,0.6,1,2,"100%","0.00%","0.00%",87.2,0,0.368,0,"71.40%","The American","G5",34,35.16,"D"
"D.J. CROWTHER","USF",5,"HB",2026,"The American",70.7,5,6,39,6.5,0,2,0,0,5,9,1.5,30,5,0,0.333,0.83,1,0,"USF",5,"The American",60.8,2,25,0,1,1,4,4,0,1,0,0,0,1,0,0,0,0,0,0,0.16,4,0,0,"100%","0.00%","0.00%",83.3,0,0.04,0,"100%","The American","G5",24,35.02,"D"
"KEVEUN MASON","TEMPLE",26,"HB",2026,"The American",78.1,7,14,76,5.4,0,3,0,0,1,23,1.6,53,3.8,0,0.214,0.07,2,0,"TEMPLE",26,"The American",60,0,10,0,1,1,2,2,0,0,0,0,0,1,0,0,7,7,2,0,0.2,-5,0,0,"100%","0.00%","0.00%",79.2,0,0.1,0,"100%","The American","G5",40,34.88,"D"
"EZELL JOLLY","ARK STATE",22,"HB",2026,"Sun Belt",72.1,7,9,63,7,0,4,0,0,1,35,3.9,28,3.1,0,0.444,0.11,1,0,"ARK STATE",22,"Sun Belt",66.7,1,5,0,2,2,6,3,0,0,0,0,0,2,0,0,12,6,1,0,1.2,-3,0,0,"100%","0.00%","0.00%",79.2,0,0.4,0,"100%","Sun Belt","G5",8,34.48,"D"
"LUCKY SUTTON","S DIEGO ST",7,"HB",2026,"Pac-12",69.3,8,19,81,4.3,0,5,0,0,1,9,0.5,72,3.8,0,0.263,0.05,3,0.053,"S DIEGO ST",7,"Pac-12",56.7,1,6,0,0,0,0,0,0,0,0,0,0,0,0,0,0,0,0,0,0,0,0,0,"0.00%","0.00%","0.00%",0,0,0,0,"0.00%","Pac-12","G5",35,34.3,"D"
"D'SHAWNTAE JONES","MIAMI OH",9,"HB",2026,"MAC",70.3,4,7,47,6.7,1,4,0,0,2,6,0.9,41,5.9,0,0.571,0.29,2,0,"MIAMI OH",9,"MAC",58.9,0,2,0,0,0,0,0,0,0,0,0,0,0,0,0,0,0,0,0,0,0,0,0,"0.00%","0.00%","0.00%",0,0,0,0,"0.00%","MAC","G5",17,34.23,"D"
"ANTHONY CARRIE","FIU",1,"HB",2026,"C-USA",64.2,5,13,49,3.8,0,3,0,0,2,6,0.5,43,3.3,0,0.231,0.15,2,0.231,"FIU",1,"C-USA",58.5,2,22,0,3,2,10,5,0,0,0,0,0,2,0,0,8,4,2,0,0.45,-1.3,0,0,"100%","0.00%","0.00%",71.5,0,0.136,0,"66.70%","C-USA","G5",36,33.08,"D"
"ALTON MCCASKILL","SM HOUSTON",22,"HB",2026,"C-USA",71.9,6,13,49,3.8,0,4,0,0,2,10,0.8,39,3,0,0.308,0.15,2,0.077,"SM HOUSTON",22,"C-USA",36.5,2,25,0,7,5,9,1.8,0,1,2,0,0,7,0,0,22,4.4,11,0,0.36,-2.4,0,0,"71.40%","28.60%","0.00%",74.1,0,0.28,0,"71.40%","C-USA","G5",43,32.87,"D"
"JAYLON GLOVER","UNLV",0,"HB",2026,"MWC",57.5,4,6,21,3.5,0,2,1,1,6,-4,-0.7,25,4.2,0,0.333,1,1,0,"UNLV",0,"MWC",69.8,2,15,1,2,2,22,11,0,1,0,0,0,2,0,0,16,8,7,0,1.47,3,0,0,"100%","0.00%","0.00%",112.5,0,0.133,0,"100%","MWC","G5",12,32.17,"D"
"TREYAUN WEBB","APP STATE",4,"HB",2026,"Sun Belt",77.2,4,6,32,5.3,1,2,0,0,4,25,4.2,7,1.2,0,0.333,0.67,2,0,"APP STATE",4,"Sun Belt",56.6,0,5,0,0,0,0,0,0,0,0,0,0,0,0,0,0,0,0,0,0,0,0,0,"0.00%","0.00%","0.00%",0,0,0,0,"0.00%","Sun Belt","G5",9,31.42,"D"
"BRANDON HIGH JR.","UTSA",10,"HB",2026,"The American",63.3,5,8,47,5.9,1,3,0,0,2,13,1.6,34,4.3,0,0.375,0.25,1,0.125,"UTSA",10,"The American",55.7,0,7,0,0,0,0,0,0,0,0,0,0,0,0,0,0,0,0,0,0,0,0,0,"0.00%","0.00%","0.00%",0,0,0,0,"0.00%","The American","G5",16,30.9,"D"
"CONNOR WALENDZAK","TOLEDO",8,"HB",2026,"MAC",63.5,3,7,38,5.4,1,2,0,0,1,15,2.1,23,3.3,0,0.286,0.14,1,0,"TOLEDO",8,"MAC",70,1,8,0,1,1,4,4,1,1,0,0,0,1,0,0,2,2,0,0,0.5,2,0,0,"100%","0.00%","0.00%",122.9,0,0.125,0,"100%","MAC","G5",25,30.64,"D"
"DURELL ROBINSON","COLO STATE",11,"HB",2026,"Pac-12",68.8,6,11,43,3.9,0,2,0,0,6,14,1.3,29,2.6,0,0.182,0.55,1,0.091,"COLO STATE",11,"Pac-12",52.8,2,16,0,0,0,0,0,0,0,0,0,0,0,0,0,0,0,0,0,0,0,0,0,"0.00%","0.00%","0.00%",0,0,0,0,"0.00%","Pac-12","G5",35,29.88,"D"
"ETHAN ERVIN","FAU",21,"HB",2026,"The American",65.5,9,17,67,3.9,0,6,0,0,2,28,1.6,39,2.3,0,0.353,0.12,0,0,"FAU",21,"The American",54.7,0,12,0,0,0,0,0,0,0,0,0,0,0,0,0,0,0,0,0,0,0,0,0,"0.00%","0.00%","0.00%",0,0,0,0,"0.00%","The American","G5",35,29.27,"D"
"KEENAN PHILLIPS","S ALABAMA",3,"HB",2026,"Sun Belt",65.7,6,14,48,3.4,0,3,0,0,2,11,0.8,37,2.6,0,0.214,0.14,0,0.214,"S ALABAMA",3,"Sun Belt",58.1,0,14,0,1,1,0,0,0,0,0,0,0,1,0,0,5,5,0,0,0,-5,0,0,"100%","0.00%","0.00%",79.2,0,0.071,0,"100%","Sun Belt","G5",35,29.16,"D"
"VAUGHN BLUE","C MICHIGAN",24,"HB",2026,"MAC",68.7,3,6,27,4.5,1,2,0,0,1,6,1,21,3.5,0,0.333,0.17,0,0,"C MICHIGAN",24,"MAC",52.1,3,10,0,4,3,29,9.7,0,1,1,0,0,4,0,0,25,8.3,7,0,2.9,-0.3,1,0,"75.00%","25.00%","0.00%",94.8,0.3,0.4,0,"75.00%","MAC","G5",20,28.51,"D"
"DENNIS MURRAY JR.","GA STATE",0,"HB",2026,"Sun Belt",61.8,4,10,41,4.1,1,3,0,0,0,5,0.5,36,3.6,0,0.3,0,2,0,"GA STATE",0,"Sun Belt",66.4,1,10,0,2,1,13,13,0,1,0,0,0,1,0,0,19,19,12,0,1.3,-6,0,2,"100%","0.00%","0.00%",70.8,0,0.2,0,"50.00%","Sun Belt","G5",20,28.38,"D"
"SAMUEL HARRIS","WYOMING",1,"HB",2026,"MWC",61.6,5,11,48,4.4,1,2,0,0,0,29,2.6,19,1.7,0,0.182,0,2,0,"WYOMING",1,"MWC",61.4,1,13,0,2,2,7,3.5,0,1,0,0,1,2,1,1,8,4,0,1,0.54,-0.5,0,0,"100%","0.00%","50.00%",81.3,0,0.154,0,"100%","MWC","G5",34,28.21,"D"
"DEVIN ROCHE","DOMINION",3,"HB",2026,"Sun Belt",72.8,4,9,45,5,0,2,0,0,4,7,0.8,38,4.2,0,0.222,0.44,3,0,"DOMINION",3,"Sun Belt",53.6,0,18,0,0,0,0,0,0,0,0,0,0,0,0,0,0,0,0,0,0,0,0,0,"0.00%","0.00%","0.00%",0,0,0,0,"0.00%","Sun Belt","G5",30,27.72,"D"
"STEVEN ROBINSON","SO MISS",14,"HB",2026,"Sun Belt",65.6,5,14,48,3.4,0,2,0,0,1,10,0.7,38,2.7,0,0.143,0.07,1,0,"SO MISS",14,"Sun Belt",55.3,3,21,1,3,2,4,2,1,1,0,0,0,2,1,0,9,4.5,2,0,0.19,-3.3,0,0,"100%","0.00%","33.30%",109.7,0.048,0.143,0,"66.70%","Sun Belt","G5",36,26.94,"D"
"ANTHONY REAGAN JR.","LA LAFAYET",22,"HB",2026,"Sun Belt",66,3,7,42,6,0,1,0,0,1,22,3.1,20,2.9,0,0.143,0.14,1,0.286,"LA LAFAYET",22,"Sun Belt",58.4,1,10,0,1,1,1,1,0,0,0,0,0,1,0,0,8,8,1,0,0.1,-7,0,0,"100%","0.00%","0.00%",79.2,0,0.1,0,"100%","Sun Belt","G5",13,26.38,"D"
"JAVION KINNARD","S DIEGO ST",21,"HB",2026,"Pac-12",69,6,12,48,4,0,3,0,0,1,6,0.5,42,3.5,0,0.25,0.08,1,0,"S DIEGO ST",21,"Pac-12",72.1,1,6,0,2,1,10,10,0,0,0,0,0,1,1,0,15,15,1,0,1.67,-3,0,0,"100%","0.00%","50.00%",25,0,0.333,0,"50.00%","Pac-12","G5",16,26.01,"D"
"BRENDON HAYGOOD","N TEXAS",29,"HB",2026,"The American",57.3,3,13,40,3.1,1,1,0,0,4,0,0,40,3.1,0,0.077,0.31,0,0.154,"N TEXAS",29,"The American",56.4,0,5,0,0,0,0,0,0,0,0,0,0,0,0,0,0,0,0,0,0,0,0,0,"0.00%","0.00%","0.00%",0,0,0,0,"0.00%","The American","G5",14,25.88,"D"
"AUTAVIUS ISON","TOLEDO",4,"HB",2026,"MAC",65.6,4,7,33,4.7,1,3,0,0,1,13,1.9,20,2.9,0,0.429,0.14,0,0.143,"TOLEDO",4,"MAC",58.8,0,2,0,0,0,0,0,0,0,0,0,0,0,0,0,0,0,0,0,0,0,0,0,"0.00%","0.00%","0.00%",0,0,0,0,"0.00%","MAC","G5",2,25.16,"D"
"KHRISTIAN LANDO","JVILLE ST",7,"HB",2026,"C-USA",61.1,3,8,24,3,1,3,0,0,0,11,1.4,13,1.6,0,0.375,0,0,0,"JVILLE ST",7,"C-USA",74.8,1,1,0,1,1,8,8,0,0,0,0,0,1,0,0,13,13,2,0,8,-5,0,0,"100%","0.00%","0.00%",100,1,1,0,"100%","C-USA","G5",12,24.8,"D"
"JO'SHON BARBIE","MARSHALL",6,"HB",2026,"Sun Belt",60,6,11,43,3.9,0,3,1,0,1,14,1.3,29,2.6,0,0.273,0.09,1,0.091,"MARSHALL",6,"Sun Belt",68.8,1,16,0,1,1,6,6,0,0,0,0,0,1,0,0,11,11,1,0,0.38,-5,0,0,"100%","0.00%","0.00%",91.7,0.063,0.063,0,"100%","Sun Belt","G5",31,24.57,"D"
"GAVIN GRIFFIN","TROY",0,"HB",2026,"Sun Belt",54.6,8,11,61,5.5,0,3,1,0,3,19,1.7,42,3.8,0,0.273,0.27,1,0,"TROY",0,"Sun Belt",56.7,0,4,0,0,0,0,0,0,0,0,0,0,0,0,0,0,0,0,0,0,0,0,0,"0.00%","0.00%","0.00%",0,0,0,0,"0.00%","Sun Belt","G5",33,24.52,"D"
"ELIJAH PORTER","N ILLINOIS",24,"HB",2026,"MWC",66.8,3,6,32,5.3,0,1,0,0,2,14,2.3,18,3,0,0.167,0.33,2,0,"N ILLINOIS",24,"MWC",63.6,2,6,0,2,2,9,4.5,0,0,0,0,0,2,0,0,20,10,14,0,1.5,-5.5,0,1,"100%","0.00%","0.00%",85.4,0,0.333,0,"100%","MWC","G5",13,23.04,"D"
"HERSCHEL TURNER","NEVADA",1,"HB",2026,"MWC",65,4,9,48,5.3,0,2,0,0,2,20,2.2,28,3.1,0,0.222,0.22,1,0,"NEVADA",1,"MWC",35.6,2,13,0,2,1,0,0,0,0,1,0,0,2,0,0,6,6,3,0,0,-3.5,0,2,"50.00%","50.00%","0.00%",56.3,0,0.154,0,"50.00%","MWC","G5",22,22.58,"D"
"AMAR'E JOHNSON","MO STATE",43,"HB",2026,"C-USA",67,5,7,37,5.3,0,2,0,0,2,14,2,23,3.3,0,0.286,0.29,1,0.143,"MO STATE",43,"C-USA",58.6,0,2,0,0,0,0,0,0,0,0,0,0,0,0,0,0,0,0,0,0,0,0,0,"0.00%","0.00%","0.00%",0,0,0,0,"0.00%","C-USA","G5",NA,22.52,"D"
"TERRANCE SHELTON JR.","BUFFALO",25,"HB",2026,"MAC",73.3,4,8,29,3.6,0,1,0,0,2,-7,-0.9,36,4.5,0,0.125,0.25,1,0.125,"BUFFALO",25,"MAC",58.8,0,9,0,1,1,0,0,0,0,0,0,0,1,0,0,1,1,0,0,0,-1,0,0,"100%","0.00%","0.00%",79.2,0,0.111,0,"100%","MAC","G5",60,22.38,"D"
"AMAREON BLUE","E MICHIGAN",15,"HB",2026,"MAC",58.4,2,8,40,5,0,3,0,0,3,11,1.4,29,3.6,0,0.375,0.38,2,0,"E MICHIGAN",15,"MAC",55.9,0,8,0,0,0,0,0,0,0,0,0,0,0,0,0,0,0,0,0,0,0,0,0,"0.00%","0.00%","0.00%",0,0,0,0,"0.00%","MAC","G5",32,22,"D"
"TERRON KELLMAN","LIBERTY",11,"HB",2026,"C-USA",65.1,4,7,32,4.6,0,2,0,0,4,-6,-0.9,38,5.4,0,0.286,0.57,1,0,"LIBERTY",11,"C-USA",57.6,0,2,0,0,0,0,0,0,0,0,0,0,0,0,0,0,0,0,0,0,0,0,0,"0.00%","0.00%","0.00%",0,0,0,0,"0.00%","C-USA","G5",2,21.86,"D"
"TJ WASHINGTON JR.","NEW MEX ST",0,"HB",2026,"C-USA",68.3,3,6,30,5,0,1,0,0,0,8,1.3,22,3.7,0,0.167,0,0,0.167,"NEW MEX ST",0,"C-USA",59.8,1,19,0,2,1,13,13,0,1,0,0,0,1,0,0,18,18,6,0,0.68,2,0,0,"100%","0.00%","0.00%",70.8,0,0.105,0,"50.00%","C-USA","G5",16,21.44,"D"
"DEVONTE LYONS","FIU",3,"HB",2026,"C-USA",63.7,6,11,45,4.1,0,4,1,1,1,32,2.9,13,1.2,0,0.364,0.09,0,0.091,"FIU",3,"C-USA",55.4,1,9,0,0,0,0,0,0,0,0,0,0,0,0,0,0,0,0,0,0,0,0,0,"0.00%","0.00%","0.00%",0,0,0,0,"0.00%","C-USA","G5",31,20.99,"D"
"JAI'DEN THOMAS","UNLV",9,"HB",2026,"MWC",53.9,5,11,55,5,0,0,1,0,1,15,1.4,40,3.6,0,0,0.09,1,0.182,"UNLV",9,"MWC",54.5,0,12,0,1,0,0,0,0,0,0,0,0,0,0,0,0,0,0,0,0,4,0,0,"0.00%","0.00%","0.00%",39.6,0,0.083,0,"0.00%","MWC","G5",52,19.77,"F"
"LEONARD FARROW","FAU",5,"HB",2026,"The American",71.4,6,8,34,4.3,0,3,0,0,2,13,1.6,21,2.6,0,0.375,0.25,0,0,"FAU",5,"The American",58.3,0,3,0,0,0,0,0,0,0,0,0,0,0,0,0,0,0,0,0,0,0,0,0,"0.00%","0.00%","0.00%",0,0,0,0,"0.00%","The American","G5",19,19.71,"F"
"LANDAN BROWN","SM HOUSTON",10,"HB",2026,"C-USA",74.8,5,7,24,3.4,0,2,0,0,0,5,0.7,19,2.7,0,0.286,0,0,0,"SM HOUSTON",10,"C-USA",68.1,2,10,0,2,2,14,7,0,1,0,0,0,2,0,0,25,12.5,5,0,1.4,-5.5,0,0,"100%","0.00%","0.00%",95.8,0,0.2,0,"100%","C-USA","G5",32,19.22,"F"
"JOHNNIE DANIELS","TULANE",6,"HB",2026,"The American",59,3,6,8,1.3,2,2,0,0,1,-1,-0.2,9,1.5,0,0.333,0.17,0,0.167,"TULANE",6,"The American",57.7,0,3,0,0,0,0,0,0,0,0,0,0,0,0,0,0,0,0,0,0,0,0,0,"0.00%","0.00%","0.00%",0,0,0,0,"0.00%","The American","G5",27,18.76,"F"
"CADE YACAMELLI","MIAMI OH",20,"HB",2026,"MAC",64.9,4,6,26,4.3,0,3,0,0,2,7,1.2,19,3.2,0,0.5,0.33,1,0,"MIAMI OH",20,"MAC",59.5,0,1,0,0,0,0,0,0,0,0,0,0,0,0,0,0,0,0,0,0,0,0,0,"0.00%","0.00%","0.00%",0,0,0,0,"0.00%","MAC","G5",18,18.22,"F"
"JULIUS GILLICK","FRESNO ST",24,"HB",2026,"Pac-12",55.1,2,7,39,5.6,0,2,0,0,2,8,1.1,31,4.4,0,0.286,0.29,1,0,"FRESNO ST",24,"Pac-12",58.7,0,2,0,0,0,0,0,0,0,0,0,0,0,0,0,0,0,0,0,0,0,0,0,"0.00%","0.00%","0.00%",0,0,0,0,"0.00%","Pac-12","G5",8,16.63,"F"
"MESSIAH BURCH","BUFFALO",4,"HB",2026,"MAC",61.3,3,10,16,1.6,0,0,0,0,2,-2,-0.2,18,1.8,0,0,0.2,0,0.2,"BUFFALO",4,"MAC",62.3,3,29,0,2,2,6,3,0,0,0,0,0,2,0,0,11,5.5,1,0,0.21,-2.5,0,1,"100%","0.00%","0.00%",79.2,0,0.069,0,"100%","MAC","G5",25,15.7,"F"
"JASON COLLINS JR.","USF",2,"HB",2026,"The American",62.9,4,9,40,4.4,0,1,0,0,2,11,1.2,29,3.2,0,0.111,0.22,1,0,"USF",2,"The American",56.6,0,5,0,0,0,0,0,0,0,0,0,0,0,0,0,0,0,0,0,0,0,0,0,"0.00%","0.00%","0.00%",0,0,0,0,"0.00%","The American","G5",33,15.4,"F"
"BRANDON WHITE","KENT STATE",22,"HB",2026,"MAC",63.7,3,10,30,3,0,1,0,0,1,14,1.4,16,1.6,0,0.1,0.1,0,0.2,"KENT STATE",22,"MAC",30.1,1,8,0,1,0,0,0,0,0,1,0,0,1,0,0,0,0,0,0,0,-2,0,0,"0.00%","100%","0.00%",39.6,0,0.125,0,"0.00%","MAC","G5",13,13.92,"F"
"KIRBY VORHEES","WASH STATE",9,"HB",2026,"Pac-12",59.3,6,11,45,4.1,0,1,1,1,0,21,1.9,24,2.2,0,0.091,0,1,0.091,"WASH STATE",9,"Pac-12",53.8,0,19,0,0,0,0,0,0,0,0,0,0,0,0,0,0,0,0,0,0,0,0,0,"0.00%","0.00%","0.00%",0,0,0,0,"0.00%","Pac-12","G5",29,13.37,"F"
"JAKORION CAFFEY","KENT STATE",5,"HB",2026,"MAC",62.4,3,9,23,2.6,1,1,0,0,1,8,0.9,15,1.7,0,0.111,0.11,0,0,"KENT STATE",5,"MAC",56,0,7,0,0,0,0,0,0,0,0,0,0,0,0,0,0,0,0,0,0,0,0,0,"0.00%","0.00%","0.00%",0,0,0,0,"0.00%","MAC","G5",13,12.16,"F"
"VICTOR ROSA","OHIO",4,"HB",2026,"MAC",58,2,8,17,2.1,1,1,0,0,0,5,0.6,12,1.5,0,0.125,0,0,0,"OHIO",4,"MAC",62,2,7,0,2,2,4,2,0,0,0,0,0,2,0,0,10,5,1,0,0.57,-3,0,0,"100%","0.00%","0.00%",79.2,0,0.286,0,"100%","MAC","G5",23,12.09,"F"
"COREY SMITH","TOLEDO",20,"HB",2026,"MAC",56.5,3,8,32,4,0,2,0,0,1,16,2,16,2,0,0.25,0.13,2,0,"TOLEDO",20,"MAC",57.4,0,4,0,0,0,0,0,0,0,0,0,0,0,0,0,0,0,0,0,0,0,0,0,"0.00%","0.00%","0.00%",0,0,0,0,"0.00%","MAC","G5",NA,12.01,"F"
"JA'QUEZ CROSS","APP STATE",11,"HB",2026,"Sun Belt",51.3,3,7,19,2.7,0,0,1,0,0,7,1,12,1.7,0,0,0,0,0.286,"APP STATE",11,"Sun Belt",58.6,0,11,0,1,1,8,8,0,0,0,0,0,1,0,0,9,9,1,0,0.73,-1,0,0,"100%","0.00%","0.00%",100,0,0.091,0,"100%","Sun Belt","G5",21,11.81,"F"
"ANDREW BURNETTE","LA TECH",1,"HB",2026,"Sun Belt",59.4,2,6,16,2.7,0,0,0,0,1,0,0,16,2.7,0,0,0.17,0,0.167,"LA TECH",1,"Sun Belt",59.6,1,9,0,1,1,3,3,0,0,0,0,0,1,0,0,3,3,0,0,0.33,0,0,0,"100%","0.00%","0.00%",79.2,0,0.111,0,"100%","Sun Belt","G5",11,10.97,"F"
"DARRION BOWERS","NEW MEXICO",20,"HB",2026,"MWC",59.9,3,11,40,3.6,0,3,0,0,0,22,2,18,1.6,0,0.273,0,1,0,NA,NA,NA,0,NA,0,0,0,0,0,0,0,0,0,NA,NA,0,0,0,NA,0,NA,0,0,0,NA,0,NA,NA,NA,0,0,0,0,NA,"MWC","G5",2,10.6,"F"
"SITANI MIKAELE","HAWAII",26,"HB",2026,"MWC",59.7,2,7,12,1.7,0,1,0,0,0,0,0,12,1.7,0,0.143,0,0,0.143,"HAWAII",26,"MWC",58.1,0,11,1,1,1,5,5,0,0,0,0,0,1,0,0,5,5,0,0,0.45,0,0,0,"100%","0.00%","0.00%",87.5,0,0.091,0,"100%","MWC","G5",27,9.65,"F"
"AJAY ALLEN","W KENTUCKY",3,"HB",2026,"C-USA",59,5,12,25,2.1,0,1,0,0,1,7,0.6,18,1.5,1,0.083,0.08,0,0.091,"W KENTUCKY",3,"C-USA",28,3,9,0,3,1,-2,-2,0,0,2,0,0,3,0,0,0,0,0,0,-0.22,0.3,0,0,"33.30%","66.70%","0.00%",42.4,0,0.333,0,"33.30%","C-USA","G5",50,9.33,"F"
"JORDAN LOVETT","TROY",1,"HB",2026,"Sun Belt",56.2,2,8,38,4.8,0,1,0,0,0,8,1,30,3.8,0,0.125,0,1,0,"TROY",1,"Sun Belt",58.8,0,2,0,0,0,0,0,0,0,0,0,0,0,0,0,0,0,0,0,0,0,0,0,"0.00%","0.00%","0.00%",0,0,0,0,"0.00%","Sun Belt","G5",20,9.09,"F"
"ANTONIO MARTIN","MIDDLE TN",8,"HB",2026,"C-USA",59.8,2,9,32,3.6,0,2,0,0,0,12,1.3,20,2.2,0,0.222,0,0,0,"MIDDLE TN",8,"C-USA",35.8,1,22,0,1,0,0,0,0,0,1,0,0,1,0,0,0,0,0,0,0,-3,0,0,"0.00%","100%","0.00%",39.6,0,0.045,0,"0.00%","C-USA","G5",30,8.79,"F"
"AUSTYN DENDY","BOWL GREEN",1,"HB",2026,"MAC",55.6,2,11,29,2.6,0,3,0,0,0,-10,-0.9,39,3.5,0,0.273,0,0,0,"BOWL GREEN",1,"MAC",53.9,0,14,0,0,0,0,0,0,0,0,0,0,0,0,0,0,0,0,0,0,0,0,0,"0.00%","0.00%","0.00%",0,0,0,0,"0.00%","MAC","G5",22,8.56,"F"
"TYVONN BYARS","RICE",26,"HB",2026,"The American",67.9,3,7,24,3.4,0,0,0,0,0,7,1,17,2.4,0,0,0,0,0.143,"RICE",26,"The American",55.7,1,6,0,0,0,0,0,0,0,0,0,0,0,0,0,0,0,0,0,0,0,0,0,"0.00%","0.00%","0.00%",0,0,0,0,"0.00%","The American","G5",29,8.14,"F"
"CAMERON MATHEWS","NEW MEXICO",23,"HB",2026,"MWC",57.5,2,9,28,3.1,0,2,0,0,0,3,0.3,25,2.8,0,0.222,0,0,0.111,NA,NA,NA,0,NA,0,0,0,0,0,0,0,0,0,NA,NA,0,0,0,NA,0,NA,0,0,0,NA,0,NA,NA,NA,0,0,0,0,NA,"MWC","G5",8,7.27,"F"
"CHANCELLOR SPARKS","MIAMI OH",22,"HB",2026,"MAC",58.5,2,8,25,3.1,0,2,0,0,0,4,0.5,21,2.6,0,0.25,0,0,0.125,NA,NA,NA,0,NA,0,0,0,0,0,0,0,0,0,NA,NA,0,0,0,NA,0,NA,0,0,0,NA,0,NA,NA,NA,0,0,0,0,NA,"MAC","G5",NA,7.18,"F"
"KHAMANI ALEXANDER","CHARLOTTE",5,"HB",2026,"The American",62.5,2,6,12,2,0,1,0,0,1,-4,-0.7,16,2.7,0,0.167,0.17,0,0,"CHARLOTTE",5,"The American",62.5,1,5,0,1,1,-7,-7,0,0,0,0,0,1,0,0,-1,-1,-1,0,-1.4,-6,0,0,"100%","0.00%","0.00%",79.2,0,0.2,0,"100%","The American","G5",35,6.23,"F"
"MANNY COVEY","MEMPHIS",28,"HB",2026,"The American",60.4,1,6,16,2.7,0,1,0,0,1,8,1.3,8,1.3,0,0.167,0.17,1,0,"MEMPHIS",28,"The American",56.1,0,8,0,0,0,0,0,0,0,0,0,0,0,0,0,0,0,0,0,0,0,0,0,"0.00%","0.00%","0.00%",0,0,0,0,"0.00%","The American","G5",21,5.55,"F"
"BRADY TILLMAN III","FAU",22,"HB",2026,"The American",64.6,4,8,11,1.4,0,1,0,0,1,-8,-1,19,2.4,0,0.125,0.13,0,0,"FAU",22,"The American",55.7,0,8,0,0,0,0,0,0,0,0,0,0,0,0,0,0,0,0,0,0,0,0,0,"0.00%","0.00%","0.00%",0,0,0,0,"0.00%","The American","G5",16,4.12,"F"
"JAVEN JACOBS","UTAH ST",8,"HB",2026,"Pac-12",54.4,0,6,-3,-0.5,0,0,0,0,0,-10,-1.7,7,1.2,0,0,0,0,0.167,"UTAH ST",8,"Pac-12",60.3,1,32,0,2,1,8,8,0,1,0,0,0,1,0,0,3,3,2,0,0.25,22,0,0,"100%","0.00%","0.00%",60.4,0.031,0.063,0.5,"50.00%","Pac-12","G5",75,3.85,"F"
"STERLING JOSEPH","FIU",22,"HB",2026,"C-USA",60.6,1,8,24,3,0,0,0,0,0,12,1.5,12,1.5,0,0,0,1,0,"FIU",22,"C-USA",55.3,1,9,0,0,0,0,0,0,0,0,0,0,0,0,0,0,0,0,0,0,0,0,0,"0.00%","0.00%","0.00%",0,0,0,0,"0.00%","C-USA","G5",11,3.2,"F"
"JADEN MILLER","LA TECH",0,"HB",2026,"Sun Belt",58.6,1,6,3,0.5,0,0,0,0,0,-7,-1.2,10,1.7,0,0,0,0,0.333,"LA TECH",0,"Sun Belt",54.8,0,14,0,0,0,0,0,0,0,0,0,0,0,0,0,0,0,0,0,0,0,0,0,"0.00%","0.00%","0.00%",0,0,0,0,"0.00%","Sun Belt","G5",16,3.15,"F"
"D'ANDRE HARDEMAN JR.","RICE",28,"HB",2026,"The American",53.3,0,9,13,1.4,0,0,0,0,0,2,0.2,11,1.2,0,0,0,0,0.111,"RICE",28,"The American",59.8,0,1,0,0,0,0,0,0,0,0,0,0,0,0,0,0,0,0,0,0,0,0,0,"0.00%","0.00%","0.00%",0,0,0,0,"0.00%","The American","G5",23,0,"F"
