"Name","Team","Defensive.Snaps","Composite_Score","Player_Grade","Defensive.Grades","Coverage.Grade","Run.Defense.Grade","Pass.Rush.Grade","Total.Tackles","Assistant","Stops","Pass.Break.Up","Lined.up.in.Press.Coverage","Interception","Average.Depth.of.Tackle","Receiving.Yards.per.Coverage.Target","Drops...Off.Targets.Receptions.Forced","Average.Depth.of.Target.per.Coverage","Pass.Stop","Plays.of.15..Yards.Allowed","Missed.Tackles.on.Pass.Plays","Assist.on.Pass.Plays","Missed.Tackles.on.Run.Plays","Assist.Tackles.on.Run.Plays","Dropped.Int","Touchdowns.Allowed","Pass.Rush.Productivity","Hurries","Pass.Tackle.for.Loss.or.No.Gain","Run.Tackle.for.Losss.or.No.Gain","Hits","Forced.Fumble","Pursuit.Pressure","Sacks","Fumble.Recovery","Beaten.Defender","Missed.Tackle.Percentage","Run.Stop","Tackle.for.Loss.or.No.Gain","Total.Pressures.Generated","Assist.Tackles","Negative.Plays","Total.Negative.Plays","Total.Positive.Plays","Receptions.Allowed","Completion.Percentage.Allowed","Pass.Yards.Allowed","First.Downs.Allowed","Forced.Incompletions","Sacks.per.Throwaway","Open.Targets","X15..Yards.Allowed.Percentage","Percentage.of.Open.Targets","Percentage.of.First.Down.or.Touchdown.Allowed","Interceptions.per.Target.Coverage.Percentage","Forced.Incompletion.Percentage","Missed.Tackle.Percentage.on.Run.Plays","Pass.Missed.Tackles.Percentage","Total.Tackle.Snaps","NFL.Sacks","First.Contact","Batted.Passes","Interceptions"
"KEN WILLIS","JAMES MAD",69,100,"A",75,73.7,74,58.3,6,0,4,3,NA,0,15,-0.3,0,12.8,2,0,0,0,0,0,0,0,0,0,1,1,0,0,0,0,0,0,0,2,2,0,0,1,1,3,1,0.25,-1,0,3,0,0,0,0,0,0,0.75,0,0,6,0,4,0,0
"SIMEON HARRIS","FRESNO ST",65,97.47,"A",78.6,77.4,73.6,NA,7,0,6,1,NA,1,13,4,3,6.6,5,1,0,0,0,0,0,0,NA,0,0,1,0,0,0,0,0,0,0,1,1,0,0,2,2,4,6,0.545,44,1,1,0,0,0.024,0,0.091,0.091,0.091,0,0,7,0,5,0,1
"RYAN GADSON","FIU",53,84.96,"A",81.2,80.3,72.2,NA,8,0,5,1,NA,0,3,3,0,2.3,3,0,0,0,0,0,0,0,NA,0,3,0,0,0,0,0,0,0,0,2,3,0,0,1,1,4,6,0.857,21,2,1,0,0,0,0,0.286,0,0.143,0,0,8,0,7,0,0
"ASAAD CHAPMAN","UTSA",55,77.34,"B",83.1,82.5,70.8,NA,2,0,1,1,NA,0,-2,1.4,1,15.2,0,0,0,0,0,0,0,0,NA,0,0,1,0,0,0,0,0,0,0,1,1,0,0,0,0,4,1,0.2,7,0,3,0,0,0,0,0,0,0.6,0,0,2,0,2,0,0
"DEANDRE BOYKINS","FIU",62,75.48,"B",75.3,76,65,NA,7,1,2,2,NA,0,3,4.7,0,1.1,1,0,0,0,0,1,0,0,NA,0,0,0,0,0,0,0,0,0,0,1,0,0,1,2,1,2,5,0.714,33,2,2,0,0,0,0,0.286,0,0.286,0,0,7,0,6,0,0
"ISHMEL ATKINS","SM HOUSTON",36,73.32,"B",76.6,78.4,61.7,NA,3,2,1,1,NA,0,0,0,0,13,1,0,0,0,0,2,0,0,NA,0,0,0,0,0,0,0,0,0,0,0,0,0,2,1,0,2,0,0,0,0,2,0,0,0,0,0,0,0.667,0,0,3,0,1,0,0
"TEDDY FOSTER","USF",43,71.58,"B",75.2,68.6,86.5,NA,5,0,3,1,NA,0,6.67,3.6,2,4.8,1,0,1,0,0,0,0,0,NA,0,0,1,0,0,0,0,0,0,0.167,2,1,0,0,2,2,2,2,0.4,18,0,1,0,0,0,0,0,0,0.2,0,0.333,6,0,5,0,0
"LOYALL MOUZON","FRESNO ST",74,70.97,"B",72.6,74.1,71.3,NA,3,1,0,2,NA,0,0,0.3,0,4.7,0,0,0,0,0,1,1,1,NA,0,0,0,0,0,0,0,0,0,0,0,0,0,1,2,1,2,1,0.333,1,1,2,0,0,0,0,0.333,0,0.667,0,0,3,0,2,0,0
"JACKSON LOWE","MIDDLE TN",52,70.67,"B",89,65,74.1,99.7,5,1,3,0,NA,0,4.5,6,0,6,2,0,0,0,0,1,0,0,100,0,0,1,0,1,1,1,0,0,0,1,1,1,1,1,1,1,1,1,6,0,0,0,0,0,0,0,0,0,0,0,5,0,3,0,0
"DAMYRION DARBY","S ALABAMA",49,70.23,"B",68.3,67.5,68.2,71.9,7,2,3,0,NA,0,3,5,2,3.7,2,0,1,1,0,1,0,0,37.5,2,0,0,0,0,1,2,0,0,0.125,1,0,4,2,2,1,1,4,0.667,30,1,0,0,0,0,0,0.167,0,0,0,0.167,8,0,5,0,0
"JASON HARDY","MIDDLE TN",56,69.79,"B",79,79.8,63.9,NA,2,0,1,0,NA,1,0,6.8,2,24.2,1,1,0,0,0,0,0,0,NA,0,1,0,0,0,0,0,0,0,0,0,1,0,0,1,1,1,1,0.2,34,1,0,0,0,0.035,0,0.2,0.2,0,0,0,2,0,2,0,1
"JUAN BERCHAL","APP STATE",59,69.75,"B",70.8,71,74.9,NA,8,1,4,0,NA,0,-0.5,4.3,2,1.8,2,0,1,1,0,0,0,0,NA,0,0,2,0,0,0,0,0,0,0.111,2,2,0,1,2,1,1,4,0.667,26,0,0,0,0,0,0,0,0,0,0,0.143,9,0,6,0,0
"DONOVAN WATKINS","TOLEDO",68,69.6,"B",70.4,70.2,67.4,NA,6,2,2,1,NA,0,10.33,10.5,1,24.5,0,1,0,1,1,1,1,0,NA,0,0,0,0,0,0,0,0,0,0.143,2,0,0,2,2,1,1,1,0.5,21,1,1,0,0,0.039,0,0.5,0,0.5,0.2,0,7,0,3,0,0
"FRANKIE EDWARDS III","NEW MEXICO",46,68.92,"B",75.5,74.2,70.9,59.4,2,0,1,0,NA,1,-2,0,0,2,0,0,0,0,0,0,0,0,0,0,0,1,0,0,0,0,0,0,0,1,1,0,0,0,0,1,0,0,0,0,0,0,0,0,0,0,1,0,0,0,2,0,1,0,1
"ISRAEL PETITE","TOLEDO",63,68.9,"B",74.2,73,71.6,NA,7,3,1,0,NA,0,8,1,3,7.3,1,0,1,0,0,3,0,0,NA,0,0,0,0,0,0,0,0,0,0.125,0,0,0,3,2,1,2,1,0.25,4,0,0,0,0,0,0,0,0,0,0,0.333,8,0,5,0,0
"JOEL KPASSOU","MO STATE",75,68.52,"B",71.6,74.8,67.6,NA,5,1,1,1,NA,0,10,4.8,1,20,1,1,0,1,0,0,0,0,NA,0,1,0,0,1,0,0,0,0,0,0,1,0,1,3,2,2,1,0.2,24,1,1,0,0,0.035,0,0.2,0,0.2,0,0,5,0,1,0,0
"JAION JACKSON","C MICHIGAN",59,66.86,"B",75.2,71,77.4,69.3,4,1,0,1,NA,0,9,2.7,1,17.2,0,0,0,0,0,1,0,0,12.5,0,0,0,1,0,0,0,0,0,0,0,0,1,1,1,1,2,2,0.333,16,1,2,0,3,0,0.5,0.167,0,0.333,0,0,4,0,2,0,0
"DRE WALKER","APP STATE",19,66.46,"B",86,86.1,60,59.7,2,0,1,0,NA,1,0,3,1,2.5,1,0,1,0,0,0,0,0,0,0,0,0,0,0,0,0,0,0,0.333,0,0,0,0,1,1,2,2,0.667,9,0,0,0,0,0,0,0,0.333,0,0,0.333,3,0,2,0,1
"DERRICK ROGERS","FAU",41,66.12,"B",73.6,76.5,59,59.7,2,0,2,1,NA,0,0,0,1,16.5,0,0,0,0,1,0,0,0,0,0,0,1,0,0,0,0,0,0,0.333,2,1,0,0,1,0,2,0,0,0,0,1,0,0,0,0,0,0,0.5,0.333,0,3,0,1,0,0
"DJ KELLY","JAMES MAD",55,66.12,"B",73.6,74.5,64.2,60,1,1,0,1,NA,1,0,9.8,0,10,0,1,0,1,0,0,0,0,0,0,0,0,0,0,0,0,0,0,0,0,0,0,1,1,1,2,2,0.5,39,1,1,0,0,0.045,0,0.25,0.25,0.25,0,0,1,0,0,0,1
"KIONTRE HARRIS","FRESNO ST",74,66.03,"B",72.7,72.1,67,NA,5,0,0,1,NA,1,6,16.3,2,21.8,0,3,0,0,0,0,1,0,NA,0,0,0,0,0,0,0,0,0,0,0,0,0,0,3,3,2,4,0.667,98,3,1,0,0,0.061,0,0.5,0.167,0.167,0,0,5,0,4,0,1
"KAI RAPOLLA","WASH STATE",26,65.24,"B",71,74.4,72.9,NA,2,0,1,1,NA,0,2,2.3,1,14.3,0,0,0,0,0,0,0,0,NA,0,0,1,0,0,0,0,0,0,0,1,1,0,0,1,1,1,1,0.333,7,0,1,0,0,0,0,0,0,0.333,0,0,2,0,2,0,0
"TJ SMITH","TULANE",23,64.94,"B",76.3,74.9,68.3,59.7,4,0,2,1,NA,0,2,5,0,5,1,0,0,0,0,0,0,0,0,0,1,0,0,0,0,0,0,0,0,1,1,0,0,1,1,2,1,1,5,1,1,0,0,0,0,1,0,1,0,0,4,0,4,0,0
"JQ BROOKS","JVILLE ST",58,64.83,"B",68.4,71.1,66.5,NA,2,0,1,1,NA,0,30,0,1,14.5,1,0,0,0,0,0,0,0,NA,0,0,0,0,0,0,0,0,0,0,0,0,0,0,2,1,2,0,0,0,0,2,0,0,0,0,0,0,0.5,0,0,2,0,0,0,0
"JAMAREY SMITH","WASH STATE",27,64.38,"B",78,78.7,62,NA,2,0,2,1,NA,0,0,2.4,1,9.4,2,0,0,0,0,0,0,0,NA,0,0,0,0,0,0,0,0,0,0,0,0,0,0,0,0,2,3,0.6,12,0,1,0,1,0,0.2,0,0,0.2,0,0,2,0,2,0,0
"DAMARIUS MCGHEE","FAU",61,64.12,"B",74.6,75,63.5,NA,2,0,0,2,NA,0,0,5.7,1,12.8,0,1,0,0,0,0,0,0,NA,0,0,0,0,0,0,0,0,0,0,0,0,0,0,1,1,2,3,0.5,34,1,2,0,0,0.025,0,0.167,0,0.333,0,0,2,0,2,0,0
"ERIC ADAMS","APP STATE",19,63.8,"B",79,80.2,60.8,60,NA,0,0,1,NA,0,0,0,1,17,NA,0,NA,NA,NA,NA,0,0,0,0,NA,NA,0,0,0,0,0,0,NA,NA,0,0,NA,0,0,2,0,0,0,0,1,0,0,0,0,0,0,0.5,NA,NA,NA,0,0,0,0
"JAI-AYVIAUYNN CELESTINE","FIU",70,63.01,"B",71.6,71,67.1,NA,6,3,2,0,NA,0,0,4.6,3,6.8,2,0,1,2,0,1,0,0,NA,0,0,0,0,0,0,0,0,0,0.143,0,0,0,3,2,2,2,5,0.625,37,1,0,0,0,0,0,0.125,0,0,0,0.167,6,0,5,0,0
"YASSINE FALKE","N ILLINOIS",54,62.84,"B",68.9,68.3,65,NA,5,3,1,0,NA,1,7,5.7,1,8.5,1,0,3,3,0,0,0,0,NA,0,0,0,0,0,0,0,0,0,0.375,0,0,0,3,3,3,2,4,0.667,34,0,0,0,0,0,0,0,0.167,0,0,0.429,8,0,3,0,1
"IZAIAH GUY","LIBERTY",18,62.74,"B",78.4,78.6,61.4,NA,1,0,0,1,NA,0,0,0,0,13,0,0,0,0,0,0,0,0,NA,0,0,0,0,0,0,0,0,0,0,0,0,0,0,0,0,1,0,0,0,0,1,0,0,0,0,0,0,1,0,0,1,0,1,0,0
"DEVIN ROBINSON","TULSA",20,62.32,"B",77.9,78.4,62.2,NA,NA,0,0,1,NA,0,0,0,2,4,NA,0,NA,NA,NA,NA,0,0,NA,0,NA,NA,0,0,0,0,0,0,NA,NA,0,0,NA,0,0,1,0,0,0,0,1,0,0,0,0,0,0,0.333,NA,NA,NA,0,0,0,0
"JAMARION KOLAGBODI","DELAWARE",55,62.18,"B",63.2,61,60.8,71.7,7,0,2,1,NA,0,6.5,2.2,3,13.6,1,0,0,0,0,0,0,0,0,0,1,0,0,0,0,0,0,1,0,1,1,0,0,4,3,2,4,0.444,20,2,1,0,0,0,0,0.222,0,0.111,0,0,7,0,5,0,0
"JOEL BOAMAH","MO STATE",75,62.16,"B",76.1,74.2,75.8,59.1,3,0,1,0,NA,0,25,-4,1,19,1,0,0,0,0,0,0,0,0,0,1,0,0,1,0,0,0,0,0,0,1,0,0,0,0,1,1,0.5,-8,0,0,0,0,0,0,0,0,0,0,0,3,0,1,0,0
"CJ SOLIS-LUMAR","WASH STATE",24,61.96,"B",74.5,64.1,76.9,68.8,3,1,2,0,NA,0,0,0,0,0,0,0,0,0,0,1,0,0,50,1,0,1,0,0,0,0,0,0,0,2,1,1,1,0,0,0,0,0,0,0,0,0,0,0,0,0,0,0,0,0,3,0,2,0,0
"BARRY DILLON","OHIO",68,61.56,"B",72.9,70.4,74.6,NA,6,2,1,0,NA,0,11.33,4,1,9.5,1,0,0,0,0,2,0,0,NA,0,0,0,0,0,0,0,0,0,0,0,0,0,2,1,1,2,1,0.5,8,0,0,0,0,0,0,0,0,0,0,0,6,0,2,0,0
"MIKE LINDSAY","S DIEGO ST",67,61.2,"B",67.3,69.2,70.2,NA,4,2,2,0,NA,0,5,0,0,0,1,0,0,0,0,2,0,0,NA,0,1,0,0,0,0,0,0,0,0,1,1,0,2,1,1,0,0,0,0,0,0,0,0,0,0,0,0,0,0,0,4,0,4,0,0
"MYLES WOODS","COAST CAR",16,60.17,"B",76.5,75.1,63.3,NA,2,1,0,1,NA,0,0,5,0,5,0,0,0,0,0,1,0,0,NA,0,0,0,0,0,0,0,0,0,0,0,0,0,1,0,0,1,1,1,5,0,1,0,0,0,0,0,0,1,0,0,2,0,1,0,0
"BRENT GORDON JR.","LA LAFAYET",60,58.99,"C",74.7,71.8,78.5,59.2,3,0,2,0,NA,0,-1.5,0,0,0,0,0,0,0,0,0,0,0,0,0,0,1,0,0,0,0,0,0,0,2,1,0,0,0,0,1,0,0,0,0,0,0,0,0,0,0,0,0,0,0,3,0,2,0,0
"RAYQUAN ADKINS","E MICHIGAN",48,58.53,"C",74.4,76.8,51.4,73,3,1,0,0,NA,1,0,4.4,0,11,0,0,1,0,1,1,0,0,0,1,0,0,0,0,0,0,0,0,0.4,0,0,1,1,4,3,3,3,0.6,22,0,1,0,0,0,0,0,0.2,0.2,0.5,0.333,4,0,4,0,1
"KHALIL CONLEY","APP STATE",36,58.26,"C",71.3,71.1,62.4,NA,3,0,0,0,NA,1,0,9.3,1,15.7,0,1,0,0,0,0,0,0,NA,0,1,0,0,0,0,0,0,0,0,0,1,0,0,1,1,2,2,0.667,28,1,0,0,0,0.042,0,0.333,0.333,0,0,0,3,0,4,0,1
"TREZ MOORE","TEXAS ST",81,58.09,"C",63.9,61.7,73,NA,8,1,1,1,NA,1,1,8.5,2,7.1,0,4,1,0,0,1,0,0,NA,0,0,0,0,0,0,0,1,0,0.111,1,0,0,1,11,11,5,10,0.667,128,7,2,0,0,0.073,0,0.467,0.067,0.133,0,0.143,9,0,8,0,1
"CJ BLOCKER","COLO STATE",48,57.73,"C",65.4,68.4,59.5,56.4,2,0,0,0,NA,1,7,0,2,9,0,0,0,0,0,0,0,0,0,0,0,0,0,0,0,0,0,0,0,0,0,0,0,2,1,1,0,0,0,0,0,0,1,0,0.5,0,0.5,0,0,0,2,0,1,0,1
"ZION FRINK","DOMINION",67,57.36,"C",60.3,54.1,72.1,NA,8,1,5,0,NA,0,6.43,11.2,3,19,0,3,0,0,0,1,0,1,NA,0,0,1,0,0,0,0,0,0,0,5,1,0,1,5,3,2,3,0.5,67,3,0,0,0,0.13,0,0.5,0,0,0,0,8,0,6,0,0
"ASHTON MCSHANE","LIBERTY",36,57.02,"C",71.4,67.5,73.2,NA,4,1,1,0,NA,0,10.33,0,0,0,0,0,0,1,0,0,0,0,NA,0,0,1,0,0,0,0,0,0,0,1,1,0,1,0,0,0,0,0,0,0,0,0,0,0,0,0,0,0,0,0,4,0,2,0,0
"MARION MOORE","N DAK ST",45,56.94,"C",75.2,73,65.8,68.8,5,0,2,0,NA,0,3,NA,NA,NA,1,NA,0,0,0,0,0,NA,0,0,0,0,0,0,0,0,0,1,0,1,0,0,0,0,NA,NA,NA,NA,NA,NA,NA,NA,NA,NA,NA,NA,NA,NA,0,0,5,0,3,0,NA
"JABARI STRAIT","TROY",37,56.91,"C",66,61.9,71.4,NA,3,1,2,0,NA,0,-3.5,0,2,8,0,0,0,1,0,0,0,0,NA,0,0,1,0,0,0,0,0,0,0,2,1,0,1,1,1,0,0,0,0,0,0,0,0,0,0,0,0,0,0,0,3,0,1,0,0
"ASHTON LEVELLS-MITCHELL","E CAROLINA",56,56.48,"C",68.9,73.5,50.2,NA,1,0,0,0,NA,1,0,2,2,21.2,0,0,0,0,1,0,1,0,NA,0,0,0,0,0,0,0,0,0,0.5,0,0,0,0,2,1,3,1,0.2,10,1,2,0,0,0,0,0.2,0.2,0.4,1,0,2,0,1,0,1
"KYLE WILLIAMS","ARK STATE",31,56.48,"C",68.8,68.4,62.9,NA,1,0,0,0,NA,1,0,4.5,1,22,0,0,0,0,0,0,0,0,NA,0,0,0,0,0,0,0,0,0,0,0,0,0,0,1,1,1,1,0.5,9,0,0,0,0,0,0,0,0.5,0,0,0,1,0,1,0,1
"ARMONI RUE","LA MONROE",44,56.12,"C",71.4,67,77.2,NA,4,0,3,0,NA,0,-1,3,0,3,1,0,0,0,0,0,0,1,NA,0,1,2,0,0,0,0,0,0,0,2,3,0,0,1,1,1,1,1,3,1,0,0,0,0,0,1,0,0,0,0,4,0,4,0,0
"JUSTIN COTTRELL","SM HOUSTON",16,56.05,"C",71.3,75.1,54.7,NA,1,0,1,1,NA,0,4,0,0,19,0,0,0,0,1,0,0,0,NA,0,0,0,0,0,0,0,0,0,0.5,1,0,0,0,1,0,1,0,0,0,0,1,0,0,0,0,0,0,1,0.5,0,2,0,2,0,0
"ANGELO ROSS","E CAROLINA",53,55.8,"C",66.8,65.5,66.6,NA,1,0,0,1,NA,0,7,0,1,24,0,0,0,0,0,0,0,0,NA,0,0,0,0,0,0,0,0,0,0,0,0,0,0,1,1,1,0,0,0,0,1,0,0,0,0,0,0,0.5,0,0,1,0,1,0,0
"CAESAR MAGEE","SM HOUSTON",32,55.64,"C",73.4,70.4,72.5,NA,2,1,0,0,NA,0,5,0,0,7,0,0,0,0,0,1,0,0,NA,0,0,0,0,0,0,0,0,0,0,0,0,0,1,0,0,1,0,0,0,0,1,0,0,0,0,0,0,1,0,0,2,0,1,0,0
"BOBBY MILLER","OHIO",25,55.53,"C",74,70.9,69.8,NA,4,0,2,0,NA,0,-2,2.5,0,3.8,1,0,0,0,0,0,0,0,NA,0,1,1,0,0,0,0,0,0,0,1,2,0,0,1,1,2,3,0.75,10,1,0,0,0,0,0,0.25,0,0,0,0,4,0,4,0,0
"LAWRENCE JOHNSON","FIU",23,55.27,"C",69.7,66.1,72.5,NA,4,0,1,1,NA,0,1.5,19,0,21,0,1,0,0,0,0,0,0,NA,0,0,1,0,0,0,0,0,0,0,1,1,0,0,1,1,1,1,0.5,38,1,1,0,0,0.067,0,0.5,0,0.5,0,0,4,0,4,0,0
"JUSTIN CONTENT","UTEP",59,55.1,"C",66.8,61.6,79.6,NA,8,1,2,1,NA,0,7,9.2,0,5.8,0,2,0,0,0,1,0,1,NA,0,0,0,0,0,0,0,0,0,0,2,0,0,1,3,3,1,5,0.833,55,3,1,0,0,0.069,0,0.5,0,0.167,0,0,8,0,7,0,0
"ADRIAN LAING","TEMPLE",70,54.78,"C",62.7,61.5,65.9,NA,4,0,1,2,NA,0,6,7.3,3,14.1,1,2,1,0,0,0,0,0,NA,0,0,0,0,0,0,0,0,0,0.2,0,0,0,0,6,6,4,5,0.5,73,4,2,0,0,0.044,0,0.4,0,0.2,0,0.25,5,0,6,0,0
"KAI WHEATON","OREGON ST",18,54.3,"C",63.9,68.5,48.7,NA,2,1,1,0,NA,1,0,4.8,1,12.5,1,0,1,0,0,1,1,0,NA,0,0,0,0,0,0,0,0,0,0.333,0,0,0,1,2,1,1,2,0.5,19,1,0,0,0,0,0,0.25,0.25,0,0,0.5,3,0,2,0,1
"MYCHAL YHARBROUGH","MIAMI OH",55,54.17,"C",67.1,71.2,45.6,NA,7,0,4,0,NA,0,4,3.7,1,5.9,2,0,0,0,1,0,0,0,NA,0,0,0,0,0,0,0,0,0,0.125,2,0,0,0,3,1,2,4,0.571,26,1,1,0,0,0,0,0.143,0,0.143,0.333,0,7,0,5,0,0
"JAYDEN LEWIS","LA MONROE",31,53.97,"C",70.1,73.4,54.6,NA,1,0,1,1,NA,0,0,4.5,0,10.8,1,0,0,0,0,0,1,0,NA,0,0,0,0,0,0,0,0,0,0,0,0,0,0,2,1,2,3,0.75,18,1,1,0,0,0,0,0.25,0,0.25,0,0,1,0,1,0,0
"EDDIE PLEASANT III","MARSHALL",69,53.75,"C",62.2,60.7,67,NA,3,0,0,0,NA,1,23,7.2,2,20,0,1,0,0,0,0,0,0,NA,0,0,0,0,0,0,0,0,0,0,0,0,0,0,3,3,2,2,0.4,36,1,0,0,0,0.026,0,0.2,0.2,0,0,0,3,0,3,0,1
"JOSHUA FRANKLIN","W MICHIGAN",56,53.45,"C",72.8,71.8,64.9,64.3,1,0,1,0,NA,0,0,-3,0,3,1,0,0,0,0,0,0,0,50,1,1,0,0,0,0,0,0,0,0,0,1,1,0,0,0,1,1,0.5,-6,0,0,0,0,0,0,0,0,0,0,0,1,0,1,0,0
"MATTHEW MCKENZIE","C MICHIGAN",55,53.39,"C",76.2,74,73.5,NA,1,0,0,0,NA,0,0,0,1,26,0,0,0,0,0,0,0,0,NA,0,0,0,0,0,0,0,0,0,0,0,0,0,0,0,0,1,0,0,0,0,0,0,0,0,0,0,0,0,0,0,1,0,1,0,0
"WALLACE FOSTER IV","FAU",16,53.37,"C",67.1,65.2,64.3,60,2,0,1,0,NA,0,4,0,2,14.5,0,0,0,0,0,0,0,0,50,1,0,0,0,0,0,0,0,0,0,1,0,1,0,0,0,0,0,0,0,0,0,0,0,0,0,0,0,0,0,0,2,0,1,0,0
"CHAUNCEY LOGAN JR.","MEMPHIS",23,53.2,"C",68.1,67,63.7,NA,4,1,1,0,NA,0,0,0,1,8,1,0,0,0,0,1,0,0,NA,0,1,0,0,0,0,0,0,0,0,0,1,0,1,1,1,1,1,0.5,0,0,0,0,0,0,0,0,0,0,0,0,4,0,2,0,0
"ELLIS ELLIS JR.","MEMPHIS",35,53.2,"C",73.4,71.1,70.8,NA,1,0,1,0,NA,0,2,1,1,9.3,0,0,0,0,0,0,0,0,NA,0,0,0,0,0,0,0,0,0,0,1,0,0,0,0,0,1,1,0.333,3,0,1,0,0,0,0,0,0,0.333,0,0,1,0,1,0,0
"JONAH MARTINEZ","SO MISS",19,52.76,"C",68.7,75.6,50.1,NA,1,0,0,1,NA,0,6,0,0,30,0,0,0,0,1,0,0,0,NA,0,0,0,0,0,0,0,0,0,0.5,0,0,0,0,1,0,1,0,0,0,0,1,0,0,0,0,0,0,1,0.5,0,2,0,1,0,0
"JAMEEL CROFT JR.","CHARLOTTE",64,51.87,"C",71.6,70.4,68.5,NA,4,0,0,0,NA,0,9,0,1,14,0,0,0,0,0,0,0,0,NA,0,0,0,0,0,0,0,0,0,0,0,0,0,0,0,0,0,0,0,0,0,0,0,0,0,0,0,0,0,0,0,4,0,2,0,0
"SHERROD SMITH","BOISE ST",53,51.65,"C",65.2,57.1,85.8,NA,4,1,3,0,NA,0,-0.33,10.2,1,23,0,1,0,0,0,1,0,1,NA,0,0,1,0,0,0,0,0,0,0,3,1,0,1,3,3,1,2,0.4,51,2,0,0,0,0.03,0,0.4,0,0,0,0,4,0,2,0,0
"DREY BRAXTON","BOWL GREEN",56,51.01,"C",71,70.4,67.1,NA,3,0,0,0,NA,1,14,5.4,1,16.9,0,0,2,0,0,0,0,0,NA,0,0,0,0,1,0,0,0,0,0.4,0,0,0,0,6,6,3,4,0.571,38,3,0,0,0,0,0,0.429,0.143,0,0,0.5,5,0,6,0,1
"KALEB MARTIN","MIAMI OH",28,50.92,"C",73.2,72.9,60.2,60,5,0,0,1,NA,0,0,8.3,0,11.5,0,1,0,0,0,0,0,0,0,0,0,0,0,0,0,0,0,0,0,0,0,0,0,1,1,2,5,0.833,50,4,2,0,0,0.056,0,0.667,0,0.333,0,0,5,0,5,0,0
"DIONTE THORNTON","SACRAMENTO",50,50.61,"C",66.8,71.2,56.2,58.3,4,0,4,0,NA,0,1.67,NA,NA,NA,1,NA,0,0,2,0,0,NA,0,0,0,0,0,0,0,0,0,0,0.333,3,0,0,0,2,NA,NA,NA,NA,NA,NA,NA,NA,NA,NA,NA,NA,NA,NA,0.4,0,6,0,3,0,NA
"THERMAN WILLIAMS","WYOMING",65,49.81,"C",69.3,65.2,72.3,NA,2,0,1,0,NA,0,9.5,0,0,0,0,0,0,0,0,0,0,0,NA,0,0,1,0,0,0,0,0,0,0,1,1,0,0,0,0,0,0,0,0,0,0,0,0,0,0,0,0,0,0,0,2,0,1,0,0
"ISAIAH HOUI","OREGON ST",47,49.53,"C",70.2,74.5,53.6,60,4,1,2,0,NA,0,0,3.5,3,3.7,2,1,1,0,2,1,0,0,0,0,1,0,0,0,0,0,0,0,0.429,0,1,0,1,3,1,3,3,0.5,21,1,0,0,0,0.037,0,0.167,0,0,0.667,0.25,7,0,5,0,0
"DAMILL BOSTIC JR.","COAST CAR",31,49.45,"C",70.5,69.9,63.8,NA,2,0,0,1,NA,0,0,7.5,0,9.5,0,1,0,0,0,0,0,0,NA,0,0,0,0,0,0,0,0,0,0,0,0,0,0,1,1,1,1,0.5,15,1,1,0,0,0.071,0,0.5,0,0.5,0,0,2,0,3,0,0
"TAY'VION LAWSON","KENNESAW",64,49.06,"C",69.2,68.5,66.2,NA,3,0,2,0,NA,0,4,4.7,2,7.2,1,0,0,0,0,0,0,0,NA,0,0,0,0,0,0,0,0,0,0,1,0,0,0,2,2,3,4,0.667,28,1,0,0,3,0,0.5,0.167,0,0,0,0,3,0,6,0,0
"KYE STOKES","UTAH ST",50,48.99,"C",60,69.6,29.8,NA,6,2,2,0,NA,0,0,6,0,5,1,0,1,2,0,0,0,0,NA,0,1,1,0,0,0,0,0,0,0.143,1,2,0,2,4,1,1,2,1,12,1,0,0,0,0,0,0.5,0,0,0,0.167,7,0,5,0,0
"BRYCE GRAYS","UTSA",37,48.33,"C",65.6,62.4,70.1,57,4,1,2,0,NA,0,0,6.5,1,8.5,0,0,0,0,1,1,0,0,0,0,0,1,0,0,0,0,0,0,0.2,2,1,0,1,2,1,0,1,0.5,13,1,0,0,0,0,0,0.5,0,0,0.25,0,5,0,4,0,0
"ZANE WOODHAM","TULSA",26,48.33,"C",63,57.8,64.9,68,3,1,2,0,NA,0,1,8,0,1,0,0,0,1,0,0,0,0,0,0,0,1,1,0,0,0,0,0,0,2,1,1,1,2,1,1,1,1,8,0,0,0,0,0,0,0,0,0,0,0,3,0,1,0,0
"JACE ARNOLD","SM HOUSTON",43,48.01,"C",67.2,69.7,57.7,NA,3,2,1,0,NA,0,3,3,1,6,0,0,0,1,1,1,0,0,NA,0,0,0,0,0,0,0,0,0,0.25,1,0,0,2,2,1,2,2,0.5,12,0,1,0,3,0,0.75,0,0,0.25,0.333,0,4,0,1,0,0
"CRAIG ROYAL JR.","TEXAS ST",82,47.91,"C",68.3,67,69.9,NA,11,0,2,0,NA,0,8.67,6.6,0,5.4,1,0,0,0,0,0,0,0,NA,0,0,0,0,0,0,0,0,0,0,1,0,0,0,3,3,1,8,1,53,5,0,0,0,0,0,0.625,0,0,0,0,11,0,9,0,0
"MARKIE GRANT","UTAH ST",26,47.59,"C",66.5,65.3,64.6,NA,3,0,1,1,NA,0,14,14,0,24.7,1,1,0,0,0,0,0,1,NA,0,0,0,0,0,0,0,0,0,0,0,0,0,0,2,2,2,2,0.667,42,2,1,0,0,0.056,0,0.667,0,0.333,0,0,3,0,2,0,0
"CHASE USHER","CHARLOTTE",67,47.59,"C",62.1,59.7,68.7,59.8,4,1,0,1,NA,0,7,9,0,22.2,0,1,0,0,0,1,0,0,0,0,0,0,0,0,0,0,0,0,0,0,0,0,1,3,3,1,3,0.6,45,1,1,0,0,0.027,0,0.2,0,0.2,0,0,4,0,3,0,0
"JA'CARI HENDERSON","APP STATE",29,47.36,"C",66.8,64,69.7,NA,4,2,0,0,NA,0,0,5.3,1,5,0,0,0,1,0,1,0,0,NA,0,0,0,0,0,0,0,0,0,0,0,0,0,2,1,1,0,2,0.667,16,1,0,0,0,0,0,0.333,0,0,0,0,4,0,4,0,0
"TONY NEWSOME JR.","W KENTUCKY",57,47.11,"C",64,65.7,60.8,56.2,5,1,1,0,NA,0,31,5.6,1,6.2,1,0,1,0,0,1,0,0,NA,0,0,0,0,0,0,0,0,0,0.167,0,0,0,1,5,4,2,4,0.8,28,1,0,0,0,0,0,0.2,0,0,0,0.25,6,0,5,1,0
"JELANI WHITMORE","S DIEGO ST",28,47.05,"C",68.8,66.6,67.5,NA,NA,0,0,0,NA,0,0,0,1,44,NA,0,NA,NA,NA,NA,0,0,NA,0,NA,NA,0,0,0,0,0,0,NA,NA,0,0,NA,0,0,0,0,0,0,0,0,0,0,0,0,0,0,0,NA,NA,NA,0,0,0,0
"CALEB RICKS","S DIEGO ST",46,46.6,"C",69.6,67.9,68.8,NA,3,0,0,0,NA,0,11,2,1,5.5,0,0,0,0,0,0,0,0,NA,0,0,0,0,0,0,0,0,0,0,0,0,0,0,0,0,0,1,0.5,4,0,0,0,0,0,0,0,0,0,0,0,3,0,2,0,0
"KYREN CONDOLL","RICE",63,46.48,"C",62.6,59.6,71.2,NA,6,2,1,0,NA,0,6,9,0,24,1,0,0,2,0,0,0,0,NA,0,0,0,0,0,0,0,0,0,0,0,0,0,2,3,3,1,2,0.667,27,2,0,0,0,0,0,0.667,0,0,0,0,6,0,4,0,0
"JOSIRA ANDREWS","BOWL GREEN",53,46.31,"C",59,59.5,57.5,NA,4,3,0,1,NA,0,0,13.3,0,6.3,0,1,0,1,0,2,0,1,NA,0,0,0,0,0,0,0,0,0,0,0,0,0,3,2,1,1,2,0.667,40,2,1,0,0,0.053,0,0.667,0,0.333,0,0,4,0,1,0,0
"JAMES JOHNSON","MIDDLE TN",45,46.03,"C",63.6,62.8,64.9,57.1,7,2,2,0,NA,0,0,9.4,1,9,2,1,0,1,1,1,0,0,0,0,1,0,0,0,0,0,0,0,0.125,0,1,0,2,5,4,3,4,0.8,47,3,0,0,0,0.042,0,0.6,0,0,0.5,0,8,0,6,0,0
"JALEN THOMESON","S DIEGO ST",24,46.02,"C",65.4,64.5,63.1,NA,1,1,0,0,NA,0,0,0,1,17,0,0,0,1,0,0,0,0,NA,0,0,0,0,0,0,0,0,0,0,0,0,0,1,0,0,0,0,0,0,0,0,0,0,0,0,0,0,0,0,0,1,0,0,0,0
"MAURION ELEAM","LA LAFAYET",48,45.62,"C",62,54,83.3,54.2,5,1,2,0,NA,0,3.33,3.3,2,11.7,0,0,1,0,0,1,0,0,0,0,0,0,0,0,0,0,0,0,0.167,2,0,0,1,3,3,0,3,0.5,20,1,0,0,0,0,0,0.167,0,0,0,0.5,6,0,4,0,0
"NOAH MANGHAM","GA SOUTHRN",48,45.6,"C",67.2,66.3,65.9,60,2,0,1,1,NA,0,14,6.8,1,16.2,1,1,0,0,0,0,0,0,0,0,0,0,0,0,0,0,0,0,0,0,0,0,0,3,3,2,4,0.667,41,3,1,0,4,0.039,0.667,0.5,0,0.167,0,0,2,0,1,0,0
"TRAVIS ROMAN","COAST CAR",45,45.58,"C",65.4,64.2,65.5,NA,3,0,0,1,NA,0,7,9.3,0,19.3,0,1,0,0,0,0,0,0,NA,0,0,0,0,0,0,0,0,0,0,0,0,0,0,2,2,1,2,0.667,28,2,1,0,0,0.035,0,0.667,0,0.333,0,0,3,0,4,0,0
"RONALD MOORE JR.","LIBERTY",15,45.58,"C",67.3,66.6,60.3,NA,2,0,1,0,NA,0,0,4.5,2,9,1,0,0,0,0,0,0,0,NA,0,0,0,0,0,0,0,0,0,0,0,0,0,0,0,0,0,2,0.5,18,0,0,0,0,0,0,0,0,0,0,0,2,0,2,0,0
"CHARLES MCCARTHERENS","MARSHALL",30,45.55,"C",62.7,62.1,62.3,NA,2,0,1,0,NA,0,0,1.6,1,9.4,1,0,0,0,0,0,0,0,NA,0,1,0,0,0,0,0,0,0,0,0,1,0,0,2,2,2,2,0.4,8,0,1,0,0,0,0,0,0,0.2,0,0,2,0,2,0,0
"RAY JAMES JR.","N DAK ST",41,45.53,"C",61.8,62.2,64.5,53.7,4,0,1,0,NA,0,3.5,NA,NA,NA,0,NA,0,0,0,0,0,NA,0,0,0,1,0,0,0,0,0,0,0,1,1,0,0,4,NA,NA,NA,NA,NA,NA,NA,NA,NA,NA,NA,NA,NA,NA,0,0,4,0,4,0,NA
"ANTA'VEON MCKENZIE","UAB",63,45.46,"C",63.7,63.1,63.4,60,6,1,2,0,NA,0,5.5,2,1,10.6,1,0,0,0,2,1,0,0,0,0,0,0,0,0,0,0,0,0,0.25,1,0,0,1,4,2,0,2,0.4,10,1,0,0,0,0,0,0.2,0,0,0.4,0,7,0,5,0,0
"AMARIYUN KNIGHTEN","MIAMI OH",52,45.37,"C",72.9,72.5,63.8,NA,1,0,1,0,NA,0,0,1,0,1,1,0,0,0,0,0,0,0,NA,0,0,0,0,0,0,0,0,0,0,0,0,0,0,0,0,1,1,1,1,0,0,0,0,0,0,0,0,0,0,0,1,0,1,0,0
"KHAMARI TERRELL","WASH STATE",48,45.13,"C",58.3,59.2,55.8,NA,2,0,1,0,NA,0,4.5,0,1,29,0,0,0,0,0,0,0,0,NA,0,0,1,0,0,0,0,0,0,0,1,1,0,0,2,1,0,0,0,0,0,0,0,0,0,0,0,0,0,0,0,2,0,2,0,0
"ASA LOCKS","TEMPLE",76,44.89,"C",62.7,59.7,74.3,NA,6,2,2,0,NA,0,2,10,1,12.5,1,2,0,1,0,1,0,1,NA,0,0,0,0,0,0,0,0,0,0,1,0,0,2,4,4,1,5,0.833,60,3,0,0,0,0.039,0,0.5,0,0,0,0,6,0,5,0,0
"DJ VOLTZ","N DAK ST",44,44.85,"C",58,58.1,58.1,NA,3,1,1,0,NA,0,0,NA,NA,NA,1,NA,0,0,0,1,1,NA,NA,0,1,0,0,0,0,0,0,0,0,0,1,0,1,4,NA,NA,NA,NA,NA,NA,NA,NA,NA,NA,NA,NA,NA,NA,0,0,3,0,2,0,NA
"BRYSON SNELLING","NEVADA",66,44.73,"C",65.8,64.6,66.5,NA,4,0,3,0,NA,0,9,8.7,0,3,2,0,1,0,0,0,0,1,NA,0,2,0,0,0,0,0,0,0,0.2,1,2,0,0,3,3,2,3,1,26,2,0,0,0,0,0,0.667,0,0,0,0.25,5,0,5,0,0
"AHLSTON WARE","FAU",22,44.61,"C",61.8,53.8,77,NA,3,0,1,0,NA,0,3.5,0,0,17,0,0,0,0,0,0,0,0,NA,0,0,1,0,0,0,0,0,0,0,1,1,0,0,1,1,0,0,0,0,0,0,0,0,0,0,0,0,0,0,0,3,0,2,0,0
"MALAKAI MURPHY","SO MISS",17,44.53,"C",68.6,64.1,70,NA,1,0,1,0,NA,0,1,0,0,0,0,0,0,0,0,0,0,0,NA,0,0,0,0,0,0,0,0,0,0,1,0,0,0,0,0,0,0,0,0,0,0,0,0,0,0,0,0,0,0,0,1,0,1,0,0
"ANTHONY PINNACE","BALL ST",23,44.38,"C",67.8,66,65.4,NA,2,0,0,0,NA,0,15,0,0,0,0,0,0,0,0,0,0,0,NA,0,0,0,0,0,0,0,0,0,0,0,0,0,0,0,0,0,0,0,0,0,0,0,0,0,0,0,0,0,0,0,2,0,3,0,0
"KAJUAN BANKS","TULANE",16,44.24,"C",68.4,65.6,65.4,NA,1,1,0,0,NA,0,0,0,0,0,0,0,0,1,0,0,0,0,NA,0,0,0,0,0,0,0,0,0,0,0,0,0,1,0,0,0,0,0,0,0,0,0,0,0,0,0,0,0,0,0,1,0,0,0,0
"CATRELL WHITE","AKRON",48,44.22,"C",65,68.2,49.3,NA,2,0,0,1,NA,0,3,5.4,1,13.2,0,1,0,0,0,0,0,1,NA,0,0,0,0,0,0,0,0,0,0.333,0,0,0,0,3,2,2,2,0.4,27,1,2,0,2,0.036,0.4,0.2,0,0.4,0,0,3,0,2,0,0
"LARON DUES","JAMES MAD",23,44.16,"C",67.2,65.8,64.5,NA,1,1,0,0,NA,0,0,0,0,0,0,0,0,0,0,1,0,0,NA,0,0,0,0,0,0,0,0,0,0,0,0,0,1,0,0,0,0,0,0,0,0,0,0,0,0,0,0,0,0,0,1,0,1,0,0
"MICAH TEASE","TULSA",26,43.91,"C",68.7,68.3,60,NA,3,0,1,0,NA,0,0,2,1,2.5,1,0,0,0,0,0,0,0,NA,0,0,0,0,0,0,0,0,0,0,0,0,0,0,1,1,1,3,0.75,8,1,0,0,0,0,0,0.25,0,0,0,0,3,0,3,0,0
"ANTHONY ROGERS","TULANE",30,43.82,"C",66.5,63,72.8,NA,5,0,1,0,NA,0,31,12.7,0,9.3,0,0,0,0,0,0,0,0,NA,0,0,1,0,0,0,0,0,0,0,1,1,0,0,2,2,1,3,1,38,3,0,0,0,0,0,1,0,0,0,0,5,0,5,0,0
"MIKEY CRAWFORD","BUFFALO",28,43.59,"C",66.8,64.9,66.4,NA,1,1,0,0,NA,0,0,0,0,0,0,0,0,0,0,1,0,0,NA,0,0,0,0,0,0,0,0,0,0,0,0,0,1,0,0,0,0,0,0,0,0,0,0,0,0,0,0,0,0,0,1,0,0,0,0
"DECORIAN THOMPSON","UTEP",30,43.25,"C",70.7,68.8,68,NA,3,0,1,0,NA,0,0,6,0,5.5,1,0,0,0,0,0,0,0,NA,0,0,0,0,0,0,0,1,0,0,0,0,0,0,0,0,0,2,1,12,1,0,0,0,0,0,0.5,0,0,0,0,3,0,3,0,0
"WILLIE GOODWYN","TULSA",29,43.05,"C",65.1,64,63.9,NA,3,1,1,0,NA,0,0,6.5,1,5.5,1,0,0,0,0,1,0,0,NA,0,0,0,0,0,0,0,0,0,0,0,0,0,1,1,1,0,3,0.75,26,1,0,0,0,0,0,0.25,0,0,0,0,3,0,2,0,0
"LUKE EVANS","KENNESAW",59,43.02,"C",68.9,71.6,51.2,NA,3,0,1,0,NA,0,12,2.8,2,19.3,1,0,0,0,1,0,0,0,NA,0,0,0,0,0,0,0,0,0,0.25,0,0,0,0,2,1,2,2,0.5,11,0,0,0,3,0,0.75,0,0,0,0.5,0,4,0,2,0,0
"MYKE GUNN","LIBERTY",31,43.02,"C",67.4,67.1,62.9,NA,1,0,0,0,NA,0,0,0,1,2,0,0,0,0,0,0,0,0,NA,0,0,0,0,0,0,0,0,0,0,0,0,0,0,0,0,0,0,0,0,0,0,0,0,0,0,0,0,0,0,0,1,0,0,0,0
"KENDALL GRIFFIN","WYOMING",32,42.84,"C",62.5,56.1,69.7,NA,3,1,1,0,NA,0,2,0,1,4,0,0,0,0,0,1,0,0,NA,0,0,0,0,0,0,0,0,0,0,1,0,0,1,2,1,0,0,0,0,0,0,0,1,0,1,0,0,0,0,0,3,0,1,0,0
"CHAMP LEWIS","SO MISS",47,42.65,"C",53,49,68,NA,5,2,1,1,NA,0,4,8.7,2,19,0,2,1,1,0,1,0,0,NA,0,0,0,1,0,1,0,0,0,0.167,1,0,1,2,5,5,1,3,0.429,61,3,1,0,4,0.087,0.571,0.429,0,0.143,0,0.25,5,0,2,0,0
"TRE'QUON FEGANS","JVILLE ST",76,42.33,"C",65.8,67.4,56.2,NA,5,1,0,1,NA,0,12.5,5.4,0,6.5,0,1,1,1,1,0,0,0,NA,0,0,0,0,0,0,0,0,0,0.286,0,0,0,1,4,3,2,6,0.75,43,2,2,0,4,0.025,0.5,0.25,0,0.25,0.333,0.25,7,0,6,0,0
"DONMIEL ROGERS","E MICHIGAN",25,42.11,"C",65.6,66.1,55.1,70.9,4,0,1,0,NA,0,4.67,5,0,4,0,0,0,0,0,0,0,0,0,0,0,0,0,0,0,0,0,1,0,1,0,0,0,1,0,0,1,1,5,0,0,0,0,0,0,0,0,0,0,0,4,0,1,0,0
"TRAVIS JACKSON","FAU",59,41.81,"C",58.4,55.2,73,NA,4,0,2,0,NA,0,6.5,3.8,1,19.8,1,0,0,0,0,0,0,0,NA,0,0,0,0,0,0,0,0,0,0,1,0,0,0,3,3,0,2,0.5,15,1,0,0,0,0,0,0.25,0,0,0,0,4,0,2,0,0
"DARRELL SWEETING","UAB",69,41.68,"C",60.9,55.8,78.1,47.5,6,2,1,0,NA,0,3,7.8,1,7,0,1,1,0,0,2,0,0,50,1,0,0,0,0,0,0,0,0,0.143,1,0,1,2,4,3,0,3,0.75,31,3,0,0,0,0.04,0,0.75,0,0,0,0.333,7,0,3,0,0
"ALEX ELLIOTT","N DAK ST",23,41.63,"C",56.9,53.2,67.9,57.6,4,1,0,0,NA,0,5,NA,NA,NA,0,NA,0,0,0,1,0,NA,25,1,0,0,0,0,0,0,0,0,0,0,0,1,1,2,NA,NA,NA,NA,NA,NA,NA,NA,NA,NA,NA,NA,NA,NA,0,0,4,0,3,0,NA
"AHAMAD CHAPMAN","UTSA",22,41.54,"C",61.7,66,50.6,NA,2,0,0,0,NA,0,9,0,1,7,0,0,0,0,0,0,0,0,NA,0,0,0,0,0,0,0,0,0,0,0,0,0,0,1,0,0,0,0,0,0,0,0,0,0,0,0,0,0,0,0,2,0,1,0,0
"JAHMIR TORRES","NEW MEXICO",19,41.47,"C",63.4,65.3,56.1,NA,1,0,1,0,NA,0,4,0,0,0,0,0,0,0,0,0,0,0,NA,0,0,0,0,0,0,0,0,0,0,1,0,0,0,1,0,0,0,0,0,0,0,0,0,0,0,0,0,0,0,0,1,0,0,0,0
"AVERY DEMERY","LA LAFAYET",50,41.44,"C",61.9,67.3,39.3,63.7,3,0,1,0,NA,0,2,6.3,2,15.5,0,1,0,0,1,0,0,0,50,1,0,0,0,0,0,0,0,0,0.25,1,0,1,0,4,1,1,2,0.5,25,1,0,0,0,0.039,0,0.25,0,0,0.5,0,4,0,3,1,0
"AIDEN WALKER","NEVADA",71,41.36,"C",57.9,52.7,69,58,7,2,1,0,NA,0,5.33,4.6,1,4.4,0,0,0,1,0,1,0,0,0,0,0,0,0,0,0,0,0,0,0,1,0,0,2,5,4,0,5,0.714,32,3,0,0,0,0,0,0.429,0,0,0,0,7,0,5,0,0
"CALEB WOMACK","S JOSE ST",66,41.26,"C",51.3,51.4,54.4,NA,7,4,1,1,NA,0,0,8.6,0,9.7,1,2,2,3,1,1,1,0,NA,0,1,0,0,0,0,0,0,0,0.3,0,1,0,4,8,7,3,7,0.7,86,5,1,0,0,0.065,0,0.5,0,0.1,0.5,0.25,9,0,6,0,0
"CALEB DOBBS","E MICHIGAN",55,41.26,"C",58,56,66,NA,2,1,0,0,NA,0,0,0,2,13.5,0,0,0,0,0,1,0,0,NA,0,0,0,0,0,0,0,0,0,0,0,0,0,1,3,3,0,0,0,0,0,0,0,0,0,0,0,0,0,0,0,2,0,1,0,0
"JAMIR BENJAMIN","RICE",63,41.17,"C",55.2,48.5,74.4,NA,5,2,0,0,NA,0,66,10.3,1,22.3,0,1,0,0,0,2,0,1,NA,0,0,0,0,0,0,0,0,0,0,0,0,0,2,3,3,0,2,0.5,41,2,0,0,0,0.036,0,0.5,0,0,0,0,5,0,1,0,0
"TAYVION BEASLEY","USF",33,41.09,"C",66.2,65.8,55,72.5,3,1,1,0,NA,0,0,4.5,0,-1.5,1,0,0,0,1,1,0,0,0,0,1,0,0,0,0,0,0,0,0.25,0,1,0,1,2,1,1,2,1,9,1,0,0,0,0,0,0.5,0,0,0.5,0,4,0,3,1,0
"JAY HARPER","LA MONROE",38,40.82,"C",61.1,58.5,67.9,NA,3,1,0,0,NA,0,5,3,1,4,0,0,0,0,0,1,0,0,NA,0,0,0,0,0,0,0,0,0,0,0,0,0,1,2,2,0,1,0.5,6,0,0,0,0,0,0,0,0,0,0,0,3,0,2,0,0
"JD DREW","TULSA",27,40.49,"C",67.3,66.9,61.8,NA,1,0,0,0,NA,0,0,2.5,1,-1.5,0,0,0,0,0,0,0,0,NA,0,0,0,0,0,0,0,0,0,0,0,0,0,0,0,0,0,1,0.5,5,0,0,0,0,0,0,0,0,0,0,0,1,0,1,0,0
"CHANCE GAMBLE","GA SOUTHRN",49,40.32,"C",63.3,61.2,64.3,64.3,4,0,2,0,NA,0,0,17.3,0,10.7,2,1,0,0,0,0,0,0,25,2,0,0,0,0,0,0,0,0,0,0,0,2,0,2,2,1,3,1,52,1,0,0,1,0.042,0.333,0.333,0,0,0,0,4,0,3,0,0
"DELVON GULLEY","UAB",68,40.04,"C",57.7,61.5,59.3,NA,2,2,0,0,NA,0,0,0,1,15,0,0,0,0,1,2,0,0,NA,0,0,0,0,0,0,0,1,0,0.333,0,0,0,2,4,2,0,0,0,0,0,0,0,0,0,0,0,0,0,0.333,0,2,0,0,0,0
"CALEB PRESLEY","COLO STATE",19,40.03,"C",59.2,55.5,65.9,NA,1,1,0,0,NA,0,0,0,1,19,0,0,0,0,0,1,0,0,NA,0,0,0,0,0,0,0,0,0,0,0,0,0,1,1,1,0,0,0,0,0,0,0,0,0,0,0,0,0,0,0,1,0,0,0,0
"ELIAS MULLICAN","SACRAMENTO",51,39.94,"D",47.5,44.4,63.9,NA,3,1,1,1,NA,0,2,NA,NA,NA,0,NA,0,1,0,0,0,NA,NA,0,0,0,0,0,0,0,0,0,0,1,0,0,1,6,NA,NA,NA,NA,NA,NA,NA,NA,NA,NA,NA,NA,NA,NA,0,0,3,0,3,0,NA
"NOAH FLORES","ARK STATE",39,39.87,"D",65.7,64.8,64.1,NA,2,2,0,0,NA,0,0,4,0,3,0,0,0,2,0,0,0,0,NA,0,0,0,0,0,0,0,0,0,0,0,0,0,2,1,1,0,1,1,4,1,0,0,0,0,0,1,0,0,0,0,2,0,0,0,0
"MADDEN SOLIAI","BOISE ST",17,39.55,"D",65.1,65.5,60.8,58.1,1,0,0,0,NA,0,0,0,0,0,0,0,0,0,0,0,0,0,0,0,0,0,0,0,0,0,0,0,0,0,0,0,0,0,0,0,0,0,0,0,0,0,0,0,0,0,0,0,0,0,1,0,1,0,0
"KENDALL BANNISTER","OHIO",49,39.52,"D",55,52.3,61.6,60,4,1,2,0,NA,0,3,12.3,3,18,0,1,0,0,1,1,0,0,0,0,0,0,0,0,0,0,0,0,0.2,2,0,0,1,3,2,0,1,0.25,49,1,0,0,0,0.056,0,0.25,0,0,0.25,0,5,0,3,0,0
"DAWAYNE GALLOWAY JR.","AKRON",21,39.31,"D",65.6,64.4,63.1,NA,1,0,0,0,NA,0,0,0,0,0,0,0,0,0,0,0,0,0,NA,0,0,0,0,0,0,0,0,0,0,0,0,0,0,0,0,0,0,0,0,0,0,0,0,0,0,0,0,0,0,0,1,0,0,0,0
"CALDRA WILLIFORD","TULSA",21,39.26,"D",65.9,65.4,61,NA,2,0,1,0,NA,0,0,5,0,-2,1,0,0,0,0,0,0,0,NA,0,0,0,0,0,0,0,0,0,0,0,0,0,0,1,1,1,1,1,5,0,0,0,0,0,0,0,0,0,0,0,2,0,2,0,0
"AARON WARREN","N ILLINOIS",29,38.87,"D",59.5,63.2,63,44.6,4,1,1,0,NA,0,0,6,0,4,0,0,1,1,1,0,0,0,16.7,2,0,1,0,0,2,0,0,0,0.333,1,1,2,1,3,2,0,1,1,6,1,0,0,0,0,0,1,0,0,0.5,0.25,6,0,4,0,0
"KAMARI WILLIAMS","BALL ST",22,38.76,"D",63,58.5,70.3,NA,2,0,1,0,NA,0,0,0,0,0,0,0,1,0,0,0,0,0,NA,0,0,1,0,0,0,0,0,0,0.333,1,1,0,0,1,1,0,0,0,0,0,0,0,0,0,0,0,0,0,0,0.5,3,0,2,0,0
"DEUCE WALKER","GA STATE",41,38.53,"D",60,53.7,71,NA,1,0,0,0,NA,0,2,0,1,34,0,0,0,0,0,0,0,0,NA,0,0,0,0,0,0,0,0,0,0,0,0,0,0,1,1,0,0,0,0,0,0,0,0,0,0,0,0,0,0,0,1,0,0,0,0
"ORMANIE ARNOLD","NEW MEXICO",53,37.93,"D",63.3,62.4,64.1,60,2,1,0,0,NA,0,0,4.3,2,15.5,0,0,2,1,0,0,0,0,0,0,0,0,0,0,0,0,0,0,0.5,0,0,0,1,4,4,3,2,0.5,17,1,1,0,0,0,0,0.25,0,0.25,0,0.5,4,0,1,0,0
"DEMARIO BOOKHART","LA TECH",19,37.87,"D",64.4,63.5,62.2,NA,NA,0,0,0,NA,0,0,0,0,0,NA,0,NA,NA,NA,NA,0,0,NA,0,NA,NA,0,0,0,0,0,0,NA,NA,0,0,NA,0,0,0,0,0,0,0,0,0,0,0,0,0,0,0,NA,NA,NA,0,1,0,0
"JAHEIM JENKINS","JVILLE ST",18,37.78,"D",64.7,64,61.5,NA,NA,0,0,0,NA,0,0,0,0,0,NA,0,NA,NA,NA,NA,0,0,NA,0,NA,NA,0,0,0,0,0,0,NA,NA,0,0,NA,0,0,0,0,0,0,0,0,0,0,0,0,0,0,0,NA,NA,NA,0,0,0,0
"GRECO CARRILLO","S JOSE ST",18,37.66,"D",59.6,59.3,60,NA,NA,0,0,0,NA,0,0,0,2,7.5,NA,0,NA,NA,NA,NA,0,0,NA,0,NA,NA,0,0,0,0,0,0,NA,NA,0,0,NA,1,1,0,0,0,0,0,0,0,0,0,0,0,0,0,NA,NA,NA,0,0,0,0
"KALEB MILES","UTEP",47,36.75,"D",60.4,59.1,63.2,NA,4,2,0,0,NA,0,8,9.6,3,11.8,0,1,2,1,0,1,0,1,NA,0,0,0,0,0,0,0,0,0,0.333,0,0,0,2,3,2,0,2,0.4,48,2,0,0,0,0.043,0,0.4,0,0,0,0.667,6,0,3,0,0
"JOSIAH COX","S DIEGO ST",41,36.58,"D",61.9,58.6,66.8,60,6,2,0,0,NA,0,0,15.8,1,10,0,1,0,0,0,2,0,0,0,0,0,0,0,0,0,0,0,0,0,0,0,0,2,4,4,2,4,0.8,79,4,0,0,0,0.059,0,0.8,0,0,0,0,6,0,4,0,0
"DAVID KABONGO","UTAH ST",49,36.5,"D",54.6,55.2,55.1,NA,5,2,2,0,NA,0,0,4,1,9,2,1,1,1,1,1,0,0,NA,0,1,0,0,0,0,0,0,0,0.286,0,1,0,2,5,4,2,5,0.714,28,1,0,0,0,0.037,0,0.143,0,0,0.5,0.2,7,0,3,0,0
"BRAYDEN HALL","MARSHALL",41,36.41,"D",58.9,57.8,62,NA,7,1,2,0,NA,0,5.75,36,0,32,0,1,0,1,1,0,0,0,NA,0,0,0,0,0,0,0,0,0,0.125,2,0,0,1,3,2,1,1,1,36,1,0,0,0,0.042,0,1,0,0,0.2,0,8,0,5,0,0
"PEYTON TAYLOR","N TEXAS",70,36.34,"D",58.4,60.4,52.3,NA,3,0,2,0,NA,0,0,4.5,0,4.3,2,1,0,0,0,0,0,0,NA,0,1,0,0,0,0,0,0,0,0,0,1,0,0,4,3,2,3,0.75,18,1,0,0,0,0.04,0,0.25,0,0,0,0,3,0,2,0,0
"DRAVON WILSON","SM HOUSTON",26,36.07,"D",66.2,65.6,62.4,NA,2,0,1,0,NA,0,0,5.5,0,-2.5,1,0,0,0,0,0,0,0,NA,0,1,0,0,0,0,0,0,0,0,0,1,0,0,1,1,1,2,1,11,1,0,0,2,0,1,0.5,0,0,0,0,2,0,1,0,0
"ANTHONY RICHARD JR.","MEMPHIS",30,36.06,"D",63.9,62.4,65.2,NA,3,0,1,0,NA,0,4,9,0,4,0,0,0,0,0,0,0,0,NA,0,0,0,0,0,0,0,0,0,0,1,0,0,0,1,1,0,1,1,9,1,0,0,0,0,0,1,0,0,0,0,3,0,2,0,0
"CAM JONES","TOLEDO",58,35.75,"D",53.9,48.5,70,NA,3,1,1,0,NA,0,4,5.6,2,17.9,0,1,0,0,0,1,0,1,NA,0,0,0,0,0,0,0,0,0,0,1,0,0,1,4,4,1,3,0.429,39,3,1,0,0,0.042,0,0.429,0,0.143,0,0,3,0,4,0,0
"TONEY COLEMAN JR.","MIAMI OH",17,35.56,"D",61,60.3,61,NA,1,0,0,0,NA,0,0,0,0,0,0,0,0,0,0,0,0,0,NA,0,0,0,0,0,0,0,0,0,0,0,0,0,0,1,1,0,0,0,0,0,0,0,0,0,0,0,0,0,0,0,1,0,1,0,0
"JIQUAVIOUS MARSHALL","LIBERTY",31,35.55,"D",61.8,62.3,59.1,NA,3,0,0,0,NA,0,16,4.8,2,6.3,0,0,0,0,1,0,0,0,NA,0,0,0,0,0,0,0,0,0,0.25,0,0,0,0,2,1,0,2,0.5,19,1,0,0,0,0,0,0.25,0,0,0.333,0,4,0,2,0,0
"JADEN MICKEY","BOISE ST",39,35.54,"D",57.4,60.6,46.5,NA,1,0,0,1,NA,0,0,7.9,4,23,0,2,0,0,1,0,0,0,NA,0,0,0,0,0,0,0,0,0,0.5,0,0,0,0,4,3,2,2,0.286,55,1,1,0,0,0.08,0,0.143,0,0.143,1,0,2,0,2,0,0
"ANGELO STOCKSTILL","KENT STATE",30,35.07,"D",64.2,63.4,62.7,NA,2,0,0,0,NA,0,0,9,0,5,0,0,0,0,0,0,0,0,NA,0,0,0,0,0,0,0,0,0,0,0,0,0,0,1,1,0,1,1,9,0,0,0,0,0,0,0,0,0,0,0,2,0,2,0,0
"ANTHONY BENFORD II","N TEXAS",18,34.75,"D",62.4,64.1,57.9,NA,1,1,0,0,NA,0,0,0,0,0,0,0,0,0,1,1,0,0,NA,0,0,0,0,0,0,0,0,0,0.5,0,0,0,1,1,0,0,0,0,0,0,0,0,0,0,0,0,0,0,0.5,0,2,0,2,0,0
"KADEN COOK","JVILLE ST",25,34.62,"D",54.3,51.5,61.3,NA,2,1,0,0,NA,0,7,0,0,5,0,0,0,0,0,1,0,0,NA,0,0,0,0,0,0,0,0,0,0,0,0,0,1,2,1,0,0,0,0,0,0,0,0,0,0,0,0,0,0,0,2,0,1,0,0
"ANTHONY MATTISON","MO STATE",44,34.56,"D",54.9,58.4,57.5,45.2,3,1,0,1,NA,0,0,9.3,0,13,0,1,1,0,1,1,0,0,25,1,0,0,0,0,0,0,0,0,0.4,0,0,1,1,4,2,1,2,0.667,28,1,1,0,0,0.059,0,0.333,0,0.333,0.5,0.333,5,0,2,0,0
"CAM'RON BARBER","W MICHIGAN",20,34.47,"D",56.8,56.1,60.9,NA,NA,0,0,0,NA,0,0,0,1,15,NA,0,NA,NA,NA,NA,0,0,NA,0,NA,NA,0,0,0,0,0,0,NA,NA,0,0,NA,1,1,0,0,0,0,0,0,0,0,0,0,0,0,0,NA,NA,NA,0,0,0,0
"ZION JONES","NEVADA",71,34.01,"D",56,54.3,61.8,59.8,3,1,0,0,NA,0,9,7.8,1,11.8,0,2,0,0,0,1,0,0,25,1,0,0,0,0,1,0,0,0,0,0,0,1,1,4,3,0,2,0.5,31,2,0,0,0,0.063,0,0.5,0,0,0,0,3,0,2,0,0
"WILL YATES","BALL ST",47,33.93,"D",58.8,57.9,61.5,NA,5,0,1,0,NA,0,17.67,6.7,0,9,0,0,0,0,1,0,0,1,NA,0,0,0,0,0,0,0,0,0,0.167,1,0,0,0,3,2,0,2,0.667,20,1,0,0,0,0,0,0.333,0,0,0.25,0,6,0,5,0,0
"JAYLEN MOSON","S ALABAMA",61,33.92,"D",56.3,55.3,63.4,NA,4,0,1,0,NA,0,0,5.9,2,15.1,1,2,0,0,0,0,0,0,NA,0,0,0,0,0,0,0,0,0,0,0,0,0,0,5,5,1,4,0.5,47,3,1,0,0,0.048,0,0.375,0,0.125,0,0,4,0,4,0,0
"SHEMAR WELCH","TROY",31,33.81,"D",59.6,59.6,62.4,56,NA,0,0,0,NA,0,0,6,1,19.5,NA,0,NA,NA,NA,NA,1,1,0,0,NA,NA,0,0,0,0,0,0,NA,NA,0,0,NA,1,1,0,1,0.5,12,1,0,0,0,0,0,0.5,0,0,NA,NA,NA,0,0,0,0
"DERON RUSSELL","N DAK ST",24,33.62,"D",58.1,58.4,61.1,57.2,1,0,0,0,NA,0,0,NA,NA,NA,0,NA,0,0,0,0,0,NA,0,0,0,0,0,0,0,0,0,0,0,0,0,0,0,3,NA,NA,NA,NA,NA,NA,NA,NA,NA,NA,NA,NA,NA,NA,0,0,1,0,2,0,NA
"CAMEREN JENKINS","N TEXAS",31,33.11,"D",62.2,67.8,49.7,58.6,0,0,0,1,NA,0,0,4,1,3.7,0,0,0,0,1,0,0,1,0,0,0,0,0,0,0,0,0,0,1,0,0,0,0,2,1,1,1,0.333,12,1,1,0,0,0,0,0.333,0,0.333,1,0,1,0,2,0,0
"DONTRAE HENDERSON","ARK STATE",68,32.77,"D",69.4,68.8,66.8,NA,NA,0,0,0,NA,0,0,20.3,1,12.7,NA,2,NA,NA,NA,NA,0,1,NA,0,NA,NA,0,0,0,0,0,0,NA,NA,0,0,NA,0,0,0,2,0.667,61,2,0,0,0,0.059,0,0.667,0,0,NA,NA,NA,0,2,0,0
"RUNYE NORTON","S JOSE ST",17,32.68,"D",58.7,58.3,60,NA,NA,0,0,0,NA,0,0,0,0,0,NA,0,NA,NA,NA,NA,0,0,NA,0,NA,NA,0,0,0,0,0,0,NA,NA,0,0,NA,1,1,0,0,0,0,0,0,0,0,0,0,0,0,0,NA,NA,NA,0,0,0,0
"JAQUARI BROWN","GA SOUTHRN",16,32.62,"D",54.4,53.8,60.2,NA,NA,0,0,0,NA,0,0,0,0,33,NA,0,NA,NA,NA,NA,0,0,NA,0,NA,NA,0,0,0,0,0,0,NA,NA,0,0,NA,1,1,0,0,0,0,0,0,0,0,0,0,0,0,0,NA,NA,NA,0,0,0,0
"DEREK FIELDS","BALL ST",26,32.54,"D",59,54.8,69.6,NA,2,0,1,0,NA,0,1,7.8,1,8.5,0,0,0,0,0,0,0,0,NA,0,0,0,0,0,0,0,0,0,0,1,0,0,0,2,2,0,3,0.75,31,2,0,0,0,0,0,0.5,0,0,0,0,2,0,1,0,0
"DAVION PRITCHARD","KENT STATE",17,32.16,"D",54.6,65.5,40,NA,NA,0,0,0,NA,0,0,0,0,0,NA,0,NA,NA,NA,NA,0,0,NA,0,NA,NA,0,0,0,0,0,0,NA,NA,0,0,NA,2,0,0,0,0,0,0,0,0,0,0,0,0,0,0,NA,NA,NA,0,0,0,0
"E'ZAIAH SHINE","TULANE",46,32.1,"D",57.9,56.7,63,NA,3,0,2,0,NA,0,0,6.6,2,9.6,2,1,1,0,0,0,0,0,NA,0,0,0,0,0,0,0,0,0,0.25,0,0,0,0,3,3,0,5,0.714,46,2,0,0,0,0.037,0,0.286,0,0,0,0.25,4,0,3,0,0
"TREY GLASPER","OREGON ST",24,31.91,"D",55.3,54.4,61.5,NA,3,1,0,1,NA,0,0,17,0,14.5,0,2,0,1,0,0,0,1,NA,0,0,0,0,0,0,0,0,0,0,0,0,0,1,3,3,1,3,0.75,68,3,1,0,0,0.154,0,0.75,0,0.25,0,0,3,0,2,0,0
"CAIDEN NEWSOME","AKRON",38,31.88,"D",58.9,65.7,40.2,NA,3,0,1,0,NA,0,8,2,2,18.7,1,0,0,0,2,0,0,1,NA,0,0,0,0,0,0,0,0,0,0.4,0,0,0,0,4,2,2,1,0.333,6,1,0,0,1,0,0.333,0.333,0,0,0.667,0,5,0,1,0,0
"JAQUISE ALEXANDER","DELAWARE",29,31.71,"D",63.1,62.3,62.6,NA,1,0,0,0,NA,0,0,0,0,0,0,0,1,0,0,0,0,0,NA,0,0,0,0,0,0,0,0,0,0.5,0,0,0,0,1,1,0,0,0,0,0,0,0,0,0,0,0,0,0,0,0.5,2,0,1,0,0
"DONAVAN PHILORD","C MICHIGAN",30,31.51,"D",61.1,59.4,65,NA,3,2,0,0,NA,0,0,27,0,27,0,1,0,1,0,1,0,0,NA,0,0,0,0,0,0,0,0,0,0,0,0,0,2,1,1,0,1,1,27,1,0,0,1,0.053,1,1,0,0,0,0,3,0,1,0,0
"LIAM LINDO","N ILLINOIS",33,31.37,"D",58,50.6,74.2,65.4,6,1,0,0,NA,0,14,12.8,0,12.8,0,1,0,0,0,1,0,0,0,0,0,0,0,0,0,0,0,1,0,0,0,0,1,3,3,0,5,0.833,77,2,0,0,0,0.053,0,0.333,0,0,0,0,6,0,4,0,0
"JAYVON HENDERSON","S ALABAMA",56,31.27,"D",52,50.7,62.9,NA,3,0,1,1,NA,0,0,7.8,1,15.6,1,1,1,0,0,0,0,2,NA,0,0,0,0,0,0,0,0,0,0.25,0,0,0,0,6,6,2,3,0.6,39,2,1,0,0,0.026,0,0.4,0,0.2,0,0.25,4,0,3,0,0
"ZACH MORRIS","UTSA",18,30.87,"D",66.1,65.8,60,NA,1,0,0,0,NA,0,0,15,0,-4,0,1,0,0,0,1,0,0,NA,0,0,0,0,0,0,0,0,0,0,0,0,0,1,0,0,0,1,1,15,1,0,0,0,0.077,0,1,0,0,0,0,1,0,1,0,0
"KESHAWN DAVILA","N TEXAS",28,30.32,"D",60.5,59.4,49.8,60,3,0,2,0,NA,0,0,6.5,0,3,1,0,0,0,1,0,0,0,0,0,0,1,0,0,0,0,0,1,0.25,1,1,0,0,3,2,1,2,1,13,2,0,0,0,0,0,1,0,0,0.5,0,4,0,4,0,0
"ROMAN TILLMON","BOISE ST",37,30.25,"D",51,46.1,64.3,55.6,1,0,1,0,NA,0,14,6,1,19.3,0,1,0,0,0,0,0,0,0,0,0,0,0,0,0,0,0,0,0,0,1,0,0,4,3,1,1,0.333,18,1,1,0,0,0.059,0,0.333,0,0.333,0,0,1,0,0,0,0
"TAI TERRELL","TROY",37,30.01,"D",60.2,57.7,66.6,NA,3,0,0,0,NA,0,10,9,0,11.8,0,1,0,0,0,0,0,0,NA,0,0,0,0,0,0,0,0,0,0,0,0,0,0,2,2,0,3,0.75,36,2,0,0,0,0.056,0,0.5,0,0,0,0,3,0,3,0,0
"MACHO STEVENSON","TULANE",29,29.73,"D",58.4,60.1,55.5,NA,NA,0,0,0,NA,0,0,16.5,0,28,NA,1,NA,NA,NA,NA,0,0,NA,0,NA,NA,0,0,0,0,0,0,NA,NA,0,0,NA,2,1,1,1,0.5,33,1,1,0,0,0.083,0,0.5,0,0.5,NA,NA,NA,0,0,0,0
"JORDON THOMAS","W MICHIGAN",39,29.44,"D",63.6,59,64,72.8,2,0,0,0,NA,0,0,22,0,18,0,1,0,0,0,0,0,1,25,1,0,0,0,0,0,0,0,0,0,0,0,1,0,1,1,0,1,1,22,1,0,0,0,0.067,0,1,0,0,0,0,2,0,0,0,0
"TYSON SHAMSID-DEEN","WYOMING",33,29.35,"D",54.2,62.1,47.7,NA,2,1,0,0,NA,0,2,0,0,0,0,0,0,0,2,1,0,0,NA,0,0,0,0,0,0,0,0,0,0.5,0,0,0,1,3,0,0,0,0,0,0,0,0,0,0,0,0,0,0,0.5,0,4,0,2,0,0
"HERLIN PERRY JR.","USF",40,29.21,"D",58.1,56.3,65.2,NA,3,1,0,0,NA,0,0,12.7,0,12.7,0,1,0,0,0,1,0,1,NA,0,0,0,0,0,0,0,0,0,0,0,0,0,1,2,2,0,3,1,38,1,0,0,0,0.045,0,0.333,0,0,0,0,3,0,2,0,0
"JAYDEN ROBERTSON","S JOSE ST",52,28.6,"D",54.5,55.5,53.4,NA,2,0,0,1,NA,0,9,8,1,13.4,0,2,0,0,1,0,0,1,NA,0,0,0,0,0,0,0,0,0,0.333,0,0,0,0,4,3,1,3,0.6,40,2,1,0,0,0.091,0,0.4,0,0.2,0.5,0,3,0,3,0,0
"MARSHALL WASHINGTON","N ILLINOIS",36,28.51,"D",53.3,51.6,64.5,NA,4,0,2,0,NA,0,14,13,1,10.7,2,2,0,0,0,0,0,2,NA,0,1,0,0,0,0,0,0,0,0,0,1,0,0,4,4,1,5,0.833,78,3,0,0,0,0.074,0,0.5,0,0,0,0,4,0,3,0,0
"TJ CRANDALL","OREGON ST",37,28.26,"D",47.4,47.8,54.2,NA,3,1,1,0,NA,0,2,2.2,2,9.6,0,0,0,1,1,0,0,0,NA,0,0,0,0,0,0,0,0,0,0.25,1,0,0,1,5,4,0,2,0.4,11,1,0,0,0,0,0,0.2,0,0,0.5,0,4,0,3,0,0
"BRANDON CRUTCHFIELD","DOMINION",68,28.05,"D",61.4,64.3,51.2,NA,2,0,0,0,NA,0,0,6,1,8,0,0,0,0,1,0,0,0,NA,0,0,0,0,0,0,0,0,0,0.333,0,0,0,0,2,1,0,1,0.5,12,1,0,0,0,0,0,0.5,0,0,1,0,3,0,4,0,0
"KSHAWN COX JR.","DELAWARE",38,27.92,"D",54.4,50.8,67.9,NA,2,1,0,0,NA,0,7,31,1,33.5,0,1,0,0,0,1,0,1,NA,0,0,0,0,0,0,0,0,0,0,0,0,0,1,1,1,0,1,0.5,62,1,0,0,0,0.05,0,0.5,0,0,0,0,2,0,1,0,0
"TYLER BIVENS","KENT STATE",19,27.7,"D",64,63.5,60.9,NA,0,0,0,0,NA,0,0,2.3,0,23,0,0,1,0,0,0,0,0,NA,0,0,0,0,0,0,0,0,0,1,0,0,0,0,1,1,1,1,0.333,7,0,0,0,0,0,0,0,0,0,0,1,1,0,1,0,0
"A'TIQ MUHAMMAD","KENT STATE",33,27.68,"D",45.3,40,68.8,60,7,5,0,0,NA,0,6,13.2,1,14,0,3,1,3,0,2,0,0,0,0,0,0,0,0,0,0,0,0,0.125,0,0,0,5,6,6,0,5,0.833,79,4,0,0,0,0.188,0,0.667,0,0,0,0.2,8,0,2,0,0
"JAYDEN JACKSON","GA SOUTHRN",25,27.31,"D",52.5,58,45.4,58.3,2,0,1,0,NA,0,0,7,0,2.5,1,0,0,0,0,0,0,0,0,0,0,0,0,0,0,0,0,0,0,0,0,0,0,3,2,1,2,1,14,0,0,0,1,0,0.5,0,0,0,0,0,2,0,3,0,0
"JANARD LOCKHARDT","LA TECH",46,27.3,"D",49.2,51.2,61.6,60,3,2,1,0,NA,0,2,21.5,0,28.5,0,1,0,1,1,1,0,1,0,0,0,0,0,0,0,0,0,0,0.25,1,0,0,2,4,3,0,1,0.5,43,1,0,0,0,0.05,0,0.5,0,0,0.333,0,3,0,3,0,0
"KOBI ALBERT","SO MISS",55,26.92,"D",53.9,50.3,66.6,NA,3,1,0,0,NA,0,0,12.7,0,22,0,1,0,0,0,1,0,0,NA,0,0,0,0,0,0,0,0,0,0,0,0,0,1,3,3,0,2,0.667,38,1,0,0,1,0.039,0.333,0.333,0,0,0,0,3,0,2,0,0
"LJ GREEN","TULANE",21,26.32,"D",58.8,57.5,61.8,NA,1,0,0,0,NA,0,0,10,0,7,0,0,0,0,0,0,0,0,NA,0,0,0,0,0,0,0,0,0,0,0,0,0,0,1,1,0,1,1,10,1,0,0,0,0,0,1,0,0,0,0,1,0,1,0,0
"JK JOHNSON","FAU",22,24.67,"D",58.4,64.6,45.8,NA,0,0,0,0,NA,0,0,0,1,2,0,0,0,0,1,0,0,0,NA,0,0,0,0,0,0,0,0,0,1,0,0,0,0,1,0,0,0,0,0,0,0,0,0,0,0,0,0,0,1,0,1,0,1,0,0
"TYSON MCCRARY","GA STATE",46,24.64,"D",57.4,68.8,45.5,NA,2,0,2,0,NA,0,0,7.7,0,6.7,2,0,1,0,1,0,0,0,NA,0,0,0,0,0,0,0,0,0,0.5,0,0,0,0,4,2,1,3,1,23,0,0,0,2,0,0.667,0,0,0,1,0.333,4,0,3,0,0
"KOBI BLACKWELL","BUFFALO",48,24.56,"D",50.4,60,29,NA,2,0,0,0,NA,0,0,12,2,23.5,0,1,0,0,0,0,0,0,NA,0,0,0,0,0,0,0,0,0,0,0,0,0,0,5,2,1,2,0.5,48,2,0,0,1,0.045,0.25,0.5,0,0,0,0,2,0,2,0,0
"TYSON WILLIAMS","TULSA",46,24.3,"D",56.1,54.7,63.2,NA,2,0,0,0,NA,0,0,10,1,7.2,0,1,0,0,0,0,0,0,NA,0,0,0,0,0,0,0,0,0,0,0,0,0,0,3,3,0,4,0.8,50,3,0,0,0,0.042,0,0.6,0,0,0,0,2,0,3,0,0
"BRAXTON MYERS","W KENTUCKY",25,23.22,"D",57.5,60,53.2,NA,2,0,0,0,NA,0,8,5.8,1,11.5,0,1,1,0,1,0,0,0,NA,0,0,0,0,0,0,0,0,0,0.5,0,0,0,0,3,2,1,2,0.5,23,2,1,0,0,0.125,0,0.5,0,0.25,0.5,0.5,3,0,3,0,0
"CEDRIC FRANKLIN II","BALL ST",15,23.14,"D",53.3,52.7,60.9,59.2,2,0,0,0,NA,0,0,30,0,28.5,0,1,0,0,0,0,0,0,25,0,0,0,1,0,0,0,0,0,0,0,0,1,0,1,1,0,2,1,60,1,0,0,0,0.167,0,0.5,0,0,0,0,2,0,3,0,0
"AMARI BUTLER","LA TECH",44,23.06,"D",59.3,56.2,67.3,NA,2,1,1,0,NA,0,3,28.5,0,16,0,1,1,0,0,1,0,1,NA,0,0,0,0,0,0,0,0,0,0.333,1,0,0,1,2,2,0,2,1,57,1,0,0,0,0.045,0,0.5,0,0,0,1,3,0,1,0,0
"JADEN ALLEN","N TEXAS",24,22.75,"D",53,52,58.3,NA,3,1,1,0,NA,0,0,39,0,42,0,1,0,0,1,1,0,1,NA,0,0,1,0,0,0,0,0,0,0.25,1,1,0,1,2,1,0,1,1,39,1,0,0,0,0.143,0,1,0,0,0.333,0,4,0,2,0,0
"DEYLEN PLATT","USF",21,22.33,"D",58.3,64.7,45.1,NA,0,0,0,0,NA,0,0,0,0,0,0,0,0,0,1,0,0,0,NA,0,0,0,0,0,0,0,0,0,1,0,0,0,0,1,0,0,0,0,0,0,0,0,0,0,0,0,0,0,1,0,1,0,0,0,0
"XAVION GRIFFIN","W KENTUCKY",48,22.02,"D",42.4,34.3,74.8,55.8,9,2,2,0,NA,0,4.33,19.4,1,14.4,0,2,1,0,0,2,0,1,0,0,0,0,0,0,0,0,0,0,0.1,2,0,0,2,7,6,0,6,0.857,136,5,0,0,0,0.091,0,0.714,0,0,0,0.2,10,0,8,0,0
"BJ ALLEN JR.","N TEXAS",24,21.28,"D",56.2,52.4,66,NA,1,0,0,0,NA,0,6,18,0,13,0,1,0,0,0,0,0,0,NA,0,0,0,0,0,0,0,0,0,0,0,0,0,0,1,1,0,1,1,18,1,0,0,0,0.111,0,1,0,0,0,0,1,0,0,0,0
"JA'MARION WAYNE","COAST CAR",55,21.16,"D",55.9,55.5,59.7,NA,2,0,0,1,NA,0,4,8,0,9.5,0,1,2,0,1,0,0,0,NA,0,0,0,0,0,0,0,0,0,0.6,0,0,0,0,5,4,1,5,0.833,48,3,1,0,0,0.03,0,0.5,0,0.167,0.5,0.667,5,0,3,0,0
"RJ LESTER JR.","UTSA",59,20.6,"D",55.8,61.2,37.9,NA,3,0,0,0,NA,0,18,7.8,1,14.6,0,2,0,0,2,0,0,1,NA,0,0,0,0,0,0,0,0,0,0.4,0,0,0,0,7,3,1,3,0.6,39,3,1,0,0,0.059,0,0.6,0,0.2,0.667,0,5,0,5,0,0
"DONOVAN RODRIGUEZ","BUFFALO",16,19.29,"F",48.4,53,49.2,NA,3,1,0,0,NA,0,34,7,0,-2,0,0,1,0,1,1,0,0,NA,0,0,0,0,0,0,0,0,0,0.4,0,0,0,1,3,1,0,1,1,7,0,0,0,1,0,1,0,0,0,0.25,1,5,0,2,0,0
"OLIVER BRIDGES","BUFFALO",41,18.39,"F",48.3,48.4,54.5,59.2,2,0,0,0,NA,0,0,5,0,10.2,0,0,0,0,0,0,0,0,0,0,0,0,0,0,0,0,0,0,0,0,0,0,0,4,3,0,3,0.6,25,2,0,0,2,0,0.4,0.4,0,0,0,0,2,0,2,0,0
"DREW SPEECH","NEW MEXICO",34,18.29,"F",46.3,45,58.2,57.1,3,1,1,0,NA,0,4,14.5,1,8.8,0,1,1,1,0,0,0,1,0,0,0,0,0,0,0,0,0,0,0.25,1,0,0,1,5,4,1,5,0.833,87,2,0,0,0,0.059,0,0.333,0,0,0,0.333,4,0,3,0,0
"RONALD JACKSON JR.","OHIO",58,17.7,"F",39.7,30,58.1,60,7,1,2,0,NA,0,8.4,14.4,1,3.6,0,2,0,0,1,1,0,0,0,0,0,1,0,0,0,0,0,0,0.125,2,1,0,1,9,5,0,4,0.8,72,2,0,0,0,0.105,0,0.4,0,0,0.143,0,8,0,3,0,0
"D'ANGELO MAYES","UTAH ST",62,17.38,"F",44.9,43,68.8,48.6,2,0,0,0,NA,0,0,8.4,3,16.3,0,1,1,0,0,0,0,1,NA,1,0,0,0,0,1,0,0,0,0.333,0,0,1,0,7,7,0,4,0.571,59,3,0,0,0,0.026,0,0.429,0,0,0,0.333,3,0,5,0,0
"DEVIN RUTHERFORD","MO STATE",18,12.63,"F",49.9,43.9,61.9,65.7,0,0,0,0,NA,0,0,3.5,0,3.5,0,0,1,0,0,0,0,0,25,1,0,0,0,0,0,0,0,0,1,0,0,1,0,2,2,0,2,1,7,0,0,0,0,0,0,0,0,0,0,1,1,0,1,0,0
"AVERY JONES","N ILLINOIS",33,11.57,"F",47.1,46,62.6,52.9,2,0,0,0,NA,0,0,16.3,0,10.7,0,1,0,0,0,0,0,1,0,0,0,0,0,0,0,0,0,0,0,0,0,0,0,3,3,0,3,1,49,3,0,0,0,0.053,0,1,0,0,0,0,2,0,1,0,0
"TREY RUBINSTEIN","KENT STATE",28,10.88,"F",41.2,45.9,45,57,3,0,2,0,NA,0,2.5,8.3,0,-0.7,0,0,2,0,2,0,0,0,0,0,0,1,0,0,0,0,0,0,0.571,2,1,0,0,6,3,1,3,1,25,2,0,0,0,0,0,0.667,0,0,0.5,0.667,7,0,5,0,0
"TOBY BOLTON","GA STATE",31,8.99,"F",40.2,48.6,32.4,NA,1,0,0,0,NA,0,0,5.7,1,20.7,0,1,0,0,1,0,0,0,NA,0,0,0,0,0,0,0,0,0,0.5,0,0,0,0,4,2,0,1,0.333,17,1,0,0,0,0.083,0,0.333,0,0,1,0,2,0,1,0,0
"KAMERON CARTER","LA TECH",37,8.01,"F",50.1,52.6,47.2,NA,1,0,1,0,NA,0,0,10.8,1,7.8,1,1,2,0,1,0,0,1,NA,0,0,0,0,0,0,0,0,0,0.75,0,0,0,0,5,4,1,3,0.75,43,1,0,0,0,0.053,0,0.25,0,0,1,0.667,4,0,3,0,0
"CJ CLINKSCALES JR.","CHARLOTTE",20,7.63,"F",48.7,47.9,60.4,NA,1,0,0,0,NA,0,0,16.7,0,12,0,2,1,0,0,0,0,0,NA,0,0,0,0,0,0,0,0,0,0.5,0,0,0,0,3,3,0,3,1,50,2,0,0,0,0.154,0,0.667,0,0,0,0.5,2,0,2,0,0
"NICK SAWYER","BOWL GREEN",16,5.94,"F",31.5,46.3,30.7,NA,1,0,0,0,NA,0,0,0,0,0,0,0,0,0,1,0,0,0,NA,0,0,0,0,0,0,0,0,0,0.75,0,0,0,0,3,1,0,0,0,0,0,0,0,0,0,0,0,0,0,1,0,3,0,0,0,0
"IAN FOSTER","MEMPHIS",20,5.9,"F",52.2,51.5,60.5,59.1,0,0,0,0,NA,0,0,12.5,0,10.5,0,1,1,0,0,0,0,1,0,0,0,0,0,0,0,0,0,0,1,0,0,0,0,2,2,0,2,1,25,2,0,0,0,0.077,0,1,0,0,0,1,1,0,1,0,0
"TYRELL RUSSELL","TOLEDO",31,0,"F",30,29,62.6,NA,NA,0,0,0,NA,0,0,23.7,1,22.7,NA,1,NA,NA,NA,NA,0,2,NA,0,NA,NA,0,0,0,0,0,0,NA,NA,0,0,NA,3,3,0,2,0.667,71,2,0,0,0,0.077,0,0.667,0,0,NA,NA,NA,0,0,0,0
