"Name","Team","Defensive.Snaps","Composite_Score","Player_Grade","Defensive.Grades","Run.Defense.Grade","Pass.Rush.Grade","Coverage.Grade","Total.Tackles","Assistant","Stops","Run.Tackle.for.Losss.or.No.Gain","Assist.Tackles.on.Run.Plays","Missed.Tackles.on.Pass.Plays","Average.Depth.of.Tackle","Missed.Tackles.on.Run.Plays","Passer.Rating.Allowed","Receiving.Yards.Allowed.per.Snap","Pass.Rush.Productivity","Unblocked.Pass.Rush","Average.Depth.of.Target.per.Coverage","Assist.on.Pass.Plays","Yards.per.Reception.Allowed","Sacks","Pursuit.Pressure","Pass.Break.Up","Hits","Drops...Off.Targets.Receptions.Forced","Beaten.Defender","Plays.of.15..Yards.Allowed","Forced.Fumble","Lined.up.in.Press.Coverage","Pass.Tackle.for.Loss.or.No.Gain","Fumble.Recovery","Interceptions","Dropped.Int","Touchdowns.Allowed","Batted.Passes","Missed.Tackle.Percentage","Run.Stop","Pass.Stop","Tackle.for.Loss.or.No.Gain","Hurries","Total.Pressures.Generated","Assist.Tackles","Negative.Plays","Total.Negative.Plays","Total.Positive.Plays","Receptions.Allowed","Completion.Percentage.Allowed","Pass.Yards.Allowed","First.Downs.Allowed","Forced.Incompletions","Sacks.per.Throwaway","Open.Targets","X15..Yards.Allowed.Percentage","Percentage.of.Open.Targets","Percentage.of.First.Down.or.Touchdown.Allowed","Interceptions.per.Target.Coverage.Percentage","Receiving.Yards.per.Coverage.Target","Forced.Incompletion.Percentage","Missed.Tackle.Percentage.on.Run.Plays","Pass.Missed.Tackles.Percentage","Total.Tackle.Snaps","NFL.Sacks","First.Contact"
"CONOR MCPHERSON","LA LAFAYET",60,100,"A",72.2,80.3,84.9,51.6,13,4,7,3,3,0,0.8,1,97.9,1.61,30,0,6.5,1,9,1,1,0,1,1,0,1,0,NA,0,0,0,0,0,0,0.071,4,3,3,0,2,4,5,3,3,5,0.833,45,3,0,0,0,0.036,0,0.5,0,7.5,0,0.111,0,14,0,7
"KOLBE FIELDS","LA TECH",45,95.72,"A",87.1,68.7,63.9,91,12,4,7,2,3,0,1.5,1,95.8,1.5,16.7,0,3.3,1,7,1,0,0,0,0,0,0,1,NA,1,0,0,0,0,0,0.077,3,4,3,0,1,4,3,1,2,3,1,21,0,0,0,0,0,0,0,0,7,0,0.125,0,13,0,9
"SIONE HALA","S DIEGO ST",50,94.02,"A",90.1,87.3,NA,79.4,12,4,4,1,4,0,3.75,0,51.3,1,NA,1,2.4,0,9.5,0,0,2,0,0,0,0,0,NA,0,0,0,0,0,0,0,4,0,1,1,1,4,1,0,2,2,0.4,19,0,2,0,0,0,0,0,0,3.8,0.4,0,0,12,0,7
"JADON MAYFIELD","LA TECH",33,88.23,"A",85.3,68.1,74.1,84.3,10,3,7,1,2,0,1,0,79.2,0.18,25,0,-1.5,1,1,1,1,0,0,0,0,0,0,NA,1,1,0,0,0,0,0,4,3,2,0,1,3,2,0,4,2,1,2,0,0,0,0,0,0,0,0,1,0,0,0,10,0,7
"JACKSON FORREST","DOMINION",43,87.28,"A",76.5,62.2,80.5,71.2,9,2,5,2,2,0,3.33,0,79.2,0.14,6.3,1,-8,0,1,1,2,0,0,0,1,0,0,NA,0,0,0,0,0,0,0,4,1,2,2,3,2,4,0,2,1,1,1,0,0,0,0,0,0,0,0,1,0,0,0,9,0,7
"JARED LLOYD","MO STATE",68,87.04,"A",66.2,83.9,66.4,42.2,13,4,7,2,4,0,3.89,1,102.1,1.57,12.5,0,5.5,0,12,0,1,0,0,1,0,1,0,NA,0,0,0,0,0,1,0.071,7,0,2,1,1,4,8,4,1,3,0.75,36,3,0,0,0,0.043,0,0.75,0,9,0,0.071,0,14,0,9
"ASHER CUNNINGHAM","UTAH ST",59,85.15,"A",79.8,72.5,67.4,77.5,8,1,6,1,1,0,2.5,0,0,0,0,0,0,0,0,0,2,1,1,0,0,0,0,NA,0,0,0,0,0,0,0,5,1,1,2,3,1,1,0,3,0,0,0,0,1,0,0,0,0,0,0,0,0,0,0,8,0,6
"ZAVIER HAMILTON","USF",39,85.01,"A",73.9,74.3,66.2,66.2,5,1,3,3,0,0,-1.33,0,91,1.33,37.5,2,5.3,1,12,0,0,1,0,0,0,0,0,NA,0,0,0,0,0,0,0,3,0,3,4,4,1,3,2,2,2,0.667,24,2,1,0,0,0,0,0.667,0,8,0.333,0,0,5,0,5
"JUSTYCE BETTS","W MICHIGAN",16,84.88,"A",85.5,90.1,57.7,60.3,6,2,4,2,2,0,0.25,0,0,0,0,0,0,0,0,0,0,0,0,0,0,0,0,NA,1,0,0,0,0,0,0,3,1,3,0,0,2,0,0,0,0,0,0,0,0,0,0,0,0,0,0,0,0,0,0,6,0,3
"DONELIUS JOHNSON","AKRON",44,83.09,"A",77.2,74.1,58.8,72.8,14,4,4,1,4,0,4.67,1,0,0,0,0,0,0,0,0,0,0,0,0,0,0,0,NA,1,0,0,0,0,0,0.067,3,1,2,0,0,4,4,0,1,0,0,0,0,0,0,0,0,0,0,0,0,0,0.091,0,15,0,7
"WALKER O'STEEN","JVILLE ST",49,82.96,"A",80.8,70.8,62.8,80.1,13,4,4,1,3,1,5,0,97.9,0.65,6.3,0,0,1,7.5,0,1,1,1,0,0,0,0,NA,0,0,0,1,0,0,0.133,1,3,1,2,3,4,3,2,4,2,1,15,1,1,0,2,0,1,0.5,0,7.5,0.5,0,0.143,15,0,7
"NAKIAN JACKSON","JAMES MAD",67,80.83,"A",72.4,65.4,59.5,76,14,5,6,0,5,0,5,3,0,0,12.5,1,0,0,0,0,0,0,0,0,0,0,0,NA,0,0,0,0,0,0,0.176,4,2,0,2,2,5,4,0,1,0,0,0,0,0,0,0,0,0,0,0,0,0,0.2,0,16,0,9
"TYWON CHRISTOPHER","KENNESAW",64,79.76,"B",63.6,76.9,65.9,55.2,11,3,5,2,1,0,3.25,0,89.6,0.34,0,0,0,2,5.5,0,1,0,0,0,0,0,0,NA,1,0,0,0,0,0,0,3,2,3,1,1,3,5,3,2,2,1,11,0,0,0,2,0,1,0,0,5.5,0,0,0,11,0,8
"KADIN SCHMITZ","CHARLOTTE",63,78.3,"B",57.7,61.6,63,53.7,11,4,5,3,2,0,3.6,1,101.8,2.11,8.3,0,1.9,2,9.8,0,0,1,0,0,0,1,0,NA,0,0,0,0,0,0,0.083,4,1,3,1,1,4,8,4,2,6,0.857,59,3,1,0,0,0.036,0,0.429,0,8.4,0.143,0.125,0,12,0,6
"GARY RUTHERFORD","WYOMING",44,78.11,"B",77.7,79.5,59,60.8,11,6,1,0,6,0,6.2,0,0,0,0,0,0,0,0,0,0,0,0,0,0,0,0,NA,0,0,0,0,0,0,0,1,0,0,0,0,6,3,0,0,0,0,0,0,0,0,0,0,0,0,0,0,0,0,0,11,0,9
"TERRENCE COOKS II","TEXAS ST",51,77.85,"B",71.7,76.4,51.3,69.4,10,5,5,1,3,1,0.33,0,93.1,0.79,5.6,0,4,2,6.3,0,1,0,0,0,0,1,0,NA,1,0,0,0,0,0,0.091,3,2,2,1,1,5,3,2,3,3,1,19,0,0,0,0,0.042,0,0,0,6.3,0,0,0.2,11,0,5
"K'VION THUNDERBIRD","FRESNO ST",64,76.03,"B",79.9,73.7,74.2,75.1,10,4,4,0,3,0,2,2,91.7,0.16,25,0,6,1,6,2,2,0,0,0,0,0,0,NA,0,0,0,0,0,0,0.167,2,2,0,0,2,4,2,0,3,1,1,6,0,0,0.5,0,0,0,0,0,6,0,0.25,0,12,0,4
"DAX COLLINS","TULSA",35,73.71,"B",85.7,82.4,63.6,74.4,4,3,1,0,3,0,2,0,39.6,0,8.3,0,8,0,0,0,0,1,0,2,0,0,0,NA,0,0,0,1,0,0,0,1,0,0,1,1,3,0,0,1,0,0,0,0,1,0,0,0,0,0,0,0,0.333,0,0,4,0,2
"DERRELL FARRAR","LIBERTY",40,73.66,"B",71.7,79.2,41.2,70.3,7,6,1,1,5,2,-2,0,0,0,0,0,0,1,0,0,1,1,0,0,0,0,0,NA,0,0,0,0,0,0,0.222,1,0,1,1,1,6,3,2,0,0,0,0,0,0,0,0,0,0,0,0,0,0,0,0.667,9,0,3
"CASHMIRE LEWIS","BOWL GREEN",27,73.54,"B",67.3,59.6,73.7,63.4,6,1,3,1,1,0,5,0,0,0,50,1,0,0,0,1,2,0,0,0,0,0,0,NA,0,0,0,0,0,0,0,1,2,1,2,3,1,2,0,1,0,0,0,0,0,0,0,0,0,0,0,0,0,0,0,6,0,4
"JAYDON HOOD","GA STATE",57,73.37,"B",57.2,61.6,59.7,51,13,3,5,2,3,0,6.1,2,56.3,-0.07,0,0,1.5,0,-1,0,0,0,0,0,0,0,0,NA,0,0,0,0,0,0,0.133,5,0,2,0,0,3,7,1,0,1,0.5,-1,0,1,0,1,0,0.5,0,0,-0.5,0.5,0.133,0,15,0,7
"DARION WHITE","UTSA",46,73.37,"B",75.6,69.7,70.7,69.7,7,4,0,0,2,0,0,1,0,0,30,2,0,3,0,0,2,0,1,0,0,0,0,NA,0,0,0,0,0,0,0.125,0,0,0,3,4,5,1,0,1,0,0,0,0,0,0,0,0,0,0,0,0,0,0.333,0,8,0,4
"AYDEN JONES","TEXAS ST",41,72.82,"B",91.2,85.9,53.7,90.7,6,2,3,1,1,1,3.33,0,56.3,0,0,0,-2.5,1,0,0,0,1,0,0,0,0,1,NA,0,0,0,0,0,0,0.143,2,1,1,0,0,2,1,1,2,1,0.5,0,0,1,0,0,0,0,0,0,0,0.5,0,0.333,7,0,3
"MICHAEL MOLNAR","OHIO",74,72.38,"B",60.7,47.1,54.8,78.4,17,6,5,0,4,0,9.29,1,0,0,0,0,0,2,0,0,0,0,0,0,0,0,0,NA,1,0,0,0,0,0,0.056,3,2,1,0,0,6,10,1,2,0,0,0,0,0,0,0,0,0,0,0,0,0,0.083,0,18,0,5
"EJ SMITH","NEVADA",71,71.19,"B",68.1,76.1,73.8,52.5,12,2,6,1,2,0,4.63,0,153.5,1.13,25,1,9.7,0,11.3,1,0,0,0,0,0,1,0,NA,0,0,0,0,1,1,0,5,1,1,0,1,2,5,2,0,3,1,34,2,0,0,0,0.033,0,0.667,0,11.3,0,0,0,12,0,12
"DYLAN LEE","S JOSE ST",70,71.16,"B",66.4,74.9,66.2,54.6,13,4,5,1,3,1,4,1,73.8,0.87,12.5,0,8.6,1,8.7,0,0,0,0,2,0,1,0,NA,0,0,0,0,0,0,0.133,5,0,1,1,1,4,7,3,0,3,0.6,26,1,0,0,0,0.033,0,0.2,0,5.2,0,0.091,0.25,15,0,5
"ROBERT STEVENS III","ARK STATE",66,70.44,"B",74.3,74.3,56.2,70.4,12,2,7,2,1,1,2.57,2,118.3,2.21,0,0,7,1,15.5,0,0,1,0,0,0,2,0,NA,0,0,0,1,0,0,0.2,5,2,2,0,0,2,4,2,3,4,0.8,62,2,1,0,0,0.071,0,0.4,0,12.4,0.2,0.2,0.2,15,0,9
"DASH BAUMAN","WYOMING",54,70.32,"B",71,66.6,60,74.7,14,4,4,1,4,0,7,2,89.6,1.83,0,0,2,0,5.5,0,0,0,0,0,0,0,0,NA,0,0,0,0,0,0,0.125,3,1,1,0,0,4,7,0,1,2,1,11,0,0,0,2,0,1,0,0,5.5,0,0.154,0,15,0,9
"BRANDON TUCKER","UTSA",36,69.89,"B",67,78.8,78.5,48.8,10,2,5,1,1,0,2.2,1,108.3,0.95,50,1,5.5,1,10,1,1,0,1,0,0,0,0,NA,0,0,0,0,0,0,0.091,4,1,1,0,2,2,5,3,1,2,1,20,2,0,0,0,0,0,1,0,10,0,0.143,0,11,0,7
"COBY OWENS","GA STATE",54,69.73,"B",66,56,59.6,76.9,8,3,5,1,2,0,1.8,1,39.6,0,0,0,4,1,0,0,0,0,0,1,0,0,0,NA,0,0,0,0,0,0,0.111,5,0,1,0,0,3,5,0,2,0,0,0,0,1,0,0,0,0,0,0,0,1,0.125,0,9,0,5
"ASHTON TAYLOR","MIDDLE TN",53,69.65,"B",71.5,79.6,59.5,60.1,9,2,2,2,2,0,5.4,0,118.8,0.57,0,0,10,0,13,0,0,0,0,0,0,0,0,NA,0,0,0,0,0,0,0,2,0,2,0,0,2,2,1,0,1,1,13,1,0,0,0,0,0,1,0,13,0,0,0,9,0,5
"COLE NILLES","TEXAS ST",19,69.12,"B",76.3,80.9,55.9,64.8,7,3,2,0,3,0,3.33,0,0,0,16.7,1,0,0,0,0,0,0,0,0,0,0,0,NA,0,0,0,0,0,0,0,1,1,0,1,1,3,0,0,0,0,0,0,0,0,0,0,0,0,0,0,0,0,0,0,7,0,4
"ISAAC PRINCE","TOLEDO",22,68.63,"B",77.6,80.6,55.2,62.7,4,0,3,2,0,0,2.5,0,0,0,0,0,0,0,0,0,0,0,0,0,0,0,0,NA,0,0,0,0,0,0,0,3,0,2,0,0,0,0,0,0,0,0,0,0,0,0,0,0,0,0,0,0,0,0,0,4,0,3
"KEVON MERRELL","E CAROLINA",36,68.32,"B",71.9,78.1,59.4,64.5,4,1,2,1,1,0,14.67,0,39.6,0,0,0,23.5,0,0,0,0,0,0,1,0,0,0,NA,0,0,0,0,0,0,0,2,0,1,0,0,1,1,1,1,0,0,0,0,1,0,0,0,0,0,0,0,0.5,0,0,4,0,2
"NASERI DANIELSON","S JOSE ST",68,67.42,"B",77,72.3,64.6,73.9,9,2,4,0,1,0,3.5,0,0,0,16.7,1,0,1,0,0,0,0,0,0,0,0,0,NA,0,0,0,0,0,0,0,2,2,0,1,1,2,1,0,1,0,0,0,0,0,0,0,0,0,0,0,0,0,0,0,9,0,5
"ALONZO JACKSON JR.","LA TECH",70,66.69,"B",72.1,81.5,54,60.4,11,4,2,0,4,2,4.6,0,83.3,0.17,16.7,2,-1,0,4,0,0,0,0,0,0,0,0,NA,0,0,0,0,0,0,0.154,2,0,0,3,3,4,2,1,0,1,1,4,0,0,0,0,0,0,0,0,4,0,0,0.5,13,0,3
"ZAKYE BARKER","N TEXAS",52,66.28,"B",76.4,75.8,55.9,70.7,10,3,2,0,3,0,6.17,0,39.6,0,0,0,-1,0,0,0,0,0,0,1,0,0,0,NA,0,0,0,0,0,0,0,2,0,0,0,0,3,1,0,1,0,0,0,0,0,0,0,0,0,0,0,0,0,0,0,10,0,3
"CHRIS THOMPSON JR.","TULSA",33,65.83,"B",75.2,73.3,72.3,65,5,1,3,1,1,0,2.67,0,39.6,0,0,0,-6,0,0,0,0,0,0,1,0,0,0,NA,0,0,0,0,0,1,0,2,1,1,0,0,1,0,0,0,0,0,0,0,0,0,0,0,0,0,0,0,0,0,0,5,0,4
"COLTON PHARES","APP STATE",42,65.58,"B",75.1,79.3,60.8,66.6,6,0,3,1,0,0,0.67,0,79.2,0.1,20,1,-2,0,2,0,1,0,0,0,0,0,0,NA,0,0,0,0,0,0,0,2,1,1,2,2,0,0,0,0,1,1,2,0,0,0,0,0,0,0,0,2,0,0,0,6,0,6
"QUAN RHODES-MCKEE","KENT STATE",35,65.53,"B",59.8,66.5,55.1,53.9,6,1,5,2,1,1,0.8,0,0,0,10,1,0,0,0,0,0,0,0,0,0,0,0,NA,0,0,0,0,0,0,0.143,5,0,2,1,1,1,5,1,0,0,0,0,0,0,0,0,0,0,0,0,0,0,0,1,7,0,5
"GAVIN FORSHA","BALL ST",37,65.49,"B",69.9,62.8,74.2,66.6,6,3,2,0,2,0,4,1,0,0,0,0,0,1,0,1,2,0,1,0,0,0,0,NA,0,0,0,0,0,0,0.143,1,1,0,0,2,3,2,0,1,0,0,0,0,0,1,0,0,0,0,0,0,0,0.2,0,7,0,3
"TREY MCDONALD","MEMPHIS",22,65.45,"B",84.1,81.2,60,73,5,2,2,1,1,0,1,0,79.2,0.3,0,0,3,1,3,0,0,0,0,0,0,0,0,NA,0,0,0,0,0,0,0,1,1,1,0,0,2,1,0,1,1,1,3,0,0,0,0,0,0,0,0,3,0,0,0,5,0,3
"GAVIN SELL","N DAK ST",42,65.36,"B",62,68.2,70.1,50.7,6,1,3,2,1,0,0.75,1,NA,NA,0,0,NA,0,NA,0,0,0,0,NA,1,NA,1,NA,0,0,NA,0,NA,0,0.143,3,0,2,0,0,1,4,NA,NA,NA,NA,NA,NA,NA,NA,NA,NA,NA,NA,NA,NA,NA,0.167,0,7,0,4
"JULIAN FOX","TOLEDO",62,65.24,"B",71.1,58.1,91.5,67.3,7,3,2,0,2,0,17.33,1,0,0,10,1,0,1,0,0,0,0,0,0,1,0,0,NA,0,0,0,0,0,0,0.125,2,0,0,2,2,3,4,0,1,0,0,0,0,0,0,0,0,0,0,0,0,0,0.167,0,8,0,3
"GANNON WEATHERSBY","JAMES MAD",39,65.17,"B",71.1,72.6,57.6,64.1,6,4,1,0,4,0,6.5,0,39.6,0,0,0,4,0,0,0,0,0,0,1,0,0,0,NA,0,0,0,0,0,0,0,1,0,0,0,0,4,1,0,0,0,0,0,0,0,0,0,0,0,0,0,0,0,0,0,6,0,3
"GARRETT HAWKINS","UTEP",56,64.45,"B",68.7,68.2,59,65.4,7,3,2,1,2,0,3.25,1,104.2,0.36,0,1,11,1,9,0,0,0,0,0,0,0,0,NA,0,1,0,0,0,0,0.125,2,0,1,1,1,3,4,1,1,1,1,9,0,0,0,0,0,0,0,0,9,0,0.143,0,8,0,6
"DICKSON AGU","TULANE",59,64.32,"B",75.9,76.4,66.2,66.9,8,4,1,0,4,0,8,0,89.6,0.46,0,0,5,0,5.5,0,0,0,0,0,1,0,0,NA,0,0,0,0,0,0,0,1,0,0,0,0,4,2,0,1,2,1,11,0,0,0,0,0,0,0,0,5.5,0,0,0,8,0,5
"JAYDEN WILSON","UTEP",45,64.22,"B",69.9,71.9,66,60.3,7,1,2,1,1,0,6.25,0,0,0,NA,0,0,0,0,0,0,0,0,0,0,0,0,NA,0,0,0,0,0,0,0,2,0,1,1,1,1,3,1,1,0,0,0,0,0,0,0,0,0,0,0,0,0,0,0,7,0,3
"FATA PULOKA","SACRAMENTO",57,64.04,"B",58.3,65.6,60.3,54.8,7,0,5,2,0,0,4.14,1,NA,NA,3.3,0,NA,0,NA,0,0,0,0,NA,1,NA,0,NA,0,0,NA,0,NA,0,0.125,5,0,2,1,1,0,6,NA,NA,NA,NA,NA,NA,NA,NA,NA,NA,NA,NA,NA,NA,NA,0.125,0,8,0,5
"JAXTON ECK","NEW MEXICO",52,63.2,"B",63.7,69.3,59.5,57.1,7,1,4,1,1,2,3.75,0,79.2,0.17,25,3,-3,0,3,0,0,0,0,0,0,0,0,NA,0,0,0,0,0,0,0.222,1,3,1,4,4,1,6,2,1,1,1,3,0,0,0,0,0,0,0,0,3,0,0,0.4,9,0,5
"TANO LETULI","S DIEGO ST",75,63.14,"B",75.5,78.3,NA,68,8,1,5,1,1,0,2.5,0,106.9,0.91,NA,0,5.7,0,9.7,0,0,0,0,0,0,1,0,NA,0,0,0,0,0,0,0,4,1,1,0,0,1,2,1,1,3,1,29,1,0,0,0,0.031,0,0.333,0,9.7,0,0,0,8,0,7
"CURLY ORDONEZ","TEMPLE",66,63.14,"B",69.5,73.7,57.5,64.3,13,2,6,0,2,0,4,0,93.1,0.95,0,0,4.3,0,7.6,0,0,1,0,0,0,1,0,NA,1,0,0,0,0,0,0,4,2,1,0,0,2,5,4,3,5,0.833,38,3,1,0,0,0.025,0,0.5,0,6.3,0.167,0,0,13,0,10
"KOA NAOTALA","DOMINION",27,62.65,"B",74.5,63,54.8,80.4,5,3,2,0,3,0,0,1,0,0,0,1,0,0,0,0,0,0,0,0,0,0,0,NA,1,0,0,0,0,0,0.167,0,2,1,1,1,3,2,0,2,0,0,0,0,0,0,0,0,0,0,0,0,0,0.25,0,6,0,2
"GAVIN WILLIS","CHARLOTTE",75,62.33,"B",62.3,67.5,65.6,54.1,9,4,4,0,4,1,2.5,2,42.4,0,0,1,7.7,0,0,0,0,0,0,2,2,0,0,NA,1,0,0,0,0,0,0.25,3,1,1,1,1,4,5,3,1,1,0.333,0,0,0,0,0,0,0,0,0,0,0,0.2,0.5,12,0,7
"JAYDEN FLAKER","NEW MEXICO",25,62.01,"B",73.2,81.8,66.9,56.9,5,2,2,1,1,0,-1.5,0,102.1,3.4,25,0,5.5,1,8.5,0,0,0,0,0,0,0,0,NA,0,0,0,0,0,0,0,2,0,1,1,1,2,1,1,0,2,1,17,0,0,0,0,0,0,0,0,8.5,0,0,0,5,0,3
"JORDAN WILLIAMS","S ALABAMA",61,61.7,"B",60.2,63.3,58.9,58.6,9,5,1,0,4,0,0,0,85.4,0.27,0,0,1,1,4.5,0,1,0,0,0,0,0,0,NA,0,0,0,0,0,0,0,0,1,0,2,2,5,4,2,1,2,1,9,1,0,0,0,0,0,0.5,0,4.5,0,0,0,9,0,4
"DILLON MOORE","W MICHIGAN",47,61.65,"B",66,66,NA,62.9,10,2,4,1,2,0,2.75,0,91.7,0.86,NA,0,4.3,0,6,0,0,0,0,0,0,0,0,NA,0,0,0,0,0,0,0,2,2,1,0,0,2,5,1,0,3,1,18,1,0,0,0,0,0,0.333,0,6,0,0,0,10,0,7
"DEAN FORD","SM HOUSTON",35,61.5,"B",77.3,70.6,56.1,78.3,7,2,5,0,2,0,2.67,1,79.2,0.09,0,1,1,0,1,0,0,0,0,0,0,0,0,NA,0,0,0,0,0,0,0.125,3,2,0,1,1,2,2,0,2,1,1,1,0,0,0,1,0,1,0,0,1,0,0.167,0,8,0,4
"ISAIAH HUNG","WASH STATE",39,61.18,"B",75.2,70.6,67.1,69.7,3,1,2,1,1,0,-0.5,1,39.6,0,16.7,1,-3,0,0,0,0,1,0,0,0,0,0,NA,0,0,0,0,0,0,0.25,2,0,1,1,1,1,2,0,0,0,0,0,0,0,0,0,0,0,0,0,0,0,0.25,0,4,0,3
"JASHAWN NELSON","N ILLINOIS",32,61.1,"B",68.7,54.7,61.8,72,7,2,4,1,1,0,-1,0,118.8,0.38,14.3,1,4,1,3,1,0,0,0,0,0,0,0,NA,0,0,0,0,1,0,0,1,3,1,0,1,2,3,1,2,2,1,6,1,0,0,0,0,0,0.5,0,3,0,0,0,7,0,5
"JOE DREW","ARK STATE",68,61.09,"B",74.1,76.6,56,67.4,14,3,3,0,2,1,4.75,0,70.1,0.27,0,0,-1.3,1,4,0,0,0,0,1,0,0,0,NA,0,0,0,0,0,0,0.067,3,0,0,0,0,3,2,1,1,2,0.667,8,0,0,0,0,0,0,0,0,2.7,0,0,0.2,15,0,10
"JAYLEN WESTER","W KENTUCKY",55,61,"B",80.7,73.1,64.5,78.9,9,3,3,0,3,1,4,0,102.1,0.77,12.5,0,0,0,8.5,0,0,0,0,0,0,1,1,NA,0,0,0,0,0,0,0.1,3,0,0,1,1,3,3,2,1,2,1,17,1,0,0,0,0.045,0,0.5,0,8.5,0,0,0.333,10,0,5
"COOPER KING","RICE",29,60.72,"B",77.3,69.1,69.3,72.1,7,2,4,0,2,0,5.75,1,81.3,0.7,25,0,2.5,0,3.5,0,0,0,1,0,0,0,0,NA,0,0,0,0,0,0,0.125,3,1,0,0,1,2,3,0,1,2,1,7,0,0,0,0,0,0,0,0,3.5,0,0.143,0,8,0,4
"JT HOOTEN","JAMES MAD",44,60.7,"B",65,77.4,66.5,49.7,5,1,3,0,1,0,4.5,0,36.3,2.59,50,2,7.7,0,11,1,0,0,1,2,0,1,0,NA,0,0,1,0,0,0,0,1,2,0,0,2,1,3,3,2,4,0.571,44,2,0,0,0,0.059,0,0.286,0.143,6.3,0,0,0,5,0,5
"COLIN GALLAGHER","DELAWARE",46,60.6,"B",67.3,78.1,53.3,56.5,8,2,4,1,2,0,0.67,0,118.8,1.75,0,0,7.5,0,14,0,0,0,0,0,0,1,1,NA,0,0,0,0,0,0,0,3,1,1,0,0,2,5,2,1,2,1,28,2,0,0,0,0.063,0,1,0,14,0,0,0,8,0,6
"BLAYNE MYRICK","MIAMI OH",59,59.92,"C",59.5,57.7,59.2,60.7,12,4,3,1,4,1,1.5,1,109.4,1.08,0,0,4.5,0,10.3,0,1,0,0,0,0,1,0,NA,0,0,0,0,0,0,0.143,1,2,1,1,1,4,6,2,0,4,1,41,2,0,0,0,0.026,0,0.5,0,10.3,0,0.143,0.143,14,0,8
"JACK GARBOLINO","BUFFALO",25,59.74,"C",69,71.1,60,61.9,3,0,2,1,0,0,3.67,0,0,0,50,1,0,0,0,0,0,0,0,0,0,0,0,NA,0,0,0,0,0,0,0,2,0,1,1,1,0,1,0,0,0,0,0,0,0,0,0,0,0,0,0,0,0,0,0,3,0,2
"NOAH FLEMMINGS","LA MONROE",52,59.73,"C",63.8,63.7,76.1,56.5,6,1,3,1,1,0,0,1,87.5,0.25,16.7,1,5,0,5,0,0,0,0,0,0,0,0,NA,0,0,0,0,0,0,0.143,3,0,1,2,2,1,4,0,1,1,1,5,0,0,0,0,0,0,0,0,5,0,0.167,0,7,0,6
"CINCEAR LEWIS","BALL ST",45,59.39,"C",63.5,60,60,65.4,8,6,1,0,5,0,5,2,79.2,0.1,0,0,0,1,2,0,0,0,0,0,0,0,0,NA,0,0,0,0,0,0,0.2,0,1,0,0,0,6,3,1,1,1,1,2,0,0,0,0,0,0,0,0,2,0,0.25,0,10,0,3
"JACK MURRAY","N ILLINOIS",57,59.36,"C",74.3,79,60.7,67.7,6,1,4,0,0,0,2,0,88.9,0.67,9.4,1,0.7,1,5.3,1,1,0,1,0,0,0,0,NA,0,0,0,0,0,0,0,3,1,0,0,2,1,0,0,0,3,1,16,1,0,0,0,0,0,0.333,0,5.3,0,0,0,6,0,5
"JESSE POWELL II","COAST CAR",50,59.19,"C",70.3,76.6,57.2,64.9,9,2,5,0,2,0,3.5,0,118.8,0.81,0,0,8,0,17,0,0,0,0,0,0,1,0,NA,1,0,0,0,0,0,0,3,2,1,0,0,2,1,1,1,1,1,17,1,0,0,0,0.048,0,1,0,17,0,0,0,9,0,6
"LOGAN STUDT","FRESNO ST",28,59.12,"C",70.5,66.5,71.6,64.6,2,0,2,0,0,0,12,0,39.6,0,100,0,16,0,0,1,1,0,0,0,0,0,0,NA,0,0,0,0,0,0,0,1,1,0,1,2,0,0,0,0,0,0,0,0,0,0,0,0,0,0,0,0,0,0,0,2,0,2
"KORD SHAW","OREGON ST",31,58.65,"C",72.6,76.6,56.3,65.8,8,3,1,0,3,0,6.75,0,83.3,0.57,0,0,1,0,4,0,0,0,0,0,0,0,0,NA,0,0,0,0,0,0,0,1,0,0,0,0,3,0,0,0,2,1,8,0,0,0,0,0,0,0,0,4,0,0,0,8,0,3
"KEITH BROWN","WASH STATE",37,58.49,"C",73.3,76.4,57.2,65,5,3,1,0,2,0,1.5,0,0,0,0,0,0,1,0,0,0,0,0,0,0,0,0,NA,0,0,0,0,0,0,0,1,0,0,0,0,3,1,0,0,0,0,0,0,0,0,0,0,0,0,0,0,0,0,0,5,0,2
"KARSON MOSS","KENNESAW",24,58.26,"C",67.3,50.1,NA,77.5,6,1,2,1,1,0,5.67,0,0,0,NA,0,0,0,0,0,0,0,0,0,0,0,1,NA,0,0,0,0,0,0,0,1,1,1,0,0,1,3,0,1,0,0,0,0,0,0,0,0,0,0,0,0,0,0,0,6,0,3
"BOEN PHELPS","BOISE ST",50,58.22,"C",67.6,85.6,52.5,53.5,7,1,5,1,2,1,2.75,1,118.8,1.56,12.5,1,-3.7,0,14,0,0,0,0,0,0,1,0,NA,0,0,0,0,0,0,0.222,4,1,1,1,1,2,4,2,0,3,1,42,1,0,0,0,0.037,0,0.333,0,14,0,0.143,0.5,9,0,4
"PARKER SHATTUCK","S ALABAMA",61,57.57,"C",52.4,56.7,69,46.1,6,2,3,0,2,0,5,0,106.3,0.61,18.2,2,11.5,0,9.5,1,1,0,1,0,0,1,0,NA,0,0,0,0,0,0,0,1,2,0,2,4,2,6,3,2,2,1,19,1,0,0,0,0.032,0,0.5,0,9.5,0,0,0,6,0,4
"HARRISON TAGGART","UTAH ST",25,57.52,"C",67.4,79.2,59.5,55,3,0,3,1,0,0,2,0,0,0,0,0,0,0,0,0,0,0,0,0,0,0,0,NA,0,0,0,0,0,0,0,3,0,1,0,0,0,1,1,0,0,0,0,0,0,0,0,0,0,0,0,0,0,0,0,3,0,3
"DORION JACKSON","TULANE",22,57.4,"C",64.4,62.8,58.6,63.8,3,2,1,1,2,0,-1,0,0,0,0,0,0,0,0,0,0,0,0,0,0,0,0,NA,0,0,0,0,0,0,0,1,0,1,0,0,2,1,0,0,0,0,0,0,0,0,0,0,0,0,0,0,0,0,0,3,0,0
"SAM ROBINSON","USF",40,57.2,"C",55.9,68.6,66.5,41.6,8,5,2,2,5,1,-0.33,1,158.3,8,14.3,0,5.3,0,40,0,0,0,0,0,0,3,0,NA,0,0,0,0,1,0,0.2,2,0,2,2,2,5,6,3,0,3,1,120,3,0,0,0,0.2,0,1,0,40,0,0.111,1,10,0,4
"GABE WELCH","W MICHIGAN",22,57.07,"C",63.3,62.5,60,61.7,3,2,1,0,2,0,1,0,0,0,0,0,0,0,0,0,2,0,0,0,0,0,0,NA,0,0,0,0,0,0,0,0,1,0,2,2,2,1,0,0,0,0,0,0,0,0,0,0,0,0,0,0,0,0,0,3,0,2
"CANNON LEWIS","MARSHALL",62,56.91,"C",64.8,62.7,70.7,66.2,7,0,3,0,0,1,4.67,0,0,0,30,2,0,0,0,0,1,0,2,0,0,0,0,NA,0,0,0,0,0,0,0.125,3,0,0,2,4,0,5,1,0,0,0,0,0,0,0,0,0,0,0,0,0,0,0,0.5,8,0,6
"DREW ESPER","C MICHIGAN",29,56.27,"C",63.1,74.3,46,58.3,3,2,1,1,2,1,-1,0,39.6,0,25,1,15.5,0,0,0,0,0,0,2,0,0,0,NA,0,0,0,0,0,0,0.25,1,0,1,1,1,2,2,1,0,0,0,0,0,0,0,2,0,1,0,0,0,0,0,1,4,0,2
"MATHIS HAYGOOD","SO MISS",55,55.56,"C",61.4,73,NA,49.9,7,1,2,2,1,0,2.75,0,109,1.42,NA,0,6.3,0,18.5,0,0,0,0,1,0,2,0,NA,0,0,0,0,0,0,0,2,0,2,0,0,1,4,2,0,2,0.667,37,2,0,0,3,0.077,1,0.667,0,12.3,0,0,0,7,0,6
"BRETT MCCALLA","C MICHIGAN",49,55.5,"C",65,53,55.6,72.1,5,1,2,1,1,0,2.67,1,52.1,0.57,10,1,9.7,0,16,0,0,2,0,0,0,1,0,NA,0,0,0,0,0,0,0.167,2,0,1,1,1,1,4,1,2,1,0.333,16,1,2,0,1,0.036,0.333,0.333,0,5.3,0.667,0.2,0,6,0,4
"BRIAN BATES JR.","SM HOUSTON",40,55.14,"C",66.1,61.1,69.4,63.4,5,1,2,1,1,0,1.25,0,83.3,0.8,14.3,0,-2.5,0,4,0,0,0,1,0,0,0,0,NA,0,0,0,0,0,0,0,2,0,1,1,2,1,5,0,0,2,1,8,0,0,0,2,0,1,0,0,4,0,0,0,5,0,3
"BLAKE MATTHEWS","DELAWARE",50,54.64,"C",70.1,71.7,59.2,68,5,2,3,0,1,1,2,0,116.7,0.8,10.7,1,7,1,12,1,1,0,0,0,0,0,1,NA,0,0,0,0,0,0,0.167,1,2,0,1,2,2,1,1,0,1,1,12,1,0,0,0,0,0,1,0,12,0,0,0.25,6,0,3
"MANA TUIOTI","BOISE ST",16,54.58,"C",68.1,65.1,65.5,62.3,2,0,1,0,0,0,15,0,0,0,33.3,1,0,0,0,1,1,0,0,0,0,0,0,NA,0,0,0,0,0,0,0,0,1,0,1,2,0,0,0,0,0,0,0,0,0,0,0,0,0,0,0,0,0,0,0,2,0,0
"MIKE MONTGOMERY","MEMPHIS",32,54.55,"C",74.4,68.4,73.4,66.4,4,3,0,0,2,0,0,0,39.6,0,0,0,2,1,0,0,0,0,0,1,2,0,0,NA,0,0,0,0,0,0,0,0,0,0,0,0,3,1,0,0,0,0,0,0,0,0,0,0,0,0,0,0,0,0,0,4,0,2
"DILLANO GLAUD","LIBERTY",21,54.52,"C",82.1,65.7,NA,84.1,3,0,2,0,0,0,4.5,0,39.6,0,NA,0,10,0,0,0,0,1,0,0,0,0,0,NA,0,0,0,0,0,0,0,1,1,0,0,0,0,1,0,2,0,0,0,0,1,0,0,0,0,0,0,0,1,0,0,3,0,1
"DONOVAN WOOLEN","N DAK ST",43,54.12,"C",80.8,60.1,93,65.4,1,0,1,1,0,0,-1,1,NA,NA,8.3,2,NA,0,NA,0,0,0,2,NA,2,NA,0,NA,0,0,NA,0,NA,0,0.5,1,0,1,0,2,0,1,NA,NA,NA,NA,NA,NA,NA,NA,NA,NA,NA,NA,NA,NA,NA,0.5,0,2,0,4
"JACKSON BARKER","E CAROLINA",50,54.1,"C",54.9,43.3,58,71,5,1,4,2,1,0,4.67,3,56.3,0.27,0,0,6.5,0,4,0,0,0,0,1,0,0,0,NA,0,0,0,0,0,0,0.375,3,1,2,0,0,1,6,0,1,1,0.5,4,0,0,0,0,0,0,0,0,2,0,0.429,0,8,0,5
"TYTUS KHAJAVI","FRESNO ST",47,54,"C",72.2,87.1,68.3,53.8,7,1,4,0,1,0,2,0,85.4,0.74,0,0,3.3,0,10,0,0,0,0,1,1,0,0,NA,0,0,0,0,0,0,0,4,0,0,0,0,1,2,2,0,2,0.667,20,2,0,0,0,0,0,0.667,0,6.7,0,0,0,7,0,3
"ETHAN POWELL","S JOSE ST",47,53.98,"C",69.9,75.4,55.6,63.9,2,0,1,1,0,0,1.5,0,0,0,0,0,0,0,0,0,0,0,0,0,0,0,0,NA,0,0,0,0,0,0,0,1,0,1,0,0,0,0,0,0,0,0,0,0,0,0,0,0,0,0,0,0,0,0,0,2,0,3
"JOSIAH TAYLOR","FIU",32,53.82,"C",61.9,66,60,57.1,6,3,0,0,3,0,5.5,0,104.2,0.6,50,1,-3,0,9,0,0,0,0,0,0,0,0,NA,0,0,0,0,0,0,0,0,0,0,1,1,3,2,1,0,1,1,9,0,0,0,0,0,0,0,0,9,0,0,0,6,0,2
"ALEX MITCHELL","APP STATE",34,53.66,"C",63.4,57.8,57,67.2,4,2,2,0,2,0,2,0,39.6,0,0,0,11,0,0,0,0,0,0,1,0,0,1,NA,0,0,0,0,0,0,0,1,1,0,0,0,2,4,1,1,0,0,0,0,0,0,0,0,0,0,0,0,0,0,0,4,0,2
"MYLES BUTLER","JVILLE ST",34,53.58,"C",52.9,66.8,68.5,39.6,10,4,2,0,4,0,2.67,0,98.6,1.53,0,0,0.3,0,7.7,0,0,0,0,0,0,0,0,NA,0,0,0,0,0,0,0,2,0,0,1,1,4,5,3,1,3,1,23,1,0,0,3,0,1,0.333,0,7.7,0,0,0,10,0,5
"MAKAI WILLIAMS","TULANE",54,53.44,"C",69.3,68.2,60.2,66.6,5,1,2,1,1,0,2,1,56.3,0.32,0,0,4.5,0,3,0,0,0,0,0,1,0,0,NA,0,0,0,0,0,0,0.167,2,0,1,0,0,1,1,0,0,2,0.5,6,0,0,0,0,0,0,0,0,1.5,0,0.2,0,6,0,4
"JACK ELLISON","WASH STATE",20,53.25,"C",73.7,76.4,58.4,62.2,3,1,2,0,1,0,2,0,0,0,0,0,0,0,0,0,0,0,0,0,0,0,0,NA,0,0,0,0,0,0,0,2,0,0,0,0,1,0,0,0,0,0,0,0,0,0,0,0,0,0,0,0,0,0,0,3,0,2
"DJ JOHNSON JR.","E CAROLINA",51,52.43,"C",67.6,76.5,55.6,52.8,6,2,2,0,2,0,7,0,118.8,2.27,0,2,-1,0,25,0,0,0,0,0,0,1,0,NA,0,0,0,0,0,0,0,2,0,0,2,2,2,3,1,0,1,1,25,1,0,0,0,0.091,0,1,0,25,0,0,0,6,0,3
"XAVIER WHITE","C MICHIGAN",46,52.37,"C",64.7,65.6,60.6,62.5,9,0,5,0,0,2,5,1,100,1.82,21.4,3,5.4,0,10,0,1,0,1,1,0,1,1,NA,0,0,0,0,0,0,0.25,2,3,0,3,4,1,5,3,4,4,0.8,40,1,0,0,3,0.045,0.6,0.2,0,8,0,0.25,0.333,12,0,8
"JAKE ST. ANDRE","LA LAFAYET",60,52.08,"C",66.9,60.3,61,69.4,5,1,2,1,1,1,3,1,79.2,0.24,6.3,1,1,0,2,0,0,0,0,0,0,0,0,NA,1,0,0,0,0,0,0.286,1,1,2,1,1,1,4,1,2,3,1,6,0,0,0,0,0,0,0,0,2,0,0.25,0.333,7,0,5
"WESTEN ARD","W KENTUCKY",58,51.4,"C",58.1,52.5,56.2,66.2,9,4,3,1,2,0,4.75,2,118.8,1.25,0,0,11,2,25,0,0,0,0,0,0,1,0,NA,0,0,0,0,0,0,0.182,2,1,1,0,0,4,8,1,1,1,1,25,1,0,0,0,0.05,0,1,0,25,0,0.25,0,11,0,5
"PICKLE STEWART","FIU",24,51.32,"C",64.8,70.6,60,58.1,7,2,4,0,2,0,2.67,0,100,2.18,0,0,3.7,0,8,0,0,0,0,0,0,1,0,NA,0,0,0,0,0,0,0,3,1,0,0,0,2,2,1,0,3,1,24,1,0,0,0,0.091,0,0.333,0,8,0,0,0,7,0,5
"LEON HART JR.","FAU",66,51.13,"C",66,64.7,68.7,63.4,6,1,2,0,1,0,8,0,86.1,0.4,12.5,0,1.7,0,4.7,0,0,0,0,0,0,0,0,NA,1,0,0,0,0,0,0,1,1,1,1,1,1,4,1,1,3,1,14,1,0,0,0,0,0,0.333,0,4.7,0,0,0,6,0,4
"A.J. ODOM","BOWL GREEN",25,51.09,"C",59.4,68.9,57.7,53.2,2,0,2,1,0,0,2,0,0,0,0,0,0,0,0,0,0,0,0,0,0,0,0,NA,0,0,0,0,0,0,0,2,0,1,0,0,0,1,0,0,0,0,0,0,0,0,0,0,0,0,0,0,0,0,0,2,0,2
"STONE COMBS","RICE",45,51.03,"C",53.4,46.9,58.3,64.3,7,3,3,0,3,0,3,1,39.6,0,0,0,20,0,0,0,0,0,0,0,0,0,0,NA,0,0,0,0,0,0,0.125,3,0,0,0,0,3,7,0,0,0,0,0,0,0,0,0,0,0,0,0,0,0,0.125,0,8,0,4
"MALCOLM MCCAIN","MIAMI OH",77,50.99,"C",65.3,63.6,72.4,61.7,10,4,3,0,3,2,4.6,0,133.3,1.04,10,1,8.4,1,16.7,0,0,0,0,2,1,1,0,NA,0,0,0,0,1,0,0.167,3,0,0,1,1,4,9,3,1,3,0.6,50,3,0,0,0,0.021,0,0.6,0,10,0,0,0.5,12,0,5
"BRADLEY ILUNGA-BISSELELE","BUFFALO",26,50.51,"C",70.8,57,60,76.9,1,1,0,0,1,0,0,0,39.6,0,0,0,2,0,0,0,1,1,0,0,0,0,0,NA,0,0,0,0,0,0,0,0,0,0,1,1,1,2,0,1,0,0,0,0,1,0,0,0,0,0,0,0,1,0,0,1,0,0
"ALOSIO MALUIA","NEVADA",18,48.79,"C",70.9,72.3,58.4,64.7,3,1,1,0,0,0,3.5,0,0,0,0,0,0,1,0,0,0,0,0,0,0,0,0,NA,0,0,0,0,0,0,0,1,0,0,0,0,1,0,0,0,0,0,0,0,0,0,0,0,0,0,0,0,0,0,0,3,0,3
"OWEN PEWEE","UTSA",37,48.7,"C",63.7,72,71.6,48,7,0,3,0,0,1,4.33,0,88.9,1.6,11.1,1,-4.3,0,5.3,0,0,0,0,0,0,0,1,NA,1,0,0,0,0,0,0.125,1,2,1,2,2,0,3,2,1,3,1,16,1,0,0,0,0,0,0.333,0,5.3,0,0,0.25,7,0,5
"KOREY SMITH","MIDDLE TN",57,48.55,"C",54.6,67,NA,46.4,8,2,4,1,1,1,3.5,1,97.2,1.97,NA,0,5.7,1,14.3,0,0,0,0,2,0,2,0,NA,0,1,0,0,0,0,0.2,3,1,1,0,0,2,7,5,2,4,0.667,57,2,0,0,0,0.069,0,0.333,0,9.5,0,0.167,0.25,10,0,6
"JAVANTE MACKEY","TEXAS ST",24,48.41,"C",64.7,75.5,56.4,56.7,4,3,0,0,3,0,6,0,118.8,1.25,0,0,12,0,15,0,0,0,0,0,0,1,0,NA,0,0,0,0,0,0,0,0,0,0,0,0,3,2,1,0,1,1,15,1,0,0,0,0.083,0,1,0,15,0,0,0,4,0,2
"DOMANICK MOON","W MICHIGAN",47,48.41,"C",66.6,70,66.7,55.1,4,1,3,0,1,0,2.33,0,118.8,1.42,11.1,1,15,0,17,0,0,0,0,0,1,1,0,NA,0,0,0,0,0,0,0,3,0,0,2,2,1,4,1,0,1,1,17,1,0,0,0,0.083,0,1,0,17,0,0,0,4,0,3
"JOSEPH SIPP JR.","FAU",62,48.29,"C",60.6,83.7,66.1,46.4,7,1,5,0,1,1,2.67,0,118.8,0.97,12.5,0,11,0,18,0,0,0,0,0,0,1,0,NA,0,0,0,0,0,0,0.125,3,2,0,1,1,1,4,3,0,2,1,36,2,0,0,0,0.027,0,1,0,18,0,0,0.25,8,0,7
"AARON ALEXANDER","N TEXAS",46,48.16,"C",72.8,76.3,56.3,63.8,4,1,3,0,1,0,2.33,1,83.3,0.31,0,0,1,0,4,0,0,0,0,0,0,0,0,NA,0,0,0,0,0,0,0.2,3,0,0,0,0,1,1,0,0,1,1,4,0,0,0,0,0,0,0,0,4,0,0.2,0,5,0,2
"STEVIE BRACEY","BUFFALO",23,47.99,"C",64.1,71.5,63,53.8,3,1,2,0,1,0,1,0,102.1,1.55,NA,0,7.5,0,8.5,1,1,0,0,0,0,0,0,NA,0,0,0,0,0,0,0,1,1,0,0,1,1,1,1,0,2,1,17,0,0,1,2,0,1,0,0,8.5,0,0,0,3,0,2
"CADE LAW","E CAROLINA",16,47.8,"C",67.7,67.9,NA,63.1,2,2,0,0,1,0,0,0,0,0,NA,0,0,1,0,0,0,0,0,0,0,0,0,NA,0,0,0,0,0,0,0,0,0,0,0,0,2,1,0,0,0,0,0,0,0,0,0,0,0,0,0,0,0,0,0,2,0,0
"ROCCO NICHOLL","KENT STATE",33,47.73,"C",53.9,44.6,60,64.3,4,2,2,1,2,0,0,0,131.3,0.35,0,0,3,0,6,0,0,0,0,0,0,0,0,NA,1,0,0,0,1,0,0,1,1,2,0,0,2,5,1,1,1,1,6,1,0,0,0,0,0,1,0,6,0,0,0,4,0,2
"ALEX ROCHA","SACRAMENTO",59,47.41,"C",61.8,61.3,52.3,65,4,0,1,0,0,0,2,0,NA,NA,12.5,2,NA,0,NA,0,0,0,1,NA,0,NA,0,NA,0,0,NA,0,NA,0,0,1,0,0,1,2,0,4,NA,NA,NA,NA,NA,NA,NA,NA,NA,NA,NA,NA,NA,NA,NA,0,0,4,0,4
"MARCUS ROSS","LA MONROE",44,47.4,"C",72.7,67,58.1,72.6,6,1,1,0,0,0,4.5,1,0,0,0,0,0,1,0,0,0,0,0,0,0,0,0,NA,0,0,0,0,0,0,0.143,1,0,0,0,0,1,2,0,1,0,0,0,0,0,0,0,0,0,0,0,0,0,0.2,0,7,0,5
"MARCELLIUS PULLIAM","COAST CAR",55,47.36,"C",64.2,71.5,47.9,60.1,7,3,2,0,3,1,4.5,0,116.7,1.33,0,1,2.3,0,12,0,0,0,0,0,0,1,0,NA,0,0,0,0,0,0,0.125,2,0,0,1,1,3,4,2,0,3,1,36,1,0,0,0,0.037,0,0.333,0,12,0,0,1,8,0,3
"GAVIN MOUL","DELAWARE",48,46.88,"C",49.1,77.7,58.5,28.9,6,2,2,0,2,1,6,0,0,0,0,0,0,0,0,0,0,0,0,0,0,0,0,NA,0,1,0,0,0,0,0.143,2,0,0,0,0,2,4,3,0,0,0,0,0,0,0,0,0,0,0,0,0,0,0,1,7,0,6
"ZHERIC HILL","LA TECH",59,46.81,"C",64.7,59.2,54.1,82.3,4,1,3,0,0,0,3.5,1,0,0,0,0,0,1,0,0,0,0,0,0,1,0,0,NA,1,0,0,0,0,0,0.2,2,1,1,0,0,1,3,0,1,0,0,0,0,0,0,0,0,0,0,0,0,0,0.333,0,5,0,4
"DORIAN PRINGLE","BOWL GREEN",59,46.79,"C",46.2,49.8,60,47.9,14,3,4,0,3,0,8.25,3,81.3,0.85,0,0,6,0,8.5,0,0,0,0,1,0,0,0,NA,0,0,0,0,0,0,0.176,3,1,0,0,0,3,11,3,1,2,0.667,17,1,0,0,0,0,0,0.333,0,5.7,0,0.214,0,17,0,9
"JERRY WALL III","CHARLOTTE",18,46.69,"C",60.7,75,56.4,52.7,2,0,1,1,0,0,2,0,100,0.89,0,0,8,0,8,0,0,0,0,0,0,0,0,NA,0,0,0,0,0,0,0,1,0,1,0,0,0,1,1,0,1,1,8,0,0,0,0,0,0,0,0,8,0,0,0,2,0,2
"BRONSON OLEVAO JR.","UTAH ST",51,46.44,"C",66.7,65.2,60,64.7,3,0,1,1,0,0,0,0,118.8,1,0,0,9,0,12.5,0,1,0,0,0,0,1,0,NA,0,0,0,0,0,0,0,1,0,1,1,1,0,3,1,0,2,1,25,1,0,0,0,0.04,0,0.5,0,12.5,0,0,0,3,0,3
"AYDEN COMBS","LA TECH",16,46.06,"C",67.5,64,63.7,60,2,2,0,0,1,0,0,0,NA,NA,0,0,NA,1,NA,0,0,0,0,NA,1,NA,0,NA,0,0,NA,0,NA,0,0,0,0,0,0,0,2,0,NA,NA,NA,NA,NA,NA,NA,NA,NA,NA,NA,NA,NA,NA,NA,0,0,2,0,0
"TY ANDERSON","TULSA",15,45.39,"C",72.8,65.7,64.5,65.5,3,0,1,0,0,0,7,0,91.7,0.5,50,1,5,0,6,0,0,0,0,0,0,0,0,NA,0,0,0,0,0,0,0,1,0,0,1,1,0,0,0,0,1,1,6,1,0,0,0,0,0,1,0,6,0,0,0,3,0,3
"ISAIAH BOGERTY","UTEP",24,45.37,"C",45.7,62.5,60,37.9,5,3,0,0,3,0,8,0,62.5,1,0,0,8,0,9,0,0,0,0,1,0,0,0,NA,0,0,0,0,0,0,0,0,0,0,0,0,3,3,2,0,1,0.5,9,1,0,0,0,0,0,0.5,0,4.5,0,0,0,5,0,1
"MAYSON HITCHENS","C MICHIGAN",39,45.27,"C",46.3,60.9,53.3,44.2,6,3,2,0,2,0,4,1,39.6,0,0,0,2,1,0,0,0,0,0,1,0,0,0,NA,0,0,0,0,0,0,0.143,1,1,0,0,0,3,4,2,0,0,0,0,0,0,0,1,0,1,0,0,0,0,0.25,0,7,0,3
"RAFAEL TERRERO JR.","KENT STATE",30,44.94,"C",56.2,60,56.1,55.9,2,0,1,1,0,0,-3,0,71.5,0.91,0,1,5.7,0,5,0,0,0,0,1,0,0,0,NA,0,0,0,0,0,0,0,1,0,1,1,1,0,3,2,1,2,0.667,10,1,0,0,0,0,0,0.333,0,3.3,0,0,0,2,0,4
"SHAY SMITH","UTEP",19,44.75,"C",62.3,67.8,59.7,57.3,4,1,1,1,0,0,3,0,106.3,2.38,0,0,6.5,1,9.5,0,0,0,0,0,0,0,0,NA,0,0,0,0,0,0,0,1,0,1,0,0,1,2,1,0,2,1,19,2,0,0,0,0,0,1,0,9.5,0,0,0,4,0,1
"AIDAN VAUGHAN","LIBERTY",22,44.67,"C",65.8,66.5,57.7,63.7,1,1,0,0,1,0,0,0,0,0,0,0,0,0,0,0,0,0,0,0,0,0,0,NA,0,0,0,0,0,0,0,0,0,0,0,0,1,0,0,0,0,0,0,0,0,0,0,0,0,0,0,0,0,0,0,1,0,1
"DYLAN LAYNE","OREGON ST",37,44.5,"C",62,42.2,59.9,71.6,5,3,1,0,2,0,3,1,79.2,0,0,0,0,1,0,0,0,0,0,0,0,0,0,NA,1,0,0,0,0,0,0.167,0,1,1,0,0,3,3,0,1,1,1,0,0,0,0,0,0,0,0,0,0,0,0.25,0,6,0,3
"JJ CLAYTON","MEMPHIS",17,44.46,"C",68.4,66.1,59.2,66.1,3,0,1,0,0,0,4,0,0,0,0,0,0,0,0,0,0,0,0,0,0,0,0,NA,0,0,0,0,0,0,0,1,0,0,0,0,0,0,0,0,0,0,0,0,0,0,0,0,0,0,0,0,0,0,0,3,0,1
"ANDREW HINES III","BOWL GREEN",23,44.24,"C",65.4,65,NA,61,2,0,2,0,0,0,1.5,0,39.6,0,NA,0,6,0,0,0,0,0,0,1,0,0,0,NA,0,0,0,0,0,0,0,2,0,0,0,0,0,3,0,0,0,0,0,0,0,0,0,0,0,0,0,0,0,0,0,2,0,2
"DE'VEION MCLILLEY-BULO","DOMINION",20,44.15,"C",64.4,64.6,58.9,62.5,1,0,0,0,0,0,21,0,0,0,0,0,0,0,0,0,0,0,0,0,0,0,0,NA,0,0,0,0,0,0,0,0,0,0,0,0,0,0,0,0,0,0,0,0,0,0,0,0,0,0,0,0,0,0,0,1,0,0
"SAM STONE","TULSA",36,44.06,"C",65.3,68.8,67.3,55.9,7,0,4,0,0,1,5,1,112.5,0.79,20,0,-1,0,11,1,1,0,0,0,0,0,0,NA,0,0,0,0,0,0,0.222,3,1,0,0,1,0,3,1,0,1,1,11,0,0,0,0,0,0,0,0,11,0,0.143,0.5,9,0,8
"JASON HOCKER","AKRON",16,43.96,"C",66.1,61.9,67.5,60.8,2,1,0,0,1,0,2,0,0,0,0,0,0,0,0,0,0,0,0,0,1,0,0,NA,0,0,0,0,0,0,0,0,0,0,0,0,1,1,0,0,0,0,0,0,0,0,0,0,0,0,0,0,0,0,0,2,0,1
"ANTARRON TURNER","COLO STATE",22,43.62,"C",61.8,61.8,59.6,61,4,1,1,0,1,0,7.33,1,0,0,0,0,0,0,0,0,0,0,0,0,0,0,0,NA,0,0,0,0,0,0,0.2,1,0,0,0,0,1,4,0,0,0,0,0,0,0,0,0,0,0,0,0,0,0,0.2,0,5,0,3
"KESHAWN THOMAS","APP STATE",31,43.62,"C",57.3,73.3,50.3,56.1,3,1,2,0,1,1,2,0,118.8,1.64,11.5,2,4,0,18,0,1,0,0,0,0,1,0,NA,0,0,0,0,0,0,0.25,1,1,0,3,3,1,1,1,0,1,1,18,1,0,0,0,0.091,0,1,0,18,0,0,0.5,4,0,2
"IKE ESONWUNE","UAB",71,43.57,"C",54.7,59.7,63.7,47.9,11,3,3,0,3,0,4.4,3,97.2,1.16,0,0,3.3,0,7.3,0,0,0,0,0,1,0,0,NA,0,0,0,0,0,0,0.214,3,0,0,0,0,3,8,3,0,3,1,22,1,0,0,0,0,0,0.333,0,7.3,0,0.273,0,14,0,7
"BRENDEN REESE","N TEXAS",21,43.17,"C",67.7,66.9,59.3,63.6,2,0,1,0,0,0,1,0,0,0,0,0,0,0,0,0,0,0,0,0,0,0,0,NA,0,0,0,0,0,0,0,1,0,0,0,0,0,1,0,0,0,0,0,0,0,0,0,0,0,0,0,0,0,0,0,2,0,1
"RJ WHITTEN","OREGON ST",30,43.11,"C",70.9,62.4,59.7,71.7,2,0,0,0,0,0,0,0,0,0,0,0,0,0,0,0,0,0,0,0,0,0,0,NA,0,1,0,0,0,0,0,0,0,0,0,0,0,0,0,1,0,0,0,0,0,0,0,0,0,0,0,0,0,0,0,2,0,1
"TYLER LASSITER","SO MISS",16,42.99,"C",69.7,70.2,NA,61.5,1,0,0,0,0,0,3,0,0,0,NA,0,0,0,0,0,0,0,0,0,0,0,0,NA,0,0,0,0,0,0,0,0,0,0,0,0,0,0,0,0,0,0,0,0,0,0,0,0,0,0,0,0,0,0,0,1,0,2
"AVERY SLEDGE","SO MISS",40,42.87,"C",62.9,67.4,58,58.3,3,2,1,0,1,1,1,0,0,0,0,0,0,1,0,0,0,0,0,0,0,0,0,NA,0,0,0,0,0,0,0.25,1,0,0,0,0,2,2,1,0,0,0,0,0,0,0,0,0,0,0,0,0,0,0,0.5,4,0,1
"STEVEN PEREZ","WYOMING",23,42.64,"C",47.8,45.4,NA,60.9,5,2,2,0,2,0,5,1,0,0,NA,0,0,0,0,0,0,0,0,0,0,0,0,NA,0,0,0,0,0,0,0.167,2,0,0,0,0,2,5,0,0,0,0,0,0,0,0,0,0,0,0,0,0,0,0.167,0,6,0,4
"ZACH MOWCHAN","E MICHIGAN",62,42.4,"C",49.8,60.6,55.5,46.3,10,6,1,0,5,2,2.5,1,109.4,1.34,0,0,-0.8,1,14.3,0,0,0,0,1,0,1,0,NA,0,0,0,0,0,0,0.231,1,0,0,0,0,6,9,4,0,3,0.75,43,3,0,0,0,0.031,0,0.75,0,10.8,0,0.125,0.4,12,0,4
"LOGAN BRANTLEY","BOISE ST",31,42.34,"C",62.1,57,62.8,63.4,1,0,0,0,0,0,6,0,0,0,0,1,0,0,0,0,0,0,1,0,0,0,0,NA,0,0,0,0,0,0,0,0,0,0,0,1,0,2,0,1,0,0,0,0,0,0,0,0,0,0,0,0,0,0,0,1,0,1
"CARSON SLOAN","APP STATE",28,42.32,"C",70.8,81.2,52.7,60.8,3,1,2,0,1,1,2,0,106.3,1.9,8.3,0,0,0,9.5,0,1,0,0,0,0,1,0,NA,0,0,0,0,0,0,0.25,2,0,0,1,1,1,1,1,1,2,1,19,1,0,0,0,0.1,0,0.5,0,9.5,0,0,1,4,0,1
"DWIGHT NUNOO","AKRON",39,42.31,"C",66.6,63.7,56.5,66.4,6,0,4,0,0,1,3.4,0,77.1,-0.38,0,0,-2.3,0,-3,0,0,0,0,0,0,0,0,NA,1,0,0,0,0,0,0.143,3,1,1,0,0,0,3,1,1,3,0.75,-9,0,0,0,2,0,0.5,0,0,-2.3,0,0,0.5,7,0,5
"KEITH WILLIAMS","N DAK ST",25,42.24,"C",58.5,64,59.1,56.1,2,1,0,0,1,0,0,0,NA,NA,0,0,NA,0,NA,0,0,0,0,NA,0,NA,0,NA,0,0,NA,0,NA,0,0,0,0,0,0,0,1,2,NA,NA,NA,NA,NA,NA,NA,NA,NA,NA,NA,NA,NA,NA,NA,0,0,2,0,1
"LUKE HODGE","TROY",18,41.64,"C",61.8,56.7,65.2,61.7,1,0,1,0,0,0,0,0,70.1,0,16.7,1,3,0,0,0,0,0,0,1,0,0,0,NA,0,0,0,0,0,0,0,0,1,0,1,1,0,2,1,1,2,0.667,0,0,0,0,0,0,0,0,0,0,0,0,0,1,0,2
"JAYLEN KING","COLO STATE",22,40.74,"C",59.3,57.5,59.1,61.9,1,1,0,0,1,0,0,0,0,0,0,0,0,0,0,0,0,0,0,0,0,0,0,NA,0,0,0,0,0,0,0,0,0,0,0,0,1,2,0,0,0,0,0,0,0,0,0,0,0,0,0,0,0,0,0,1,0,1
"ISAAC ZAY","TOLEDO",71,40.68,"C",41.4,67.7,65.5,27.9,5,1,2,1,1,2,3.5,0,77.1,0.61,8.3,1,6.3,0,7,0,0,0,0,1,0,0,0,NA,0,0,0,0,0,1,0.286,1,1,1,1,1,1,9,6,0,2,0.667,14,2,0,0,0,0,0,0.667,0,4.7,0,0,0.5,7,0,5
"BROCK UIHLEIN","MIAMI OH",34,40.39,"C",62.7,52,56.4,70,8,1,3,0,1,0,8,1,95,2,0,0,3.4,0,6.8,0,0,0,0,0,0,1,0,NA,0,0,0,0,0,0,0.111,0,3,0,0,0,1,4,2,3,5,1,34,2,0,0,0,0.059,0,0.4,0,6.8,0,0.2,0,9,0,7
"WILLIE NELSON III","UTSA",15,40.36,"C",59.8,60.9,51.5,63,NA,0,0,NA,NA,NA,0,NA,0,0,25,1,0,NA,0,0,0,0,0,0,0,0,0,NA,NA,0,0,0,0,0,NA,NA,NA,0,1,1,NA,1,0,0,0,0,0,0,0,0,0,0,0,0,0,0,0,NA,NA,NA,0,0
"ERIC STUART","TEMPLE",63,40.28,"C",49.6,67.7,57,40.6,11,4,1,0,3,1,8.67,0,158.3,2.44,0,0,3.6,2,16.6,0,0,0,0,0,0,2,0,NA,0,0,0,0,2,0,0.083,1,0,0,0,0,5,6,5,1,5,1,83,3,0,0,0,0.059,0,0.6,0,16.6,0,0,0.167,12,0,4
"AIDEN SULLIVAN","OREGON ST",35,40.24,"C",51.8,52.7,54.1,55.4,5,3,0,0,3,0,0,1,110.4,1,12.5,1,5.5,0,10.5,0,0,0,0,0,0,0,0,NA,0,0,0,0,0,0,0.167,0,0,0,1,1,3,4,2,0,2,1,21,1,0,0,0,0,0,0.5,0,10.5,0,0.25,0,6,0,4
"JA'MEZ DRUMMER","DOMINION",46,40.07,"C",64.2,59.2,54.6,69.9,3,1,1,0,0,0,4,1,0,0,0,0,0,1,0,0,0,0,0,0,0,0,0,NA,0,0,0,0,0,0,0.25,1,0,0,0,0,1,3,0,0,0,0,0,0,0,0,0,0,0,0,0,0,0,0.333,0,4,0,3
"CREWS LAW","E CAROLINA",17,39.83,"D",62.1,58.2,NA,63.4,1,1,0,0,0,0,0,0,0,0,NA,0,0,1,0,0,0,0,0,0,0,0,0,NA,0,0,0,0,0,0,0,0,0,0,0,0,1,1,0,0,0,0,0,0,0,0,0,0,0,0,0,0,0,0,0,1,0,1
"JASHAWN COOPER","MO STATE",75,39.78,"D",56,53.5,56.5,60,9,2,4,0,2,0,4,2,118.8,1.28,0,0,13.5,0,16,0,0,0,0,0,0,1,0,NA,0,0,0,0,0,0,0.182,3,1,0,0,0,2,9,2,1,2,1,32,2,0,0,0,0.04,0,1,0,16,0,0.222,0,11,0,6
"RASHON MYLES JR.","GA SOUTHRN",51,39.54,"D",60.6,61.1,68,57,7,1,3,0,0,0,3,0,141.7,0.71,0,0,2.5,1,8.5,0,0,0,0,0,1,0,0,NA,0,0,0,0,1,0,0,3,0,0,0,0,1,4,1,1,2,1,17,1,0,0,1,0,0.5,0.5,0,8.5,0,0,0,7,0,6
"TY WILLIAMS","TULSA",22,38.59,"D",59.5,63.6,59.6,58,2,1,0,0,0,0,17,0,78.5,2.33,0,0,6.7,1,35,0,0,0,0,2,0,1,0,NA,0,0,0,0,0,0,0,0,0,0,0,0,1,1,1,0,1,0.333,35,1,0,0,0,0.067,0,0.333,0,11.7,0,0,0,2,0,1
"PERCY COURTNEY JR.","FIU",41,38.5,"D",63.9,58.4,58.2,65.9,3,1,1,0,0,0,2.5,0,95.8,0.58,0,0,5,1,7,0,0,0,0,0,0,0,0,NA,0,0,0,0,0,0,0,1,0,0,0,0,1,2,0,0,2,1,14,0,0,0,0,0,0,0,0,7,0,0,0,3,0,1
"BRYCE STEELE","TROY",18,38.34,"D",68.9,70.9,57.9,62.7,1,0,1,0,0,0,3,0,116.7,1.5,0,0,-4,0,12,0,0,0,0,0,0,0,0,NA,0,0,0,0,0,0,0,1,0,0,0,0,0,0,0,0,1,1,12,0,0,0,0,0,0,0,0,12,0,0,0,1,0,1
"JAMARRI VINSON","UTSA",33,38.07,"D",53.6,64.9,55.6,46.5,6,1,2,0,1,0,5,0,112.5,1.1,0,0,3,0,11,0,0,0,0,0,0,0,0,NA,0,0,0,0,0,0,0,2,0,0,0,0,1,4,2,0,1,1,11,1,0,0,0,0,0,1,0,11,0,0,0,6,0,1
"MIKE KING JR.","SM HOUSTON",22,37.26,"D",68.1,64.5,68.5,62,1,0,1,0,0,0,1,1,39.6,0,0,0,2,0,0,0,0,0,0,1,1,0,0,NA,0,0,0,0,0,0,0.5,1,0,0,0,0,0,1,0,0,0,0,0,0,0,0,0,0,0,0,0,0,0,0.5,0,2,0,3
"AUSTIN HARNETIAUX","RICE",56,37.24,"D",57.8,53.6,56.3,62.2,9,1,4,0,1,1,2.75,1,100,0.67,0,0,4,0,8,0,0,0,0,0,0,0,0,NA,0,0,0,0,0,0,0.182,3,1,0,0,0,1,7,2,1,2,1,16,1,0,0,0,0,0,0.5,0,8,0,0.167,0.2,11,0,6
"ZACH RUFFIN","MEMPHIS",36,37.11,"D",58,65.6,66.6,51.8,3,3,0,0,1,0,0,0,118.8,1.88,0,0,3,2,16,0,0,0,0,0,0,2,0,NA,0,0,0,0,0,1,0,0,0,0,0,0,3,2,2,0,2,1,32,2,0,0,0,0.118,0,1,0,16,0,0,0,3,0,1
"TJ THOMPSON","TROY",33,36.82,"D",50.2,70.7,53.6,48.4,2,1,1,0,1,0,4,0,91.7,2.3,0,0,5,0,23,0,0,0,0,1,0,1,0,NA,0,0,0,0,0,0,0,1,0,0,0,0,1,2,1,0,1,0.5,23,1,0,0,0,0.1,0,0.5,0,11.5,0,0,0,2,0,0
"TREYLIN PAYNE","TEXAS ST",38,36.73,"D",59,56.4,53.4,62.3,4,2,2,0,0,0,1,1,86.8,0.88,0,0,7.3,2,10.5,0,0,0,0,1,0,0,0,NA,0,0,0,0,0,0,0.2,1,1,0,0,0,2,2,1,0,2,0.667,21,1,0,0,0,0,0,0.333,0,7,0,0.5,0,5,0,1
"BRADY KERPERIN","N ILLINOIS",42,36.62,"D",61.1,56.7,53.4,66.6,2,1,0,0,1,0,0,0,100,0.42,0,0,4,0,8,0,0,0,0,0,0,0,0,NA,0,0,0,0,0,0,0,0,0,0,0,0,1,2,0,0,1,1,8,0,0,0,0,0,0,0,0,8,0,0,0,2,0,1
"JORDAN THOMPSON","COAST CAR",55,36.59,"D",55.1,57.4,55.6,55.6,6,1,4,0,1,2,3.67,0,145.8,2.38,0,0,5.7,0,9.5,0,1,0,0,0,0,1,0,NA,2,0,0,0,1,0,0.25,2,2,2,1,1,1,5,3,2,6,1,57,3,0,0,0,0.042,0,0.5,0,9.5,0,0,0.5,8,0,7
"PEDER HAUGO","N DAK ST",26,36.01,"D",57.7,48.2,56.6,66,2,2,0,0,1,0,0,1,NA,NA,0,0,NA,1,NA,0,0,0,0,NA,0,NA,0,NA,0,0,NA,0,NA,0,0.333,0,0,0,0,0,2,2,NA,NA,NA,NA,NA,NA,NA,NA,NA,NA,NA,NA,NA,NA,NA,0.5,0,3,0,1
"MONTRELL CHAPMAN","DOMINION",23,35.87,"D",56.4,51.7,NA,63,2,0,0,0,0,0,4,0,0,0,NA,0,0,0,0,0,0,0,0,0,0,0,0,NA,0,0,0,0,0,0,0,0,0,0,0,0,0,2,0,0,0,0,0,0,0,0,0,0,0,0,0,0,0,0,0,2,0,1
"JABARI ODOEMENEM","OREGON ST",26,35.64,"D",51.4,55.2,58,53,1,0,0,0,0,0,12,0,0,0,0,0,0,0,0,0,0,0,0,0,0,0,0,NA,0,0,0,0,0,0,0,0,0,0,0,0,0,3,1,0,0,0,0,0,0,0,0,0,0,0,0,0,0,0,0,1,0,0
"BRENDEN ANES","W MICHIGAN",16,35.5,"D",38.1,65.4,55.9,50.5,3,0,1,0,0,0,6.67,1,39.6,0,0,0,13,0,0,0,0,0,0,1,0,0,0,NA,0,0,0,0,0,0,0.25,1,0,0,0,0,0,3,1,0,0,0,0,0,0,0,0,0,0,0,0,0,0,0.25,0,4,0,4
"ELGIN MCDUFFEY","E MICHIGAN",51,35.22,"D",54.3,61,55.9,51.7,8,1,3,1,0,1,2.75,2,118.8,1.3,0,0,12.5,1,15,0,0,0,0,0,0,2,0,NA,0,0,0,0,0,0,0.273,3,0,1,0,0,1,6,3,0,2,1,30,2,0,0,0,0.087,0,1,0,15,0,0.333,0.2,11,0,7
"DEVIN HIGHTOWER","TULSA",22,35.16,"D",60.8,47.7,57.8,67.1,2,0,0,0,0,0,9,0,56.3,0.33,0,0,-0.5,0,5,0,0,0,0,1,0,0,0,NA,0,0,0,0,0,0,0,0,0,0,0,0,0,1,0,0,1,0.5,5,0,0,0,0,0,0,0,0,2.5,0,0,0,2,0,1
"ZACH BERGMANN","BUFFALO",35,34.99,"D",55.5,62.2,56.6,54,2,1,1,0,0,1,3,0,39.6,0.59,0,0,7.3,1,10,0,0,1,0,2,0,0,0,NA,0,0,0,0,0,0,0.333,1,0,0,0,0,1,4,3,1,1,0.25,10,1,1,0,2,0,0.5,0.25,0,2.5,0.25,0,0.5,3,0,2
"BRAYSHAWN LITTLEJOHN","FIU",35,34.04,"D",61.8,62.9,57.7,61.1,2,1,0,0,0,0,0,0,112.5,0.5,0,0,8,1,11,0,0,0,0,0,0,0,0,NA,0,0,0,0,0,0,0,0,0,0,0,0,1,2,1,0,1,1,11,1,0,0,0,0,0,1,0,11,0,0,0,2,0,1
"CEDRIC ROBERTS","N TEXAS",25,33.27,"D",57.9,51.8,NA,64,3,0,1,0,0,0,6.33,2,0,0,NA,0,0,0,0,0,0,0,0,0,0,0,0,NA,0,0,0,0,0,0,0.4,1,0,0,0,0,0,2,0,0,0,0,0,0,0,0,0,0,0,0,0,0,0,0.4,0,5,0,4
"SAVEON BROWN","BUFFALO",60,32.97,"D",47.4,50.5,58.5,53.4,5,1,3,0,1,1,3.33,1,139.6,0.64,33.3,1,11,0,8,0,0,0,1,0,0,0,0,NA,0,0,0,0,1,0,0.286,2,1,0,1,2,1,7,2,0,2,1,16,1,0,0,2,0,1,0.5,0,8,0,0.2,0.5,7,0,5
"JASEIM MITCHELL","COLO STATE",32,32.59,"D",51.5,69.5,60,37.5,3,0,2,1,0,1,2,0,108.3,2,0,0,1,0,10,0,0,0,0,0,0,0,0,NA,0,0,0,0,0,0,0.25,2,0,1,0,0,0,4,3,0,2,1,20,1,0,0,2,0,1,0.5,0,10,0,0,1,4,0,4
"JAWARREN CORBIN","DELAWARE",17,32.45,"D",51.6,46.4,56.6,64.5,2,0,0,0,0,0,2,1,0,0,25,1,0,0,0,0,0,0,0,0,0,0,0,NA,0,0,0,0,0,0,0.333,0,0,0,1,1,0,2,0,0,0,0,0,0,0,0,0,0,0,0,0,0,0,0.5,0,3,0,2
"CAMERON COOPER","S DIEGO ST",25,31.52,"D",56.2,66.2,60,48.8,3,0,1,0,0,0,4.67,0,152.1,1.83,0,0,7.5,0,11,0,0,0,0,0,0,1,0,NA,0,0,0,0,1,0,0,1,0,0,0,0,0,2,1,0,2,1,22,1,0,0,0,0.083,0,0.5,0,11,0,0,0,3,0,1
"BRANDON TYSON","GA SOUTHRN",45,31.29,"D",48.3,60.3,60,42.8,2,0,1,0,0,0,5.5,0,77.1,0.43,0,0,2,0,3.3,0,0,0,0,1,0,0,0,NA,0,0,0,0,0,0,0,1,0,0,0,0,0,5,2,0,3,0.75,10,0,0,0,3,0,0.75,0,0,2.5,0,0,0,2,0,2
"MERCURY SWAIM","NEW MEXICO",38,31.11,"D",58.7,74.9,45.6,46.9,3,1,1,0,1,1,3,0,158.3,2.9,25,1,13,0,29,0,0,0,0,0,0,1,0,NA,0,0,0,0,1,0,0.25,1,0,0,1,1,1,5,1,0,1,1,29,1,0,0,0,0.1,0,1,0,29,0,0,1,4,0,2
"DAUNTE CURTIS","AKRON",21,29.79,"D",38.4,30.8,NA,62.2,3,1,1,0,1,0,6.5,1,0,0,NA,0,0,0,0,0,0,0,0,0,0,0,0,NA,0,0,0,0,0,0,0.25,1,0,0,0,0,1,5,0,0,0,0,0,0,0,0,0,0,0,0,0,0,0,0.25,0,4,0,1
"CLAY MARTINEAU","NEW MEXICO",24,29.65,"D",43.9,55.3,53.8,43.9,2,0,1,1,0,0,0,0,118.8,5.5,0,0,8,0,22,0,0,0,0,0,0,1,0,NA,0,0,0,0,0,0,0,1,0,1,0,0,0,2,1,0,1,1,22,1,0,0,0,0.25,0,1,0,22,0,0,0,2,0,3
"ALFRED THOMAS","KENNESAW",61,29.63,"D",42.5,45.5,NA,45.7,11,3,2,0,1,0,6.67,1,118.8,1.78,NA,0,9,2,19,0,0,0,0,0,0,2,0,NA,0,0,0,0,0,0,0.083,2,0,0,0,0,3,13,3,0,3,1,57,2,0,0,3,0.063,1,0.667,0,19,0,0.125,0,12,0,9
"WESLEY BROWN","TEMPLE",15,29.4,"D",56.2,NA,NA,56.5,NA,0,0,NA,NA,NA,NA,NA,147.9,0.67,NA,0,1,NA,10,0,0,0,0,0,0,0,0,NA,NA,0,0,0,1,0,NA,NA,NA,0,0,0,NA,1,1,0,1,1,10,1,0,0,0,0,0,1,0,10,0,NA,NA,NA,0,1
"JAVAE GILMORE","MARSHALL",61,28.51,"D",39.1,60.6,48.4,31.6,7,1,4,0,1,1,-0.8,1,158.3,1.71,0,1,3.3,0,17.7,0,1,0,0,0,0,2,0,NA,0,0,0,0,1,1,0.222,4,0,0,2,2,1,11,6,0,3,1,53,2,0,0,0,0.065,0,0.667,0,17.7,0,0.143,0.5,9,0,5
"SANDERS ELLIS","BOWL GREEN",41,28.44,"D",47.6,33.9,60,65.5,4,3,0,0,0,0,5,0,100,1,0,0,1.5,3,8,0,0,0,0,0,0,1,0,NA,0,0,0,0,0,0,0.2,0,0,0,0,0,3,6,1,1,2,1,16,1,0,0,0,0.063,0,0.5,0,8,0,0,0,5,0,1
"CHRIS JOE","UTAH ST",16,28.4,"D",60.2,42.4,NA,73.1,2,0,1,0,0,0,0,1,79.2,0.63,NA,0,0.5,0,2.5,0,0,0,0,0,0,0,0,NA,1,0,0,0,0,0,0.333,0,1,1,0,0,0,2,0,1,2,1,5,0,0,0,0,0,0,0,0,2.5,0,1,0,3,0,2
"DEUCE SPURLOCK","LIBERTY",27,27.8,"D",53.3,50.9,69,53.3,2,0,1,0,0,0,2,2,118.8,1.44,0,0,8,0,13,1,1,0,0,0,0,0,0,NA,0,0,0,0,0,0,0.5,0,1,0,0,1,0,3,1,1,1,1,13,1,0,1,0,0,0,1,0,13,0,0.667,0,4,0,3
"SAYED ABUHAMDEH","KENT STATE",40,27.56,"D",51.8,43.5,57.5,65.8,4,0,0,0,0,0,9.33,1,91.7,0.38,0,0,5,0,6,0,0,0,0,0,0,0,0,NA,0,0,0,0,0,0,0.2,0,0,0,0,0,0,5,0,0,1,1,6,0,0,0,0,0,0,0,0,6,0,0.25,0,5,0,3
"JAMESON MCCOLLOUGH","JVILLE ST",32,27.31,"D",54.4,58.8,56.5,54.2,1,0,1,0,0,0,4,0,118.8,1.27,0,0,-8,0,14,0,0,0,0,0,0,0,0,NA,0,0,0,0,0,0,0,1,0,0,0,0,0,2,1,0,1,1,14,1,0,0,1,0,1,1,0,14,0,0,0,1,0,1
"JACK FRIES","OHIO",68,26.34,"D",48.3,31,78.4,65.1,3,2,1,0,2,0,2,4,118.8,0.79,7.1,1,1,0,15,0,0,0,1,0,1,1,0,NA,0,0,0,0,0,0,0.571,1,0,0,1,2,2,11,0,0,1,1,15,1,0,0,0,0.053,0,1,0,15,0,0.571,0,7,0,6
"WESLEY EDISON","SO MISS",27,24.55,"D",47.9,69.7,59.6,29.8,5,2,1,0,2,1,4.33,2,158.3,3.8,0,0,28,0,38,0,0,0,0,0,0,1,0,NA,0,0,0,0,1,0,0.375,1,0,0,0,0,2,5,3,0,1,1,38,1,0,0,0,0.1,0,1,0,38,0,0.286,1,8,0,2
"BRADEN SULLIVAN","UAB",18,23.03,"D",31.5,41.4,57.7,44,2,0,1,0,0,0,4,0,100,1.14,0,0,-1,0,8,0,0,0,0,0,0,0,0,NA,0,0,0,0,0,0,0,1,0,0,0,0,0,4,1,0,1,1,8,0,0,0,0,0,0,0,0,8,0,0,0,2,0,2
"RODNEY HILL","USF",16,19.97,"F",51.1,55.1,59.6,54.7,1,0,0,0,0,1,0,0,106.3,2.38,0,0,3,0,9.5,0,0,0,0,0,0,0,0,NA,0,0,0,0,0,0,0.5,0,0,0,0,0,0,2,1,0,2,1,19,1,0,0,0,0,0,0.5,0,9.5,0,0,0.5,2,0,2
"JOSH ANGLIN","KENNESAW",45,18.73,"F",29.6,39.1,56.4,31.8,4,3,0,0,3,1,6,0,118.8,1.24,0,0,9,0,13,0,0,0,0,0,0,1,0,NA,0,0,0,0,0,0,0.2,0,0,0,0,0,3,10,4,0,2,1,26,2,0,0,2,0.048,1,1,0,13,0,0,1,5,0,0
"KHMARI JOHNSON","FAU",16,15.27,"F",38.4,44.7,60,42.3,1,1,0,0,0,0,0,1,104.2,1.8,0,0,8.5,1,9,0,0,0,0,0,0,0,0,NA,0,0,0,0,0,1,0.5,0,0,0,0,0,1,4,2,0,2,1,18,2,0,0,0,0,0,1,0,9,0,1,0,2,0,1
"NATE FISCHER","FAU",20,14.88,"F",44.1,54,60,46.3,1,1,0,0,0,0,0,1,118.8,5.13,0,0,15,1,41,0,0,0,0,0,0,1,0,NA,0,0,0,0,0,0,0.5,0,0,0,0,0,1,2,1,0,1,1,41,1,0,0,0,0.125,0,1,0,41,0,1,0,2,0,2
"OUMAR DIOMANDE","COLO STATE",37,0,"F",32.9,31.6,60,47.7,1,0,0,0,0,1,9,1,118.8,3.33,0,0,2.5,0,20,0,0,0,0,0,0,1,0,NA,0,0,0,0,0,0,0.667,0,0,0,0,0,0,9,2,0,2,1,40,2,0,0,2,0.083,1,1,0,20,0,0.5,1,3,0,4
