"Name","Team","Defensive.Snaps","Composite_Score","Player_Grade","Defensive.Grades","Coverage.Grade","Run.Defense.Grade","Pass.Rush.Grade","Total.Tackles","Assistant","Stops","Passer.Rating.Allowed","Pass.Stop","Assist.Tackles.on.Run.Plays","Pass.Break.Up","Interceptions","Drops...Off.Targets.Receptions.Forced","Yards.per.Reception.Allowed","Run.Tackle.for.Losss.or.No.Gain","Receiving.Yards.Allowed.per.Snap","Average.Depth.of.Tackle","Lined.up.in.Press.Coverage","Average.Depth.of.Target.per.Coverage","Assist.on.Pass.Plays","Missed.Tackles.on.Pass.Plays","Plays.of.15..Yards.Allowed","Missed.Tackles.on.Run.Plays","Pass.Rush.Productivity","Hurries","Pass.Tackle.for.Loss.or.No.Gain","Dropped.Int","Touchdowns.Allowed","Beaten.Defender","Hits","Forced.Fumble","Pursuit.Pressure","Sacks","Fumble.Recovery","Batted.Passes","Missed.Tackle.Percentage","Run.Stop","Tackle.for.Loss.or.No.Gain","Total.Pressures.Generated","Assist.Tackles","Negative.Plays","Total.Negative.Plays","Total.Positive.Plays","Receptions.Allowed","Completion.Percentage.Allowed","Pass.Yards.Allowed","First.Downs.Allowed","Forced.Incompletions","Sacks.per.Throwaway","Open.Targets","X15..Yards.Allowed.Percentage","Percentage.of.Open.Targets","Percentage.of.First.Down.or.Touchdown.Allowed","Interceptions.per.Target.Coverage.Percentage","Receiving.Yards.per.Coverage.Target","Forced.Incompletion.Percentage","Missed.Tackle.Percentage.on.Run.Plays","Pass.Missed.Tackles.Percentage"
"JUSTIN POWE","TROY",52,100,"A",71.8,72.9,74,NA,14,4,5,91.7,3,4,0,0,0,6,1,0.72,8.4,NA,3,0,0,1,1,NA,0,1,0,0,0,0,0,0,0,0,0,0.067,2,2,0,4,3,2,2,3,1,18,1,0,0,0,0.04,0,0.333,0,6,0,0.1,0
"ARMORION SMITH","TOLEDO",57,94.3,"A",74.1,73.7,71.8,59.6,11,5,5,87.5,1,4,0,0,0,5,1,0.24,3.4,NA,4,1,0,0,2,0,0,0,0,0,0,0,0,0,0,0,0,0.154,4,1,0,5,2,0,1,1,1,5,0,0,0,0,0,0,0,0,5,0,0.182,0
"JAYON HARVEY","JAMES MAD",58,94.11,"A",66.4,62.9,71.5,59.4,14,4,2,141.7,1,3,0,0,0,8.5,1,0.59,6.6,NA,9,1,0,0,1,50,2,0,0,1,0,0,0,1,0,0,0,0.067,1,1,2,4,2,1,0,2,1,17,1,0,0,0,0,0,0.5,0,8.5,0,0.111,0
"KEVIN ADAMS III","TULANE",36,93.11,"A",71,66.5,74.8,NA,12,4,4,56.3,2,2,0,0,1,5,1,0.24,2.75,NA,4.5,2,1,0,1,NA,0,0,0,0,0,0,0,0,0,0,0,0.143,2,1,0,4,2,1,0,1,0.5,5,0,0,0,0,0,0,0,0,2.5,0,0.143,0.143
"CJ MCBEAN","NEW MEXICO",35,92.71,"A",86.5,83.4,80.4,NA,7,1,5,56.3,1,0,1,0,0,1,2,0.05,0.5,NA,1.5,1,0,0,0,NA,0,0,0,0,0,0,0,0,0,0,0,0,4,2,0,1,0,0,2,1,0.5,1,0,1,0,0,0,0,0,0,0.5,0.5,0,0
"JUSTIN TAYLOR","C MICHIGAN",56,90.25,"A",88.3,89.5,62.7,NA,8,2,2,39.6,2,0,0,1,0,1.5,0,0.09,10.5,NA,0.5,2,0,0,0,NA,0,1,0,0,0,0,0,0,0,0,0,0,0,1,0,2,1,0,3,2,1,3,0,0,0,1,0,0.5,0,0.5,1.5,0,0,0
"BO SIMPSON-NEALY","FAU",66,89.93,"A",73.3,76.5,59.5,66.9,6,2,1,0,0,1,0,1,0,0,1,0,2.33,NA,11,1,0,0,1,33.3,2,0,0,0,0,0,0,0,0,0,0,0.143,1,1,2,2,2,0,1,0,0,0,0,0,0,0,0,0,0,1,0,0,0.2,0
"JAYLEN LEWIS","W KENTUCKY",67,89.22,"A",66.2,69.1,59.9,NA,11,5,3,0,1,3,0,0,0,0,0,0,6.5,NA,0,2,0,0,0,NA,0,0,0,0,0,0,0,0,0,0,0,0,2,0,0,5,4,1,1,0,0,0,0,0,0,0,0,0,0,0,0,0,0,0
"COLLIN JACOB","LA LAFAYET",55,82.47,"A",84.6,72.5,92.8,61.5,6,2,3,18.1,1,2,0,1,0,20,1,0.77,-2,NA,21.7,0,1,1,0,10,1,0,0,0,0,0,1,0,0,0,0,0.143,2,1,1,2,3,2,2,1,0.333,20,1,0,0,0,0.039,0,0.333,0.333,6.7,0,0,0.333
"KOA AKUI","RICE",50,79.41,"B",86.7,88.3,72.3,63,5,2,1,30.6,1,2,0,1,1,4.5,0,0.43,7.5,NA,4.3,0,1,0,1,50,1,0,0,0,0,0,0,0,0,0,0,0.286,0,0,1,2,3,2,2,2,0.667,9,1,0,0,0,0,0,0.333,0.333,3,0,0.2,0.5
"JOSH HUNTER","S DIEGO ST",63,77.52,"B",65.4,68.5,59.1,60,10,5,2,79.2,1,4,0,0,1,17,0,0.68,5.67,NA,5,1,0,1,1,0,0,0,0,0,0,0,0,0,0,0,0,0.091,1,0,0,5,3,1,1,1,0.5,17,1,0,0,0,0.04,0,0.5,0,8.5,0,0.143,0
"FIVE HAMILTON","ARK STATE",60,77.35,"B",68.8,61,76.6,70.8,10,1,6,131.3,3,1,0,0,1,8.7,1,0.87,0.75,NA,9.8,0,1,1,0,33.3,0,0,0,1,0,0,0,1,1,0,0,0.091,3,1,1,1,4,3,2,3,0.75,26,1,0,0,0,0.033,0,0.25,0,6.5,0,0,0.167
"JEREMIAH JORDAN","UAB",73,76.99,"B",77.2,66.7,82.5,60,7,2,3,0,0,2,0,0,0,0,0,0,9.2,NA,0,0,0,0,0,50,1,0,0,0,0,0,1,0,0,0,0,0,3,0,1,2,1,0,0,0,0,0,0,0,0,0,0,0,0,0,0,0,0,0
"NATE ROBINSON JR.","UTSA",29,76.47,"B",81.3,80.4,73,NA,2,3,0,39.6,0,1,0,0,4,0,0,0,0,NA,22.3,1,0,0,0,NA,0,0,0,0,0,0,0,0,0,0,0,0,0,0,0,2,0,0,2,0,0,0,0,1,0,0,0,0,0,0,0,0.25,0,0
"JONES THOMAS","WYOMING",66,76.41,"B",72.5,63.3,74.3,66.7,8,3,1,39.6,0,3,0,0,1,0,0,0,8,NA,5,0,0,0,0,25,1,0,0,0,0,0,0,0,0,0,0,0,1,0,1,3,1,0,0,0,0,0,0,0,0,1,0,1,0,0,0,0,0,0
"TRAVIS ANDERSON","BOISE ST",52,75.66,"B",75.4,81.9,57.2,NA,3,2,1,47.9,1,2,1,2,0,5,0,0.16,0,NA,5,0,0,0,2,NA,0,0,0,0,0,0,0,0,0,0,0,0.4,0,0,0,2,2,0,2,1,1,5,0,1,0,0,0,0,0,2,5,1,0.5,0
"JAMARION KEYES","TROY",42,75.51,"B",74.8,78.7,64.5,60,6,2,2,39.6,0,2,1,0,0,0,0,0,3,NA,22,0,0,0,1,0,0,0,0,0,0,0,0,0,0,0,0,0.143,2,0,0,2,1,0,1,0,0,0,0,1,0,0,0,0,0,0,0,1,0.167,0
"TULI TAGOVAILOA-AMOSA","S JOSE ST",69,74.96,"B",64.8,60.7,70.1,NA,9,4,2,72.9,0,2,0,0,1,14,1,0.41,0.5,NA,11,2,2,0,0,NA,0,0,0,0,0,0,0,0,0,0,0,0.182,2,1,0,4,5,3,1,1,0.5,14,0,0,0,0,0,0,0,0,7,0,0,0.286
"DONOVAN FARIA","GA STATE",38,74.17,"B",69.2,81.4,54.1,NA,4,2,1,0,0,2,0,1,0,0,1,0,-2,NA,18,0,0,0,0,NA,0,0,0,0,0,0,0,0,0,0,0,0,1,1,0,2,3,0,1,0,0,0,0,0,0,0,0,0,0,1,0,0,0,0
"BISHOP TURNER","NEVADA",53,73.41,"B",72.3,69.8,67.8,68.1,4,1,1,39.6,0,0,1,0,0,0,0,0,9,NA,25,1,0,0,0,25,0,0,0,0,0,1,0,0,0,0,0,0,1,0,1,1,1,1,1,0,0,0,0,1,0,0,0,0,0,0,0,1,0,0
"ZACH WILLIAMS","TULSA",42,72.73,"B",67.1,54.3,76.7,60,8,3,1,39.6,1,3,0,0,1,0,0,0,12.67,NA,14,0,0,0,0,NA,0,0,0,0,0,0,0,0,0,0,1,0,0,0,0,3,1,1,1,0,0,0,0,0,0,0,0,0,0,0,0,0,0,0
"AJ BROWN","RICE",65,71.72,"B",75.9,77.4,69.4,59.6,6,0,4,79.2,1,0,0,0,0,-3,1,-0.11,8.4,NA,4,0,0,0,1,0,0,1,0,0,0,0,1,0,0,0,0,0.143,3,2,0,0,2,0,1,1,1,-3,0,0,0,0,0,0,0,0,-3,0,0.167,0
"RYAN NOLAN","TEXAS ST",79,71.69,"B",66.6,63.2,75.1,58.1,9,5,2,158.3,2,3,0,0,0,17.8,0,1.42,9,NA,10,2,3,2,0,0,0,1,0,1,0,0,0,0,0,0,0,0.25,0,1,0,5,4,4,2,4,1,71,2,0,0,0,0.04,0,0.5,0,17.8,0,0,0.375
"MARIO EASTERLY","DOMINION",72,70.34,"B",61.3,57.6,67,56.5,8,4,2,39.6,0,4,0,0,1,0,0,0,4,NA,28,0,0,0,1,0,0,0,0,0,0,0,0,0,0,0,0,0.111,2,0,0,4,3,1,0,0,0,0,0,0,0,0,0,0,0,0,0,0,0.111,0
"JT HASKINS","OHIO",42,69.92,"B",67.1,71,60.5,59.7,7,3,1,0,0,2,0,0,0,0,0,0,6,NA,0,1,0,0,1,0,0,0,0,0,0,0,0,0,0,0,0,0.125,1,0,0,3,2,0,0,0,0,0,0,0,0,0,0,0,0,0,0,0,0.143,0
"TAYLEN EADY","N DAK ST",33,68.66,"B",73.6,70,75.2,58.9,5,1,2,NA,1,1,0,NA,NA,NA,1,NA,0,NA,NA,0,0,NA,0,0,0,0,0,NA,0,0,0,0,0,0,0,0,1,1,0,1,2,NA,NA,NA,NA,NA,NA,NA,NA,NA,NA,NA,NA,NA,NA,NA,0,0
"AMARI WALLACE","SACRAMENTO",47,68.48,"B",56.8,50.3,72.9,NA,6,1,3,NA,2,1,0,NA,NA,NA,1,NA,2.5,NA,NA,0,0,NA,0,NA,0,1,0,NA,0,0,0,0,0,0,0,0,1,2,0,1,4,NA,NA,NA,NA,NA,NA,NA,NA,NA,NA,NA,NA,NA,NA,NA,0,0
"SAM FONGANG","LA TECH",39,68.38,"B",68.2,60.4,76.4,59.9,8,3,0,0,0,2,0,0,0,0,0,0,6.5,NA,0,1,1,0,0,0,0,0,0,0,0,0,0,0,0,0,0,0.111,0,0,0,3,1,1,0,0,0,0,0,0,0,0,0,0,0,0,0,0,0,0.333
"AYDEN DUNCANSON","E CAROLINA",22,68.24,"B",93.6,93.6,64.5,NA,2,0,1,2.8,1,0,0,1,1,2,0,0.17,5,NA,7,0,0,0,0,NA,0,0,0,0,0,0,0,0,0,0,0,0,0,0,0,0,0,0,2,1,0.333,2,0,0,0,0,0,0,0,0.333,0.7,0,0,0
"DYLAN SMITH","MEMPHIS",39,68.19,"B",69.4,65.7,67.1,60,4,1,2,77.1,2,1,1,0,0,2.7,0,0.33,8,NA,16,0,1,0,0,NA,0,1,0,0,0,0,0,0,0,0,1,0.2,0,1,0,1,2,2,4,3,0.75,8,0,1,0,0,0,0,0,0,2,0.25,0,0.333
"TAEDEN ROGERS","LA TECH",50,67.98,"B",68.9,62.9,72.9,64.8,8,1,5,79.9,2,1,0,0,0,8,0,0.8,7,NA,5.7,0,1,1,0,0,1,1,0,0,1,0,0,0,0,1,0,0.111,3,1,1,1,3,3,3,2,0.667,16,1,0,0,0,0.05,0,0.333,0,5.3,0,0,0.25
"DARNELL WILLIAMS","UTEP",27,67.73,"B",75.8,64.9,82.7,NA,5,1,2,0,0,1,0,0,0,0,1,0,5,NA,0,0,0,0,0,NA,0,0,0,0,0,0,1,0,0,0,0,0,2,1,0,1,0,0,0,0,0,0,0,0,0,0,0,0,0,0,0,0,0,0
"DAEH MCCULLOUGH","W MICHIGAN",31,67.48,"B",70.5,62.7,72.8,56.3,6,3,3,0,0,2,0,0,0,0,0,0,2,NA,0,1,0,0,0,0,0,0,0,0,0,0,0,0,0,0,0,0,3,0,0,3,1,0,0,0,0,0,0,0,0,0,0,0,0,0,0,0,0,0
"MORVEN JOSEPH","JVILLE ST",21,67.02,"B",57.9,64.4,59.9,47.4,5,3,1,0,0,3,0,0,0,0,1,0,-2,NA,0,0,1,0,1,16.7,1,0,0,0,0,0,0,0,0,0,0,0.286,1,1,1,3,4,0,0,0,0,0,0,0,0,0,0,0,0,0,0,0,0.2,0.5
"BROOKLYN CHEEK","WYOMING",65,66.07,"B",78.2,63.5,86.2,NA,6,2,1,0,0,2,0,0,0,0,0,0,4.25,NA,0,0,0,0,0,NA,0,0,0,0,0,0,0,0,0,0,0,0,1,0,0,2,0,0,0,0,0,0,0,0,0,0,0,0,0,0,0,0,0,0
"CHRIS TOOLEY III","FAU",53,65.77,"B",63.4,59.4,72.6,NA,4,2,1,28.3,0,0,0,1,2,6.3,1,0.54,1,NA,10.2,2,0,0,0,NA,0,0,0,0,0,0,1,0,0,0,0,0,1,1,0,2,3,3,2,3,0.6,19,0,0,0,0,0,0,0,0.2,3.8,0,0,0
"BOOGSIE SILVERA","SACRAMENTO",60,65.76,"B",51.4,44.1,65.3,NA,9,2,3,NA,0,2,1,NA,NA,NA,2,NA,2,NA,NA,0,3,NA,0,NA,0,0,0,NA,0,0,0,0,0,0,0,0.25,3,2,0,2,8,NA,NA,NA,NA,NA,NA,NA,NA,NA,NA,NA,NA,NA,NA,NA,0,0.5
"DAEVON ILES","DOMINION",33,65.69,"B",84.4,87.4,62.7,NA,0,0,0,39.6,0,0,1,0,1,0,0,0,0,NA,11.8,0,1,0,0,NA,0,0,0,0,0,0,0,0,0,1,0,1,0,0,0,0,1,1,3,1,0.25,0,0,2,0,0,0,0,0,0,0,0.5,0,1
"ANTONIO SMITH","MO STATE",28,65.03,"B",65,66,61.9,NA,4,3,0,0,0,2,0,0,0,0,0,0,11,NA,0,1,0,0,1,NA,0,0,0,0,0,0,0,0,0,1,0,0.2,0,0,0,3,1,0,0,0,0,0,0,0,0,0,0,0,0,0,0,0,0.25,0
"TERRENTE HINTON","MARSHALL",42,64.26,"B",65.4,71.6,52.2,58.9,4,1,2,79.2,1,1,0,0,0,-2,1,-0.08,2.5,NA,-2,0,0,0,2,0,0,1,0,0,0,0,0,0,0,0,0,0.333,1,2,0,1,2,0,1,1,1,-2,0,0,0,0,0,0,0,0,-2,0,0.4,0
"DAYTIONE SMITH","MARSHALL",56,64.17,"B",64.4,65,61.9,59.2,8,4,1,149.3,1,3,0,0,1,21,0,1.4,7,NA,13,1,0,1,1,0,0,0,0,1,0,0,0,0,0,0,0,0.111,0,0,0,4,2,1,1,2,0.667,42,1,0,0,0,0.033,0,0.333,0,14,0,0.167,0
"JACKQUINTIN BAL","WASH STATE",21,63.94,"B",72.1,81.8,49.8,NA,2,0,2,56.3,1,0,1,0,0,-2,0,-0.15,3,NA,7,0,0,0,0,NA,0,1,0,0,0,0,0,0,0,0,0,0,1,1,0,0,1,0,2,1,0.5,-2,0,1,0,0,0,0,0,0,-1,0.5,0,0
"DJ WALKER","OHIO",68,62.92,"B",49.5,62.3,34.5,60,9,3,4,87.5,0,3,0,0,0,5,2,0.22,0.75,NA,3,0,1,0,5,0,0,0,0,0,0,0,0,0,0,0,1,0.4,4,2,0,3,9,1,0,1,1,5,0,0,0,0,0,0,0,0,5,0,0.417,0.333
"MO CONTEH","TOLEDO",20,62.91,"B",63.3,64.8,60.6,NA,5,3,1,0,0,3,0,0,0,0,0,0,4,NA,0,0,0,0,1,NA,0,0,0,0,0,0,0,0,0,0,0,0.167,1,0,0,3,2,0,0,0,0,0,0,0,0,0,0,0,0,0,0,0,0.2,0
"CAMERON UPSHAW JR.","UTSA",46,62.74,"B",73.2,69.4,76.2,59.9,6,1,2,0,0,0,0,0,0,0,0,0,7.33,NA,0,1,0,0,0,0,0,0,0,0,0,0,0,0,0,0,0,0,2,0,0,1,0,0,0,0,0,0,0,0,0,0,0,0,0,0,0,0,0,0
"LARRY TURNER-GOODEN","NEVADA",48,62.27,"B",69.6,65.4,72.6,60,5,2,0,0,0,2,0,0,0,0,0,0,8.33,NA,0,0,0,0,0,0,0,0,0,0,0,0,0,0,0,0,0,0,0,0,0,2,0,0,0,0,0,0,0,0,0,0,0,0,0,0,0,0,0,0
"DEVIN HENDERSON","APP STATE",52,61.44,"B",58.7,57.9,69.7,59.7,9,3,2,50.7,0,1,0,0,1,15,0,0.47,6.5,NA,15.3,2,0,1,0,0,0,0,0,0,0,0,0,0,0,0,0,0,2,0,0,3,4,3,0,1,0.333,15,1,0,0,0,0.031,0,0.333,0,5,0,0,0
"DARIUS GIVANCE","N DAK ST",37,61.38,"B",72.3,66,79.4,58.8,7,0,4,NA,1,0,0,NA,NA,NA,0,NA,5.4,NA,NA,0,0,NA,0,0,0,0,0,NA,0,0,0,0,0,1,0,0,3,0,0,0,1,NA,NA,NA,NA,NA,NA,NA,NA,NA,NA,NA,NA,NA,NA,NA,0,0
"DOUG NELSON","TROY",33,61.16,"B",67.7,68.8,62.7,58,1,0,1,39.6,1,0,1,0,1,0,0,0,0,NA,21,0,0,0,0,0,0,1,0,0,0,0,0,0,0,0,0,0,0,1,0,0,1,1,2,0,0,0,0,1,0,0,0,0,0,0,0,0.5,0,0
"CALEB NIX","JVILLE ST",73,60.99,"B",66.2,71.8,51.2,59.8,6,1,1,50.9,1,1,1,0,1,7.3,0,0.61,0,NA,11.3,0,0,1,0,0,0,1,0,0,0,0,0,0,0,0,0,0,0,1,0,1,4,2,2,3,0.429,22,1,1,0,3,0.028,0.429,0.143,0,3.1,0.143,0,0
"MJ MOULTRIE II","LA TECH",25,60.33,"B",74.9,75.7,67.4,NA,5,1,2,79.2,1,1,0,0,0,-6,0,-0.5,4,NA,-1,0,0,0,0,NA,0,0,0,0,0,0,0,0,0,0,0,0,1,0,0,1,1,0,1,1,1,-6,0,0,0,0,0,0,0,0,-6,0,0,0
"D.J. MOORE","S ALABAMA",32,59.64,"C",69,68.5,63.4,60,2,1,1,70.1,1,1,0,1,1,3.5,0,0.29,0,NA,7.3,0,0,0,0,50,0,0,0,1,0,1,0,0,0,0,0,0,0,0,1,1,1,1,2,2,0.667,7,1,0,0,0,0,0,0.333,0.333,2.3,0,0,0
"JASON MARSHALL","E MICHIGAN",52,59.48,"C",52.6,47.1,69.1,NA,11,4,2,109.7,0,2,0,0,1,29.5,1,1.97,2,NA,26.3,2,1,2,0,NA,0,0,0,0,0,0,0,0,0,0,0,0.083,2,1,0,4,6,4,0,2,0.667,59,2,0,0,0,0.067,0,0.667,0,19.7,0,0,0.125
"JEREMIAH BERNARD","WASH STATE",33,59.44,"C",53.6,40.9,60.3,80.5,6,1,2,79.2,1,1,0,0,0,0,0,0,6,NA,-1,0,0,0,1,50,0,1,0,0,0,0,0,0,1,0,0,0.143,1,1,1,1,3,2,1,1,1,0,0,0,0,0,0,0,0,0,0,0,0.25,0
"KYLE HALL","BOISE ST",52,59.14,"C",62,59.3,66.1,NA,5,0,3,81.9,1,0,2,0,3,6.5,0,0.39,4.67,NA,19.2,0,1,1,1,NA,0,1,0,1,0,0,0,0,0,0,0,0.286,2,1,0,0,5,4,4,2,0.333,13,1,2,0,0,0.03,0,0.167,0,2.2,0.333,0.25,0.333
"AMARIAN LOUIS","W MICHIGAN",19,59.11,"C",70.2,62.6,70.9,NA,4,2,1,0,0,2,0,0,0,0,0,0,7.5,NA,0,0,0,0,0,NA,0,0,0,0,0,0,0,0,0,0,0,0,1,0,0,2,1,0,0,0,0,0,0,0,0,0,0,0,0,0,0,0,0,0
"JO'TAVION PIERCE","UAB",69,59,"C",60.5,50.6,73,57.8,9,3,0,95.8,0,3,0,0,0,29,0,1.21,16.5,NA,15.5,0,0,1,1,16.7,0,0,0,0,0,1,1,0,0,0,0,0.1,0,0,1,3,4,2,0,1,0.5,29,1,0,0,0,0.042,0,0.5,0,14.5,0,0.125,0
"JUSTIN BROWN","W KENTUCKY",46,58.92,"C",69.7,71.4,58.4,65.8,6,0,1,72.9,0,0,1,0,0,14,0,0.74,6.5,NA,7.5,0,0,0,0,25,0,0,0,0,0,1,0,0,0,0,0,0,1,0,1,0,3,1,1,1,0.5,14,1,1,0,0,0,0,0.5,0,7,0.5,0,0
"JOSHUA MOORE","TULANE",27,58.91,"C",74.3,73.2,68.4,NA,4,0,2,0,1,0,0,0,0,0,0,0,13.5,NA,0,0,0,0,0,NA,0,0,0,0,0,0,0,0,0,0,0,0,1,0,0,0,0,0,1,0,0,0,0,0,0,0,0,0,0,0,0,0,0,0
"STERLING SMITH","BALL ST",57,58.71,"C",63.2,59.2,68.6,59.2,9,1,4,95.8,1,1,0,0,1,37,1,1.42,5.83,NA,32,0,0,1,1,0,0,0,0,0,0,0,0,0,0,0,0,0.1,3,1,0,1,2,1,0,1,0.5,37,1,0,0,0,0.039,0,0.5,0,18.5,0,0.125,0
"RONNELL DAVIS","BUFFALO",48,58.05,"C",59.1,58.5,56.4,67.6,4,0,1,0,0,0,0,0,0,0,1,0,6,NA,0,0,0,0,2,25,1,0,0,0,0,0,0,0,0,0,0,0.333,1,1,1,0,3,0,1,0,0,0,0,0,0,0,0,0,0,0,0,0,0.4,0
"KAL-EL PASCAL","BOWL GREEN",59,57.66,"C",62.6,61,63.4,60,4,1,1,39.6,0,0,0,0,1,0,1,0,15.67,NA,-4,1,0,0,0,0,0,0,0,0,0,0,0,0,0,0,0,0,1,1,0,1,4,1,0,0,0,0,0,0,0,0,0,0,0,0,0,0,0,0
"TAVIAN COMBS","NEW MEXICO",32,57.63,"C",72,65.3,76.3,60,4,1,2,20.8,1,1,0,1,0,8,0,0.67,3.5,NA,3.5,0,1,0,0,0,0,0,0,0,0,0,0,0,0,0,0,0.2,1,0,0,1,2,2,2,1,0.5,8,0,0,0,0,0,0,0,0.5,4,0,0,0.5
"JAKYRI JONES","GA SOUTHRN",43,57.27,"C",66.7,64,69.5,NA,5,2,1,42.4,0,2,0,0,2,4,0,0.16,6,NA,9.7,0,1,0,0,NA,0,0,0,0,0,0,0,0,0,0,0,0.167,1,0,0,2,1,1,0,1,0.333,4,0,0,0,1,0,0.333,0,0,1.3,0,0,0.333
"ZYEIR GAMBLE","E CAROLINA",45,56.55,"C",67.7,73.4,58.7,NA,6,1,2,79.2,1,1,0,0,0,1,0,0.08,9.33,NA,-4,0,0,0,2,NA,0,0,0,0,0,0,0,0,0,0,0,0.25,1,0,0,1,2,0,1,1,1,1,0,0,0,0,0,0,0,0,1,0,0.333,0
"JAYLEN THOMAS","WASH STATE",38,56.43,"C",67.9,62.3,66.7,74.6,3,1,1,68.2,1,1,1,0,1,17,0,2.83,0,NA,8.9,0,1,1,0,25,1,0,0,0,0,0,0,0,0,0,0,0.25,0,0,1,1,2,2,1,3,0.429,51,1,1,0,1,0.056,0.143,0.143,0,7.3,0.143,0,0.333
"XANDER CHISOLM","OREGON ST",27,56.39,"C",57,65.8,43.6,NA,3,2,0,0,0,2,1,0,0,0,0,0,6,NA,0,0,0,0,2,NA,0,0,0,0,0,0,0,0,0,0,0,0.4,0,0,0,2,2,0,0,0,0,0,0,1,0,0,0,0,0,0,0,0,0.4,0
"DILLON TATUM","MIAMI OH",69,56.3,"C",62.5,67.5,44.6,60,4,3,1,112.5,0,2,1,0,0,5.5,0,0.23,3,NA,6.3,1,0,0,0,0,0,0,0,1,0,0,0,0,0,0,0,0,1,0,0,3,5,2,2,2,0.667,11,1,1,0,0,0,0,0.333,0,3.7,0.333,0,0
"KALEB HUTCHINSON","TOLEDO",65,56.23,"C",63.8,51.9,78.4,NA,8,1,2,70.1,0,1,0,0,1,2.5,1,0.16,5.86,NA,3.3,0,0,0,1,NA,0,0,0,0,0,0,0,0,0,0,0,0.111,2,1,0,1,4,3,0,2,0.667,5,0,0,0,0,0,0,0,0,1.7,0,0.111,0
"CHAPMAN LEWIS","UTAH ST",74,56.22,"C",46.7,48.7,45.5,NA,11,4,4,115.6,1,2,0,0,0,11.8,1,1.18,2,NA,9.3,2,1,1,3,NA,0,0,0,0,0,0,0,0,0,0,0,0.267,3,1,0,4,8,4,0,4,1,47,2,0,0,0,0.025,0,0.5,0,11.8,0,0.375,0.143
"ESTEBAN GUILLORY","UTEP",43,55.92,"C",68.6,66.3,68.4,NA,2,2,0,0,0,2,0,0,0,0,0,0,0,NA,0,0,0,0,0,NA,0,0,0,0,0,0,0,0,0,0,0,0,0,0,0,2,1,0,0,0,0,0,0,0,0,0,0,0,0,0,0,0,0,0
"CHRISTIAN FORD","MO STATE",47,55.89,"C",66.7,71.3,68.8,NA,5,1,2,156.3,1,0,2,0,0,18.7,0,2.67,4,NA,10,1,0,1,0,NA,0,0,0,1,0,0,0,0,0,0,0,0,1,0,0,1,2,2,2,3,0.75,56,1,2,0,0,0.048,0,0.25,0,14,0.5,0,0
"J.J. O'NEAL","MO STATE",75,55.02,"C",61.1,64.2,55,NA,10,1,1,87.5,1,0,0,0,1,7.3,0,0.76,12.5,NA,5,1,0,0,2,NA,0,0,0,0,0,0,1,0,0,0,0,0.167,0,0,0,1,5,2,1,3,0.75,22,1,0,0,0,0,0,0.25,0,5.5,0,0.333,0
"KAM FRANKLIN","LA TECH",32,54.94,"C",62.1,64.5,57.1,NA,3,2,1,0,0,2,0,0,0,0,0,0,5,NA,0,0,0,0,0,NA,0,0,0,0,0,0,0,0,0,0,0,0,1,0,0,2,1,0,0,0,0,0,0,0,0,0,0,0,0,0,0,0,0,0
"ELIJAH MC-CANTOS","COLO STATE",26,54.88,"C",57.9,67.6,48.3,59,6,1,0,39.6,0,1,0,0,1,0,0,0,22.33,NA,13,0,0,0,1,0,0,0,0,0,0,0,0,0,0,0,0,0.143,0,0,0,1,2,0,0,0,0,0,0,0,0,0,0,0,0,0,0,0,0.2,0
"JAHEIM PATTERSON","OREGON ST",40,54.79,"C",60.3,58.7,63.1,NA,4,1,1,39.6,1,1,0,0,1,0,0,0,10,NA,38,0,0,0,0,NA,0,0,0,0,0,0,0,0,0,0,0,0,0,0,0,1,2,1,0,0,0,0,0,0,0,0,0,0,0,0,0,0,0,0
"PERRY FISHER","KENNESAW",65,54.56,"C",59,65.4,46.3,NA,8,2,2,56.3,0,2,0,0,1,5,0,0.14,5,NA,11.5,0,0,0,1,NA,0,0,0,0,0,0,0,0,0,0,0,0.111,2,0,0,2,5,1,0,1,0.5,5,0,0,0,1,0,0.5,0,0,2.5,0,0.167,0
"JUAN SALAS","E MICHIGAN",34,53.82,"C",62.6,61,63.8,NA,4,2,1,52.1,0,0,0,0,2,16,0,0.7,5,NA,23,2,0,1,0,NA,0,0,0,0,0,0,0,0,0,0,0,0,1,0,0,2,1,1,1,1,0.333,16,1,0,0,0,0.043,0,0.333,0,5.3,0,0,0
"SHAMIR STERLIN","FIU",68,53.78,"C",61.5,63.5,56,NA,5,1,3,39.6,1,1,0,0,0,0,0,0,2,NA,24,0,0,0,1,NA,0,0,0,0,0,0,0,0,0,0,0,0.167,2,0,0,1,4,1,0,0,0,0,0,0,0,0,0,0,0,0,0,0,0.25,0
"STONE PERKINS","BALL ST",19,53.73,"C",67,65.4,65.2,NA,2,1,0,39.6,0,1,0,0,1,0,0,0,0,NA,55,0,0,0,0,NA,0,0,0,0,0,0,0,0,0,0,0,0,0,0,0,1,0,0,0,0,0,0,0,0,0,0,0,0,0,0,0,0,0,0
"PRESTON ESTOESTA","BOWL GREEN",38,53.66,"C",67.5,69.9,61.1,NA,8,0,2,112.5,2,0,0,0,0,11,0,0.73,11,NA,-6,0,0,0,1,NA,0,0,0,0,0,0,0,0,0,0,0,0.111,0,0,0,0,2,0,0,1,1,11,0,0,0,0,0,0,0,0,11,0,0.2,0
"CAM MILLER","KENNESAW",63,53.41,"C",54.2,55.1,53.6,NA,8,3,0,62.5,0,3,0,0,0,9,0,0.26,19.33,NA,28.5,0,0,0,1,NA,0,0,0,0,0,0,0,0,0,0,0,0.111,0,0,0,3,5,2,0,1,0.5,9,1,0,0,1,0,0.5,0.5,0,4.5,0,0.143,0
"LUCAS STRUCK","DOMINION",65,53.41,"C",67.8,55.9,80.7,70.4,8,1,4,108.3,0,1,0,0,0,10,0,0.87,3.2,NA,9,0,0,0,0,NA,1,0,0,0,0,0,0,0,0,0,0,0,4,0,1,1,2,2,1,2,1,20,2,0,0,0,0,0,1,0,10,0,0,0
"CARL FAUNTROY","LA MONROE",28,53.18,"C",64.2,66.6,58.1,60,4,1,0,39.6,0,1,0,0,1,0,0,0,10.5,NA,5,0,0,0,1,0,0,0,0,0,0,0,0,0,0,0,0,0.2,0,0,0,1,1,0,0,0,0,0,0,0,0,0,0,0,0,0,0,0,0.25,0
"JAYDEN DAVIS","LIBERTY",18,53.11,"C",68.4,66,66.5,NA,3,1,0,0,0,1,0,0,0,0,0,0,5,NA,0,0,0,0,0,NA,0,0,0,0,0,0,0,0,0,0,0,0,0,0,0,1,0,0,0,0,0,0,0,0,0,0,0,0,0,0,0,0,0,0
"MALIK ARMSTRONG","N ILLINOIS",41,52.97,"C",60.2,56.1,69,NA,4,3,0,64.6,0,3,0,0,1,10,0,0.34,0,NA,24,0,0,0,0,NA,0,0,0,0,0,0,0,0,0,0,0,0,0,0,0,3,2,2,0,1,0.5,10,1,0,0,0,0,0,0.5,0,5,0,0,0
"KOURI CRUMP","W MICHIGAN",33,52.01,"C",56.1,46.8,72.3,NA,4,3,0,45.1,0,2,0,0,2,11,0,0.69,0,NA,15.7,1,0,0,0,NA,0,0,0,0,0,0,0,0,0,0,0,0,0,0,0,3,2,2,0,1,0.333,11,1,0,0,0,0,0,0.333,0,3.7,0,0,0
"C.J. COOMBES","N TEXAS",64,51.59,"C",48.4,32.1,69.7,64.9,8,5,0,148.8,0,5,0,0,1,12.8,0,2.13,45,NA,10.8,0,0,1,0,NA,1,0,0,1,0,0,0,0,0,0,0,0,0,0,1,5,6,5,1,4,0.8,51,4,0,0,0,0.042,0,0.8,0,10.2,0,0,0
"ISRAEL BOYCE","USF",20,51.35,"C",64.9,63.2,63.9,NA,2,0,1,0,0,0,0,0,0,0,1,0,5,NA,0,0,0,0,0,NA,0,0,0,0,0,0,0,0,0,0,0,0,1,1,0,0,1,0,0,0,0,0,0,0,0,0,0,0,0,0,0,0,0,0
"KEVIN LONGSTREET","NEW MEXICO",22,51.22,"C",68.3,65,70.1,56.3,4,0,3,116.7,2,0,0,0,0,12,1,1,3,NA,8,0,0,0,0,0,0,0,0,0,0,0,0,0,0,0,0,0,1,1,0,0,1,1,1,1,1,12,1,0,0,0,0,0,1,0,12,0,0,0
"JORDAN PERRY","TROY",24,51.15,"C",68.9,63.2,71.6,58.2,2,1,0,0,0,1,0,0,0,0,0,0,8,NA,0,0,0,0,0,0,0,0,0,0,0,0,0,0,0,0,0,0,0,0,0,1,0,0,0,0,0,0,0,0,0,0,0,0,0,0,0,0,0,0
"TYLAN BOYKIN","E MICHIGAN",27,51.09,"C",76,77.9,65.9,NA,3,0,0,56.3,0,0,0,0,1,4,0,0.36,19,NA,12.5,0,1,0,0,NA,0,0,0,0,0,0,0,0,0,0,0,0.25,0,0,0,0,1,1,2,1,0.5,4,1,0,0,0,0,0,0.5,0,2,0,0,0.333
"SAILASA VADRAWALE III","OREGON ST",35,51.04,"C",71.6,71.3,65.1,NA,2,1,1,95.8,1,1,0,0,0,7,0,0.29,0,NA,6,0,0,0,0,NA,0,0,0,0,0,0,0,0,0,0,0,0,0,0,0,1,0,0,1,1,1,7,0,0,0,0,0,0,0,0,7,0,0,0
"JACK TCHIENCHOU","TULANE",44,51.03,"C",66.5,63.1,69.7,NA,5,2,0,95.8,0,2,0,0,0,7,0,0.3,2,NA,4,0,1,0,0,NA,0,0,0,0,0,0,0,0,0,0,0,0.167,0,0,0,2,1,1,0,1,1,7,0,0,0,0,0,0,0,0,7,0,0,0.333
"DY'LON WOMACK","CHARLOTTE",74,51.02,"C",66.1,61.5,74.7,NA,8,1,3,116.7,1,1,1,0,1,19.3,0,1.38,4.5,NA,12.8,0,1,2,0,NA,0,0,0,0,0,0,0,0,0,0,0,0.111,2,0,0,1,4,4,2,3,0.75,58,2,1,0,0,0.048,0,0.5,0,14.5,0.25,0,0.167
"AHMERE FOSTER","MEMPHIS",38,50.76,"C",74,75.2,62.6,NA,2,0,1,88.2,1,0,1,0,0,11,0,0.96,0,NA,7,0,0,1,0,NA,0,0,1,0,0,0,0,0,0,0,0,0,0,0,0,0,1,1,2,2,0.667,22,1,1,0,0,0.043,0,0.333,0,7.3,0.333,0,0
"JOHN KEOUGH","BUFFALO",37,50.7,"C",56.3,51.8,63.9,60,8,3,1,109.7,1,2,0,0,1,19,0,2.71,7.5,NA,12.3,1,0,1,0,0,0,0,0,0,0,0,0,0,0,0,0,0,0,0,0,3,3,2,0,2,0.667,38,2,0,0,1,0.071,0.333,0.667,0,12.7,0,0,0
"JAYDEN BRADLEY","TEXAS ST",85,50.68,"C",65.3,67.4,68.5,55.2,11,1,2,134,0,1,1,0,0,8,0,0.74,4.75,NA,3.5,0,1,0,0,0,0,0,0,1,0,0,0,0,0,0,0,0.083,2,0,0,1,5,3,1,5,0.833,40,3,1,0,0,0,0,0.5,0,6.7,0.167,0,0.143
"KALEN WOODS","MIDDLE TN",46,50.61,"C",65.8,61,71.3,NA,3,1,1,0,0,0,0,0,0,0,0,0,6,NA,0,1,1,0,0,NA,0,0,0,0,0,0,0,0,0,0,0,0.25,1,0,0,1,1,1,0,0,0,0,0,0,0,0,0,0,0,0,0,0,0,0.5
"KJ FLOWE","JAMES MAD",77,50.56,"C",60.1,57.7,66.2,57.9,5,1,2,62.5,0,0,1,0,0,9,0,0.53,3,NA,9.3,1,0,0,0,0,0,0,0,0,0,0,0,0,0,0,0,0,2,0,0,1,5,4,2,2,0.5,18,1,2,0,0,0,0,0.25,0,4.5,0.5,0,0
"JOEL ROGERS","UTSA",28,50.35,"C",62.6,65.3,57.9,NA,3,1,0,0,0,1,0,0,0,0,0,0,8.5,NA,0,0,0,0,1,NA,0,0,0,0,0,0,0,0,0,0,0,0.25,0,0,0,1,2,0,0,0,0,0,0,0,0,0,0,0,0,0,0,0,0.25,0
"SABOOR KARRIEM","TEMPLE",64,50.31,"C",66.1,66.8,62.5,58.1,7,2,1,118.8,0,1,0,0,0,17,0,0.38,6,NA,13,1,0,1,1,0,0,0,0,0,0,0,0,0,0,1,0,0.125,1,0,0,2,2,1,0,1,1,17,1,0,0,0,0.022,0,1,0,17,0,0.25,0
"ISAIAH JORDAN","NEVADA",41,50.09,"C",70.6,67.1,72.1,60,3,0,1,0,0,0,0,0,0,0,0,0,5,NA,0,0,0,0,0,0,0,0,0,0,0,0,0,0,0,0,0,0,1,0,0,0,0,0,0,0,0,0,0,0,0,0,0,0,0,0,0,0,0,0
"CHASE JACKSON","COAST CAR",40,49.96,"C",60,57.8,64.9,NA,4,1,1,0,0,0,0,0,0,0,0,0,2,NA,0,1,0,0,0,NA,0,0,0,0,0,0,0,0,0,0,0,0,1,0,0,1,1,1,0,0,0,0,0,0,0,0,0,0,0,0,0,0,0,0
"TAVIN WARD","USF",34,49.64,"C",42.8,44.6,58.8,NA,5,1,2,39.6,1,1,0,0,2,0,0,0,6,NA,7,0,0,0,1,NA,0,1,0,0,0,0,0,0,0,0,0,0.167,1,1,0,1,5,4,1,0,0,0,0,0,0,0,0,0,0,0,0,0,0.333,0
"JOSH PIERRE-LOUIS","MARSHALL",58,49.06,"C",63,62.8,64.7,55.8,4,2,1,93.1,1,2,0,0,0,6.3,0,0.76,0,NA,-4.7,0,0,0,0,0,0,0,0,0,0,0,0,0,0,0,0,0,0,0,0,2,2,1,0,3,1,19,0,0,0,0,0,0,0,0,6.3,0,0,0
"GEORGE MULLINS","DELAWARE",39,48.76,"C",62.8,72.8,53.4,NA,2,1,0,95.8,0,1,0,0,0,7,0,0.32,0,NA,6,0,0,0,1,NA,0,0,0,0,0,0,0,0,0,0,0,0.333,0,0,0,1,1,0,1,1,1,7,0,1,0,0,0,0,0,0,7,1,0.5,0
"CAMERON FRANKLIN","SM HOUSTON",26,48.67,"C",66.6,67.3,63.1,NA,4,0,2,0,0,0,0,0,0,0,0,0,4,NA,0,0,1,0,0,NA,0,0,0,0,0,0,0,0,0,0,0,0.2,2,0,0,0,1,0,0,0,0,0,0,0,0,0,0,0,0,0,0,0,0,0.333
"TREY RIDLEY","WASH STATE",18,48.44,"C",67.5,62.7,68.3,NA,1,1,0,0,0,1,0,0,0,0,0,0,0,NA,0,0,0,0,0,NA,0,0,0,0,0,0,0,0,0,0,0,0,0,0,0,1,0,0,0,0,0,0,0,0,0,0,0,0,0,0,0,0,0,0
"MICHAEL PATTERSON III","TEXAS ST",23,48.34,"C",65.1,69.1,49.7,NA,7,2,2,118.8,2,1,0,0,0,16.5,0,3.88,0,NA,4.3,1,1,1,1,NA,0,0,0,0,0,0,0,0,0,0,0,0.222,0,0,0,2,2,1,1,4,1,66,2,0,0,0,0.059,0,0.5,0,16.5,0,0.5,0.143
"LANDON SYLVIE","SO MISS",58,48.26,"C",53.5,52.4,56.7,NA,7,3,1,72.9,0,2,0,0,1,14,0,0.54,5.5,NA,7.5,1,1,0,0,NA,0,0,0,0,0,0,0,0,0,0,0,0.125,1,0,0,3,4,2,0,1,0.5,14,1,0,0,2,0,1,0.5,0,7,0,0,0.25
"CLINTON ROBINSON","KENT STATE",29,47.43,"C",65.3,65.8,55.1,71.6,3,0,1,100,0,0,0,0,0,8,0,0.73,7.5,NA,-1,0,0,0,1,25,0,0,0,0,0,1,0,0,0,0,0,0.25,1,0,1,0,1,0,0,1,1,8,0,0,0,0,0,0,0,0,8,0,0.333,0
"ROB BILLINGS IV","JVILLE ST",35,47.4,"C",62.7,64.8,57,NA,4,1,1,108.3,1,0,0,0,0,10,0,0.63,24,NA,-4,1,0,0,1,NA,0,1,0,0,0,0,0,0,0,0,0,0.2,0,1,0,1,2,1,1,1,1,10,1,0,0,1,0,1,1,0,10,0,0.5,0
"RAILYN ADAMS","SM HOUSTON",29,47.36,"C",67.8,68.1,61.4,NA,0,0,0,0,0,0,0,1,1,0,0,0,0,NA,4.5,0,1,0,0,NA,0,0,0,0,0,0,0,0,0,0,0,1,0,0,0,0,2,2,2,0,0,0,0,0,0,2,0,1,0,0.5,0,0,0,1
"JOSEPH HOLT","GA STATE",15,47.3,"C",64.9,62,64.8,NA,1,1,0,0,0,1,0,0,0,0,0,0,0,NA,0,0,0,0,0,NA,0,0,0,0,0,0,0,0,0,0,0,0,0,0,0,1,0,0,0,0,0,0,0,0,0,0,0,0,0,0,0,0,0,0
"DEUCE LEE","GA STATE",44,47.25,"C",46.7,56.8,38.6,NA,5,1,1,39.6,0,1,0,0,1,0,1,0,6.5,NA,18,0,0,0,3,NA,0,0,0,0,0,0,0,0,0,0,0,0.375,1,1,0,1,6,1,0,0,0,0,0,0,0,1,0,1,0,0,0,0,0.375,0
"CHRIS PAYNE","LA MONROE",24,47.12,"C",69.6,63.8,71.5,NA,2,0,1,0,0,0,0,0,0,0,0,0,7,NA,0,0,0,0,0,NA,0,0,0,0,0,0,0,0,0,0,0,0,1,0,0,0,0,0,0,0,0,0,0,0,0,0,0,0,0,0,0,0,0,0
"KYLE PETERSON","WASH STATE",19,46.49,"C",65.2,64.3,62.8,NA,1,0,1,0,1,0,0,0,0,0,0,0,0,NA,0,0,0,0,0,NA,0,0,0,0,0,0,0,0,0,0,0,0,0,0,0,0,0,0,0,0,0,0,0,0,0,0,0,0,0,0,0,0,0,0
"AJ GRAHAM","DELAWARE",21,46.29,"C",60.7,59.5,61.6,NA,0,0,0,39.6,0,0,1,0,0,0,0,0,0,NA,14,0,2,0,0,NA,0,0,0,0,0,0,0,0,0,0,0,1,0,0,0,0,2,2,1,0,0,0,0,1,0,0,0,0,0,0,0,1,0,1
"KODE LOWE","UTEP",23,46.23,"C",63.4,65.7,59.3,58.6,3,0,3,0,0,0,0,0,0,0,0,0,3.33,NA,0,0,0,0,0,0,0,0,0,0,0,0,0,0,0,0,0,0,3,0,0,0,1,0,0,0,0,0,0,0,0,0,0,0,0,0,0,0,0,0
"JONATHAN PATTERSON","CHARLOTTE",39,45.94,"C",68.9,70.8,62.3,56,1,0,0,0,0,0,0,0,0,0,0,0,0,NA,0,0,0,0,0,0,0,0,0,0,0,0,0,0,0,0,0,0,0,0,0,0,0,0,1,0,0,0,0,0,0,0,0,0,0,0,0,0,0,0
"LAQUAN ROBINSON","SO MISS",19,45.9,"C",66.7,63.8,66.4,NA,2,0,2,0,0,0,0,0,0,0,0,0,3,NA,0,0,0,0,0,NA,0,0,0,0,0,0,0,0,0,0,0,0,2,0,0,0,0,0,0,0,0,0,0,0,0,0,0,0,0,0,0,0,0,0
"KALEB PURDY","APP STATE",52,45.82,"C",69.6,68.2,68.6,60,3,0,1,95.8,1,0,0,0,0,7,0,0.19,2,NA,0,0,0,0,0,0,0,0,0,0,0,0,0,0,0,0,0,0,0,0,0,0,0,0,0,1,1,7,0,0,0,0,0,0,0,0,7,0,0,0
"DYLAN PHELPS","COLO STATE",43,45.7,"C",58.8,59.7,59.3,56.2,4,3,0,86.8,0,3,1,0,0,10.5,0,1.91,0,NA,0.3,0,1,1,0,0,0,0,0,0,0,0,0,0,0,0,0,0.2,0,0,0,3,4,2,1,2,0.667,21,1,1,0,2,0.091,0.667,0.333,0,7,0.333,0,0.5
"TAINOA LAVE","S DIEGO ST",16,45.69,"C",66.9,64.5,65.1,NA,2,0,0,0,0,0,0,0,0,0,0,0,5,NA,0,0,0,0,0,NA,0,0,0,0,0,0,0,0,0,0,0,0,0,0,0,0,0,0,0,0,0,0,0,0,0,0,0,0,0,0,0,0,0,0
"JO CHAVEZ","RICE",36,45.61,"C",62.2,66.6,57,54.8,4,0,1,0,0,0,0,0,0,0,0,0,5,NA,0,0,0,0,1,0,0,0,0,0,0,0,0,0,0,0,0,0.2,1,0,0,0,2,0,0,0,0,0,0,0,0,0,0,0,0,0,0,0,0.25,0
"TAIJH OVERTON","LA MONROE",27,45.41,"C",64.7,46.5,81,NA,6,2,3,108.3,0,2,0,0,0,10,0,1,4,NA,8,0,0,0,0,NA,0,0,0,0,0,0,0,0,0,0,0,0,3,0,0,2,1,1,0,1,1,10,1,0,0,0,0,0,1,0,10,0,0,0
"JABARI TILLER","LA MONROE",26,45.4,"C",63.4,68.3,53.2,NA,3,2,0,91.7,0,1,0,0,0,6,0,0.43,0,NA,-1,1,0,0,0,NA,0,0,0,0,0,0,0,0,0,0,0,0,0,0,0,2,3,1,1,1,1,6,1,0,0,0,0,0,1,0,6,0,0,0
"ELI COPPESS","MIAMI OH",69,44.79,"C",62.5,68.1,45.6,60,4,1,1,95.4,1,1,1,0,0,17.3,0,1.04,0,NA,18.6,0,0,1,2,0,0,0,0,0,0,0,0,0,0,0,0,0.333,0,0,0,1,4,2,1,3,0.6,52,1,1,0,0,0.02,0,0.2,0,10.4,0.2,0.667,0
"DYLAN KING","MEMPHIS",29,44.27,"C",61.3,64.8,56.6,59.2,2,0,0,0,0,0,0,0,0,0,0,0,11.5,NA,0,0,0,0,1,0,0,0,0,0,0,0,0,0,0,0,0,0.333,0,0,0,0,1,0,0,0,0,0,0,0,0,0,0,0,0,0,0,0,0.333,0
"ISAIAH GREEN","S DIEGO ST",22,44.27,"C",66.8,65.2,63.1,NA,1,0,1,0,0,0,0,0,0,0,0,0,4,NA,0,0,0,0,0,NA,0,0,0,0,0,0,0,0,0,0,0,0,1,0,0,0,0,0,0,0,0,0,0,0,0,0,0,0,0,0,0,0,0,0
"WILL STEIL","N DAK ST",27,44.26,"C",61.3,57.2,67.3,NA,3,0,0,NA,0,0,0,NA,NA,NA,0,NA,14.5,NA,NA,0,0,NA,0,NA,0,0,0,NA,0,0,0,0,0,0,0,0,0,0,0,0,1,NA,NA,NA,NA,NA,NA,NA,NA,NA,NA,NA,NA,NA,NA,NA,0,0
"DRAKE VICKERS","OREGON ST",35,44.14,"C",56.8,52.7,67.1,NA,7,0,4,97.5,2,0,0,0,0,7.4,0,1.85,5.33,NA,6.8,0,0,0,0,NA,0,1,0,0,0,0,0,0,0,0,0,0,2,1,0,0,5,4,2,5,1,37,3,0,0,0,0,0,0.6,0,7.4,0,0,0
"MIKE WRIGHT III","BOWL GREEN",15,43.85,"C",55.1,60.7,53.3,NA,4,0,2,0,0,0,0,0,0,0,0,0,3,NA,0,0,0,0,1,NA,0,0,0,0,0,0,0,0,0,0,0,0.333,2,0,0,0,2,0,0,0,0,0,0,0,0,0,0,0,0,0,0,0,0.333,0
"DERRICK JACKSON III","KENT STATE",34,43.59,"C",61.2,65.3,53.4,NA,4,2,0,118.8,0,1,0,0,0,13,0,0.81,0,NA,-2,1,0,0,0,NA,0,0,0,0,0,0,0,0,0,0,0,0,0,0,0,2,3,1,1,1,1,13,1,0,0,0,0,0,1,0,13,0,0,0
"ETHAN TIERNEY","FRESNO ST",56,43.58,"C",65.2,72.6,43.9,59.1,0,0,0,36.5,0,0,0,2,2,15.5,0,0.86,0,NA,22.5,0,1,1,0,0,0,0,0,0,0,0,0,0,0,0,0,1,0,0,0,0,5,2,2,2,0.5,31,1,0,0,0,0.028,0,0.25,0.5,7.8,0,0,1
"ADARIUS HUTCHINSON","UTEP",43,43.48,"C",57.4,56.4,59.7,58.5,5,2,0,158.3,0,1,0,0,0,19,0,1.36,4.5,NA,25,1,0,1,0,25,1,0,0,1,0,0,0,0,0,0,0,0,0,0,1,2,3,1,0,1,1,19,1,0,0,0,0.071,0,1,0,19,0,0,0
"BENI MWAMBA","MEMPHIS",23,43.38,"C",65.6,63.8,65.2,NA,2,0,1,62.5,1,0,0,0,1,9,0,0.9,16,NA,4.5,0,1,0,0,NA,0,0,0,0,0,0,0,0,0,0,0,0.333,0,0,0,0,1,1,1,1,0.5,9,1,0,0,0,0,0,0.5,0,4.5,0,0,0.5
"CHRISTIAN PETERSON","E CAROLINA",31,43.36,"C",67.5,66.2,65.6,NA,2,0,2,87.5,1,0,0,0,0,5,0,0.38,4,NA,-2,0,0,0,0,NA,0,0,0,0,0,0,0,0,0,0,0,0,1,0,0,0,0,0,0,1,1,5,0,0,0,0,0,0,0,0,5,0,0,0
"JAYDEN LAWTON","TEXAS ST",65,43.34,"C",59.9,57.5,66.5,NA,4,0,1,51,0,0,1,0,2,23,0,0.52,5,NA,19.5,0,1,1,0,NA,0,0,0,0,0,0,0,0,0,0,0,0.2,1,0,0,0,3,3,1,1,0.25,23,1,1,0,0,0.023,0,0.25,0,5.8,0.25,0,0.25
"GERAYAS GRIMES","FRESNO ST",74,42.99,"C",58.8,56.3,65,58.7,12,1,3,106.5,0,1,0,0,1,11.2,0,1.43,4.8,NA,14.3,0,0,2,1,0,0,0,0,0,0,0,0,0,0,0,0,0.077,3,0,0,1,6,5,2,6,0.857,67,2,0,0,0,0.043,0,0.286,0,9.6,0,0.143,0
"TJ MCGILL","JAMES MAD",34,42.93,"C",63.6,65.6,60.5,59.7,3,0,1,91.7,1,0,0,0,0,6,0,0.75,9.5,NA,5,0,0,0,1,0,0,0,0,0,0,0,0,0,0,0,0,0.25,0,0,0,0,1,0,0,1,1,6,0,0,0,0,0,0,0,0,6,0,0.333,0
"DEMETRIUS HILL","FIU",41,42.92,"C",60.2,58.7,62.3,NA,3,0,1,39.6,0,0,0,0,1,0,0,0,2.67,NA,21,0,0,0,0,NA,0,0,0,0,0,0,0,0,0,0,0,0,1,0,0,0,3,1,0,0,0,0,0,0,0,0,0,0,0,0,0,0,0,0
"MICHAEL ROBINSON III","SO MISS",47,42.87,"C",60.8,67,50.3,59.2,7,1,2,130.2,2,0,0,0,0,5.8,0,1.21,5.33,NA,5.3,1,0,1,2,0,0,0,0,1,0,0,0,0,0,0,0,0.222,0,0,0,1,4,2,3,4,1,23,2,0,0,4,0.053,1,0.5,0,5.8,0,0.4,0
"AYDEN JACKSON","USF",45,42.78,"C",55,49.7,68.4,NA,5,1,1,75,1,0,0,0,1,15,0,0.6,5.5,NA,9,1,0,1,0,NA,0,0,0,0,0,0,0,0,0,0,0,0,0,0,0,1,2,2,0,1,0.5,15,1,0,0,0,0.04,0,0.5,0,7.5,0,0,0
"KAMAURRI MCKINLEY","E CAROLINA",22,42.75,"C",60.6,63.7,57.4,58.1,2,0,2,0,0,0,0,0,0,0,0,0,2,NA,0,0,0,0,0,0,0,0,0,0,0,0,0,0,0,0,0,0,2,0,0,0,1,0,0,0,0,0,0,0,0,0,0,0,0,0,0,0,0,0
"CALEB CLARK-GLOVER","MARSHALL",47,42.68,"C",53.9,48.9,67.6,59.6,8,0,2,118.8,2,0,0,0,0,15.2,0,3.17,12,NA,8.8,0,0,2,0,0,0,2,0,0,0,0,0,0,0,0,0,0,0,2,0,0,4,4,2,5,1,76,4,0,0,0,0.083,0,0.8,0,15.2,0,0,0
"JA'DEN MCBURROWS","APP STATE",30,42.61,"C",46.4,51.6,60.8,53.1,2,1,1,66.3,1,0,0,0,1,5.7,0,0.74,0,NA,6,1,0,0,0,16.7,1,0,0,0,0,0,0,1,0,0,0,0,0,0,1,1,4,4,1,3,0.6,17,0,0,0,0,0,0,0,0,3.4,0,0,0
"AMARION FORTENBERRY","USF",20,42.6,"C",64,63.9,61.6,60,1,0,1,0,0,0,0,0,0,0,0,0,2,NA,0,0,0,0,0,0,0,0,0,0,0,0,0,0,0,0,0,0,1,0,0,0,1,0,0,0,0,0,0,0,0,0,0,0,0,0,0,0,0,0
"GUMBO GASKINS","MIDDLE TN",19,41.98,"C",66.1,64.5,64.3,NA,1,1,0,83.3,0,1,0,0,0,4,0,0.31,0,NA,-1,0,0,0,0,NA,0,0,0,0,0,0,0,0,0,0,0,0,0,0,0,1,0,0,0,1,1,4,0,0,0,0,0,0,0,0,4,0,0,0
"KAHLIL ALI","DELAWARE",44,41.98,"C",61.9,49.8,72.9,77.3,6,1,1,118.8,0,1,0,0,0,26,0,2.17,5.75,NA,3,0,0,1,0,0,1,0,0,0,0,0,0,0,0,0,0,0,1,0,1,1,2,2,1,2,1,52,2,0,0,0,0.042,0,1,0,26,0,0,0
"JYAIRE BROWN","SO MISS",48,41.94,"C",71.5,70.2,70.1,59,3,0,2,102.8,2,0,0,0,0,8.7,0,1.18,8,NA,-1,0,1,1,0,0,0,0,0,0,0,0,0,0,0,0,0,0.25,0,0,0,0,1,1,2,3,1,26,1,0,0,3,0.045,1,0.333,0,8.7,0,0,0.333
"TRE'SHAWN MOORE","COLO STATE",56,41.64,"C",56.1,50.3,64.2,NA,8,3,2,118.8,1,1,0,0,0,24.5,0,2.88,11,NA,15.5,2,1,2,0,NA,0,0,0,0,0,0,0,0,0,0,0,0.111,1,0,0,3,4,3,0,2,1,49,2,0,0,2,0.118,1,1,0,24.5,0,0,0.25
"JEREMIAH VESSEL","LIBERTY",39,41.59,"C",63,57.9,70.3,NA,5,1,0,118.8,0,1,0,0,0,14,0,0.74,17.5,NA,13,0,0,0,0,NA,0,0,0,0,0,0,0,0,0,0,0,0,0,0,0,1,1,1,0,1,1,14,1,0,0,0,0,0,1,0,14,0,0,0
"MICAH DAVIS","W MICHIGAN",30,41.57,"C",52.6,65.1,41.2,NA,3,0,0,0,0,0,0,0,0,0,0,0,21.5,NA,0,0,0,0,2,NA,0,0,0,0,0,0,0,0,0,0,0,0.4,0,0,0,0,3,0,0,0,0,0,0,0,0,0,0,0,0,0,0,0,0.5,0
"RODRICK HUNTER","AKRON",41,41.54,"C",59.9,64.4,55.4,56.5,2,0,0,0,0,0,0,0,0,0,0,0,4,NA,0,0,0,0,1,0,0,0,0,0,0,0,0,0,0,0,0,0.333,0,0,0,0,1,0,0,0,0,0,0,0,0,0,0,0,0,0,0,0,0.5,0
"BRYCE WILLIAMS","MIDDLE TN",56,41.47,"C",65.5,65.1,63.6,NA,2,0,1,100,1,0,0,0,0,8,0,0.28,0,NA,6,0,0,0,0,NA,0,0,0,0,0,0,0,0,0,0,0,0,0,0,0,0,1,1,1,1,1,8,0,0,0,0,0,0,0,0,8,0,0,0
"KEVIN MOORE","DELAWARE",19,41.46,"C",65.1,65,60.6,NA,NA,0,0,0,NA,NA,0,0,0,0,NA,0,0,NA,0,NA,NA,0,NA,NA,0,NA,0,0,0,0,0,0,0,0,0,NA,NA,0,0,NA,0,0,0,0,0,0,0,0,0,0,0,0,0,0,0,0,NA,NA
"JADEN CARRILLO","FRESNO ST",17,41.19,"C",64.6,64.7,60,NA,NA,0,0,0,NA,NA,0,0,0,0,NA,0,0,NA,0,NA,NA,0,NA,NA,0,NA,0,0,0,0,0,0,0,0,0,NA,NA,0,0,NA,0,0,0,0,0,0,0,0,0,0,0,0,0,0,0,0,NA,NA
"DESMAN HEARNS","WYOMING",65,40.99,"C",65.7,57.4,70.6,NA,6,2,2,110.4,0,2,0,0,0,10.5,0,2.63,5.33,NA,-2,0,1,0,0,NA,0,0,0,0,0,0,0,0,0,0,0,0.143,2,0,0,2,3,1,0,2,1,21,1,0,0,2,0,1,0.5,0,10.5,0,0,0.5
"CORNELL ALLEN","CHARLOTTE",47,40.97,"C",51.1,42.7,67.6,58.8,4,1,1,56.3,0,0,0,0,1,5,0,0.22,8.5,NA,6.5,1,0,0,0,0,0,0,0,0,0,0,0,0,0,0,0,0,1,0,0,1,1,1,0,1,0.5,5,0,0,0,0,0,0,0,0,2.5,0,0,0
"ASHTON WHITNER","LIBERTY",16,40.96,"C",64.1,63.6,62.5,59.3,NA,0,0,0,NA,NA,0,0,0,0,NA,0,0,NA,0,NA,NA,0,NA,0,0,NA,0,0,0,0,0,0,0,0,0,NA,NA,0,0,NA,0,0,0,0,0,0,0,0,0,0,0,0,0,0,0,0,NA,NA
"AVERY POWELL","TEMPLE",58,40.96,"C",53.7,54.3,53.4,NA,6,1,2,92.1,2,0,0,0,2,16,0,1.2,9,NA,19.8,1,0,2,1,NA,0,0,0,0,0,0,0,0,0,0,0,0.143,0,0,0,1,5,4,1,3,0.6,48,2,0,0,0,0.05,0,0.4,0,9.6,0,0.5,0
"QUENTAVIUS SCANDRETT","BALL ST",52,40.89,"C",60.8,60.4,60.8,60,4,2,0,118.8,0,2,0,0,0,16,0,0.7,4.5,NA,16,0,0,1,1,0,0,0,0,0,0,0,0,0,0,0,0,0.2,0,0,0,2,2,1,0,1,1,16,1,0,0,0,0.043,0,1,0,16,0,0.25,0
"GREG JOHNSON","DOMINION",39,40.42,"C",46.7,40.8,56.7,NA,3,1,0,39.6,0,1,0,0,1,0,0,0,40,NA,17.5,0,0,0,0,NA,0,0,0,0,0,0,0,0,0,0,0,0,0,0,0,1,3,2,0,0,0,0,0,0,0,0,0,0,0,0,0,0,0,0
"AUSTIN BRAWLEY","NEW MEXICO",50,40.33,"C",51,42.3,73.5,59.6,8,3,0,110.4,0,2,0,0,0,10.5,0,1.83,4,NA,7,1,1,0,0,0,0,0,0,0,0,0,0,0,0,0,0,0.111,0,0,0,3,5,5,0,4,1,42,3,0,0,0,0,0,0.75,0,10.5,0,0,0.167
"DEDAUNTE SCOTT","TULSA",30,40.06,"C",56,73.3,27.5,NA,1,0,1,56.3,1,0,0,0,1,1,0,0.06,0,NA,3.5,0,0,0,2,NA,0,0,0,0,0,0,0,0,0,0,0,0.667,0,0,0,0,3,0,1,1,0.5,1,0,0,0,0,0,0,0,0,0.5,0,1,0
"RJ MCINTOSH","TULSA",29,40.05,"C",61.1,66.7,48.5,NA,0,0,0,56.3,0,0,0,0,1,4,0,0.21,0,NA,13,0,0,0,1,NA,0,0,0,0,0,0,0,0,0,0,0,1,0,0,0,0,1,0,0,1,0.5,4,0,0,0,0,0,0,0,0,2,0,1,0
"ZYIL POWELL","TEMPLE",34,39.73,"D",58,57.4,64.1,55.2,4,1,0,87.5,0,1,0,0,0,5,0,1.05,4,NA,-1,1,1,0,0,0,0,0,0,0,0,0,0,0,0,0,0,0.2,0,0,0,2,2,2,0,4,1,20,0,0,0,0,0,0,0,0,5,0,0,0.333
"D'ANGELO HAGANS JR.","COLO STATE",32,39.36,"D",69.1,67.2,67.3,NA,3,0,0,64.6,0,0,0,1,0,9,0,2.25,12,NA,5.5,0,0,0,0,NA,0,0,0,0,0,0,0,0,0,0,0,0,0,0,0,0,1,1,1,2,1,18,1,0,0,2,0,1,0.5,0.5,9,0,0,0
"DEMARIUS HINES","E CAROLINA",31,39.29,"D",67.5,39,90.7,60,4,0,0,58.3,0,0,0,0,1,7,0,1,7.67,NA,10.5,0,0,0,0,0,0,0,0,0,0,0,1,0,0,0,0,0,0,0,0,0,2,2,0,1,0.5,7,0,0,0,0,0,0,0,0,3.5,0,0,0
"CHRISTIAN WHITE","W KENTUCKY",19,39.2,"D",60.9,64.4,53.9,NA,NA,0,0,0,NA,NA,0,0,0,0,NA,0,0,NA,0,NA,NA,0,NA,NA,0,NA,0,0,0,0,0,0,0,0,0,NA,NA,0,0,NA,1,0,0,0,0,0,0,0,0,0,0,0,0,0,0,0,NA,NA
"XAVIER SMITH","UTEP",59,39.07,"D",53.3,50.3,62,59.5,11,2,2,101.8,0,1,0,0,1,9.8,0,2.03,6.33,NA,7.6,1,1,1,1,0,0,0,0,0,0,0,0,0,0,0,0,0.154,2,0,0,2,7,5,0,6,0.857,59,4,0,0,0,0.035,0,0.571,0,8.4,0,0.2,0.125
"SETH GATHERS","JAMES MAD",65,38.51,"D",52.5,47.6,64.3,NA,6,2,1,118.8,0,1,1,0,0,16.5,0,1,5.33,NA,15.5,1,1,2,0,NA,0,0,0,0,0,0,0,0,0,0,0,0.143,1,0,0,2,5,4,1,2,1,33,2,1,0,0,0.061,0,1,0,16.5,0.5,0,0.333
"JONAVAN CARR","JVILLE ST",42,38.5,"D",59.6,56.8,67,57.4,3,1,2,91.7,0,0,0,0,0,6,1,0.96,0.5,NA,-2.5,1,0,0,0,0,0,0,0,0,0,0,0,0,0,0,0,0,2,1,0,1,4,3,1,4,1,24,1,0,0,4,0,1,0.25,0,6,0,0,0
"JAYLIN CRUMBY","N DAK ST",34,38.28,"D",60.5,59.6,60.9,NA,NA,0,0,NA,NA,NA,0,NA,NA,NA,NA,NA,0,NA,NA,NA,NA,NA,NA,NA,0,NA,0,NA,0,0,0,0,0,0,0,NA,NA,0,0,NA,1,NA,NA,NA,NA,NA,NA,NA,NA,NA,NA,NA,NA,NA,NA,NA,NA,NA
"NASIR EATMON","DELAWARE",40,38.26,"D",50.2,50.9,54.4,59,4,2,0,85.4,0,2,0,0,1,10,0,0.83,0,NA,17.7,0,0,0,1,0,0,0,0,0,0,0,0,0,0,0,0,0.2,0,0,0,2,4,3,0,2,0.667,20,1,0,0,0,0,0,0.333,0,6.7,0,0.333,0
"BRIAN DUKES JR.","S JOSE ST",70,38.24,"D",64.2,61.7,67.8,NA,4,0,1,109,0,0,0,0,0,18.5,1,1.09,3.67,NA,2.7,0,1,2,0,NA,0,0,0,0,0,0,0,0,0,0,0,0.2,1,1,0,0,2,1,0,2,0.667,37,1,0,0,0,0.059,0,0.333,0,12.3,0,0,0.5
"WESLEY MILLER","FIU",39,37.74,"D",56.5,53.6,64.8,NA,1,0,1,39.6,0,0,0,0,1,0,0,0,12,NA,13,0,1,0,0,NA,0,0,0,0,0,0,0,0,0,0,0,0.5,1,0,0,0,2,2,1,0,0,0,0,0,0,0,0,0,0,0,0,0,0,1
"DARRELL BRYANT JR.","C MICHIGAN",57,37.29,"D",55.4,48.2,72.6,NA,9,2,1,118.8,0,1,0,0,0,22.7,0,1.89,10.5,NA,11.7,1,0,2,0,NA,0,0,0,0,0,0,0,0,0,0,0,0,1,0,0,2,4,3,0,3,1,68,2,0,0,2,0.056,0.667,0.667,0,22.7,0,0,0
"DARREN JAMES-HAMILTON","OHIO",46,37.11,"D",50.1,60.6,37.6,NA,4,0,0,0,0,0,0,0,0,0,0,0,2.33,NA,0,0,0,0,3,NA,0,0,0,0,0,0,0,0,0,0,0,0.429,0,0,0,0,5,1,0,0,0,0,0,0,0,0,0,0,0,0,0,0,0.5,0
"WARREN SMITH JR.","SACRAMENTO",57,37.03,"D",51.4,50.9,54.2,NA,5,0,5,NA,0,0,1,NA,NA,NA,0,NA,3.8,NA,NA,0,1,NA,2,NA,0,0,0,NA,0,0,0,0,0,0,0,0.375,5,0,0,0,6,NA,NA,NA,NA,NA,NA,NA,NA,NA,NA,NA,NA,NA,NA,NA,0.286,1
"D-ICEY HOPKINS","LIBERTY",41,36.81,"D",58.2,55,63.2,60,3,0,1,58.3,0,0,0,0,1,7,0,0.37,13.33,NA,5,0,0,0,1,0,0,0,0,0,0,0,0,0,0,0,0,0.25,1,0,0,0,2,1,0,1,0.5,7,1,0,0,0,0,0,0.5,0,3.5,0,0.25,0
"BRANDON JONES","N TEXAS",56,36.67,"D",51,46.2,60.1,NA,7,1,0,95.8,0,1,0,0,1,29,0,1.32,10.75,NA,28,0,0,1,0,NA,0,0,0,0,0,0,0,0,0,0,0,0,0,0,0,1,4,2,0,1,0.5,29,1,0,0,0,0.045,0,0.5,0,14.5,0,0,0
"KODY JACKSON","LA LAFAYET",53,36.6,"D",62.5,60.7,60.8,67,2,0,2,95.8,0,0,0,0,1,28,0,1,2,NA,15,0,1,1,1,25,0,0,0,0,0,1,0,0,0,0,0,0.5,2,0,1,0,2,1,0,1,0.5,28,1,0,0,0,0.036,0,0.5,0,14,0,0.333,1
"AHRAN OGBOR","RICE",16,35.79,"D",63.6,60.8,65.2,NA,1,0,0,106.3,0,0,1,0,0,9.5,0,2.71,7,NA,-2,0,1,0,0,NA,0,0,0,0,0,0,0,0,0,0,0,0.5,0,0,0,0,2,2,1,2,1,19,0,1,0,0,0,0,0,0,9.5,0.5,0,1
"BRANDON ROSE","COAST CAR",61,35.54,"D",55.9,60.1,47.2,NA,6,1,1,93.8,0,0,0,0,0,13,0,0.72,5.67,NA,17,1,1,1,1,NA,0,0,0,0,0,0,0,0,0,0,0,0.25,1,0,0,1,5,2,0,2,0.667,26,2,0,0,0,0.028,0,0.667,0,8.7,0,0.25,0.25
"COLLIN GILL","CHARLOTTE",76,34.92,"D",60.7,58.2,65.5,58.9,6,1,2,91.7,1,1,1,1,0,10.7,0,1.83,4,NA,11.5,0,1,3,1,0,0,0,0,2,0,0,0,0,0,0,0,0.25,1,0,0,1,8,7,3,7,0.7,75,5,1,0,0,0.073,0,0.5,0.1,7.5,0.1,0.25,0.25
"JAEDEN GOULD","TEMPLE",31,34.82,"D",55.9,59.6,62.7,NA,2,0,1,84,1,0,0,0,1,9.5,0,0.83,0,NA,11.3,0,0,1,0,NA,0,0,0,0,0,0,0,0,0,0,0,0,0,0,0,0,3,2,1,2,0.667,19,1,0,0,0,0.043,0,0.333,0,6.3,0,0,0
"KYON CONYERS","N ILLINOIS",53,33.99,"D",63.9,63.5,62.5,NA,5,0,1,101.7,1,0,0,0,0,8.4,0,1.14,0,NA,1.4,0,1,1,0,NA,0,0,0,0,0,0,0,0,0,0,0,0.167,0,0,0,0,3,3,1,5,1,42,3,0,0,0,0.027,0,0.6,0,8.4,0,0,0.167
"CARY GRANT","APP STATE",17,33.95,"D",58.6,55.4,63.7,NA,1,1,0,100,0,1,0,0,0,8,0,1.6,0,NA,-1,0,0,0,0,NA,0,0,0,0,0,0,0,0,0,0,0,0,0,0,0,1,1,1,0,2,1,16,0,0,0,0,0,0,0,0,8,0,0,0
"NOREY JOHNSON","KENT STATE",30,33.63,"D",58.6,53.6,66.6,NA,3,1,0,95.8,0,1,0,1,1,49,0,3.06,8,NA,27.5,0,0,1,0,NA,0,0,0,1,0,0,0,0,0,0,0,0,0,0,0,1,4,4,1,1,0.5,49,1,0,0,0,0.063,0,0.5,0.5,24.5,0,0,0
"MILES GREER","BUFFALO",46,33.54,"D",57.5,57.4,57.8,NA,4,1,0,118.8,0,0,0,0,0,31,0,1.48,13,NA,29,1,0,1,1,NA,0,0,0,0,0,0,0,0,0,0,0,0.2,0,0,0,1,2,1,0,1,1,31,1,0,0,0,0.048,0,1,0,31,0,0.333,0
"JOEY POPE","W MICHIGAN",63,33.26,"D",54.7,51.7,60.3,NA,6,0,2,81.3,0,0,0,0,2,18,0,1.44,7.67,NA,17.5,0,0,1,1,NA,0,0,0,0,0,0,0,0,0,0,0,0.143,2,0,0,0,3,2,0,2,0.5,36,2,0,0,0,0.04,0,0.5,0,9,0,0.25,0
"RJ HALL","LA MONROE",24,32.68,"D",64.5,65.2,59.6,NA,2,0,1,97.9,1,0,0,0,0,7.5,0,1.5,0,NA,0,0,1,0,1,NA,0,0,0,0,0,0,0,0,0,0,0,0.5,0,0,0,0,2,1,1,2,1,15,1,0,0,0,0,0,0.5,0,7.5,0,1,0.333
"MARTELL BUCHANAN","KENT STATE",17,32.28,"D",61.5,50.7,72.8,NA,4,1,2,118.8,0,1,0,0,0,20,0,2.86,3,NA,19,0,0,1,0,NA,0,0,0,0,0,0,0,0,0,0,0,0,2,0,0,1,1,1,0,1,1,20,1,0,0,0,0.143,0,1,0,20,0,0,0
"BREVIN HAMBLIN","UTAH ST",76,32.12,"D",50.7,50.3,54.4,59.8,7,1,1,104.2,0,0,1,0,0,21,0,1.58,7.67,NA,13,1,2,2,1,0,0,0,0,0,0,0,0,0,0,0,0,0.3,1,0,0,1,8,6,2,3,0.6,63,2,1,0,0,0.05,0,0.4,0,12.6,0.2,0.25,0.333
"TY JONES","LA TECH",19,31.47,"D",59.5,56.1,64.9,NA,2,0,0,112.5,0,0,0,0,0,11,0,1.38,33,NA,11,0,0,0,0,NA,0,0,0,0,0,0,0,0,0,0,0,0,0,0,0,0,1,1,0,1,1,11,1,0,0,0,0,0,1,0,11,0,0,0
"ZY JACKSON","LA MONROE",31,31.36,"D",53.9,58.9,48.1,NA,2,1,0,93.8,0,1,0,0,1,13,0,1.63,0,NA,10.3,0,0,1,1,NA,0,0,0,0,0,0,0,0,0,0,0,0.333,0,0,0,1,4,2,1,2,0.667,26,1,0,0,0,0.063,0,0.333,0,8.7,0,0.5,0
"JACOB COSBY-MOSLEY","W KENTUCKY",16,31.27,"D",58.1,51.1,66.3,NA,2,1,1,118.8,0,1,0,0,0,13,0,2.17,1,NA,13,0,0,0,0,NA,0,0,0,0,0,0,0,0,0,0,0,0,1,0,0,1,1,1,0,1,1,13,1,0,0,0,0,0,1,0,13,0,0,0
"JELANI MCLAUGHLIN","S DIEGO ST",59,30.78,"D",64,45.7,92.1,NA,5,0,0,104.2,0,0,0,0,0,9,0,0.67,7.25,NA,9.5,0,1,1,0,NA,0,0,0,0,0,0,1,0,0,1,0,0.167,0,0,0,0,3,3,0,2,1,18,2,0,0,0,0.037,0,1,0,9,0,0,0.5
"ASHTON WILLIAMS","TULSA",29,30.73,"D",58.2,56.1,62.5,NA,1,0,0,104.2,0,0,0,0,0,9,0,0.6,0,NA,9,0,0,0,0,NA,0,0,0,0,0,0,0,0,0,0,0,0,0,0,0,0,1,1,0,1,1,9,0,0,0,0,0,0,0,0,9,0,0,0
"AG MCGHEE","ARK STATE",67,30.27,"D",59.8,55.8,67.6,NA,5,0,1,153.5,1,0,0,0,0,11.3,0,1,7,NA,9.7,0,1,1,0,NA,0,0,0,1,0,0,0,0,0,0,0,0.167,0,0,0,0,3,3,0,3,1,34,2,0,0,0,0.029,0,0.667,0,11.3,0,0,0.2
"COLE BLAYLOCK","S ALABAMA",61,30.04,"D",61.5,54.5,76.7,57.7,6,0,2,118.8,0,0,0,0,0,22.5,0,1.13,3.25,NA,15.5,0,2,1,0,0,0,0,0,0,0,0,0,0,0,0,0,0.25,2,0,0,0,3,3,0,2,1,45,1,0,0,0,0.025,0,0.5,0,22.5,0,0,0.5
"BEN MINICH","MIAMI OH",69,29.56,"D",61.1,59.3,67.1,NA,3,0,0,101.7,0,0,0,0,1,10.5,0,0.88,11,NA,1.2,0,1,1,0,NA,0,0,0,0,0,0,0,0,0,0,0,0.25,0,0,0,0,3,3,0,4,0.8,42,2,0,0,0,0.021,0,0.4,0,8.4,0,0,0.333
"AAMII BRANCH","AKRON",50,29.31,"D",56.9,53.4,63.2,68.2,2,1,0,95.8,0,1,0,0,2,27,0,2.7,0,NA,9.5,0,0,3,0,0,0,0,0,0,0,1,0,0,0,0,1,0,0,0,1,1,4,3,2,3,0.5,81,3,0,0,5,0.1,0.833,0.5,0,13.5,0,0,0
"TYLER BAILEY","SM HOUSTON",41,29.04,"D",57,50.9,68.5,58.3,2,0,0,62.5,0,0,0,0,1,9,0,0.5,17.5,NA,10.5,0,1,0,0,0,0,0,0,0,0,0,0,0,0,0,0,0.333,0,0,0,0,2,2,0,1,0.5,9,1,0,0,1,0,0.5,0.5,0,4.5,0,0,1
"AARON SEARS","GA SOUTHRN",37,28.45,"D",40.4,36.5,57,NA,4,3,1,135.4,0,2,0,0,1,28,0,2.67,5,NA,22.3,1,0,2,0,NA,0,0,0,1,0,0,0,0,0,0,0,0,1,0,0,3,4,3,0,2,0.5,56,2,0,0,1,0.095,0.25,0.5,0,14,0,0,0
"MARC WOODS","JVILLE ST",49,28.21,"D",55.3,57.1,53.5,58,3,1,0,118.8,0,0,0,0,0,26,0,0.87,5,NA,27,1,1,1,1,0,0,0,0,0,0,0,0,0,0,0,0,0.4,0,0,0,1,3,2,0,1,1,26,1,0,0,0,0.033,0,1,0,26,0,0.5,0.333
"JOEL CORDOBA","KENT STATE",42,27.41,"D",40.1,48.2,44.8,55.6,7,1,1,118.8,0,1,0,0,0,18,0,1.89,6.5,NA,16,0,1,1,2,25,0,0,0,0,0,1,0,0,0,0,0,0.3,1,0,1,1,7,3,0,2,1,36,2,0,0,0,0.053,0,1,0,18,0,0.4,0.2
"DAVE HERARD","W KENTUCKY",38,24.88,"D",58.7,58.8,58.6,NA,3,0,0,158.3,0,0,0,0,0,26,0,1.53,13.33,NA,6,0,0,1,1,NA,0,0,0,1,0,0,0,0,0,0,0,0.25,0,0,0,0,2,1,0,1,1,26,1,0,0,0,0.059,0,1,0,26,0,0.25,0
"TRE MITTMAN","GA STATE",52,24.79,"D",54.4,37.4,74.8,58.1,4,1,1,135.4,0,1,0,0,0,30,0,2.5,15,NA,26.5,0,0,1,0,0,0,0,0,1,0,0,0,0,0,0,0,0,1,0,0,1,2,2,0,1,0.5,30,1,0,0,2,0.083,1,0.5,0,15,0,0,0
"ELIJAH BROWN","COLO STATE",40,23.58,"D",45.4,48.4,44.8,NA,5,2,0,118.8,0,2,0,0,0,70,0,5.83,0,NA,49,0,0,1,1,NA,0,0,0,0,0,0,0,0,0,0,0,0.167,0,0,0,2,4,1,0,1,1,70,1,0,0,0,0.083,0,1,0,70,0,0.333,0
"ELIJAH NEWELL","UTSA",46,23.54,"D",49.5,49.8,53.1,NA,3,1,0,133.3,0,1,0,0,1,13,0,0.87,0,NA,3.7,0,2,1,1,NA,0,0,0,1,0,0,0,0,0,0,0,0.5,0,0,0,1,4,3,0,2,0.667,26,1,0,0,0,0.033,0,0.333,0,8.7,0,0.5,0.5
"OREL GRAY","TEMPLE",19,23.33,"D",47.6,37,65.2,60,3,2,1,113.9,0,2,0,0,0,11.3,0,4.86,3,NA,2.3,0,0,1,0,0,0,0,0,0,0,0,0,0,0,0,0,0,1,0,0,2,3,2,0,3,1,34,2,0,0,0,0.143,0,0.667,0,11.3,0,0,0
"BRYCE LLEWELLYN","E MICHIGAN",58,22.69,"D",50.7,39.2,74.7,60,6,0,5,141.7,0,0,1,0,0,10.2,0,1.65,1.8,NA,6.3,0,2,0,1,0,0,0,0,1,0,0,0,0,0,0,0,0.333,5,0,0,0,7,6,1,5,0.833,51,2,1,0,0,0,0,0.333,0,8.5,0.167,0.167,0.667
"DALLAS YOUNG","S ALABAMA",36,21.72,"D",51.4,55.5,49.3,58.9,1,0,0,147.9,0,0,0,0,0,10,0,0.56,0,NA,15,0,0,0,0,0,0,0,0,1,0,0,0,0,0,0,0,0,0,0,0,0,2,1,0,1,1,10,1,0,0,0,0,0,1,0,10,0,0,0
"ANDRUW ELLIS","N ILLINOIS",29,19.7,"F",47.9,47.5,55.8,NA,4,0,1,118.8,0,0,0,0,0,32,0,1.6,1,NA,32,0,0,1,1,NA,0,0,0,0,0,0,0,0,0,0,0,0.2,1,0,0,0,3,2,0,1,1,32,1,0,0,0,0.05,0,1,0,32,0,0.5,0
"JORDAN MCRAE","LA TECH",59,19.66,"F",51.5,50.2,57.3,NA,5,0,0,115,0,0,0,0,0,14.5,0,2.07,9,NA,16,0,1,1,1,NA,0,0,0,0,0,0,0,0,0,0,0,0.286,0,0,0,0,5,4,0,4,0.8,58,3,0,0,0,0.036,0,0.6,0,11.6,0,0.333,0.25
"TAIRAN DAVIS JR.","AKRON",55,18.72,"F",45.1,33.9,74.5,55.1,6,2,0,118.8,0,2,0,0,0,14.8,0,1.97,14,NA,6.5,0,2,2,0,0,0,0,0,0,0,0,0,0,0,0,0,0.25,0,0,0,2,6,6,0,4,1,59,3,0,0,2,0.067,0.5,0.75,0,14.8,0,0,0.5
"JAMARCUS PIERRE","TEMPLE",18,18.3,"F",40.9,39.9,60,NA,2,0,1,109.7,1,0,0,0,0,28,0,4,0,NA,17.7,0,0,1,0,NA,0,0,0,0,0,0,0,0,0,0,0,0,0,0,0,0,2,2,0,2,0.667,56,1,0,0,0,0.071,0,0.333,0,18.7,0,0,0
"KEENAN NELSON","GA STATE",18,17.79,"F",50.1,54.6,49.8,NA,2,0,1,118.8,0,0,0,0,0,17,0,2.43,4,NA,12,0,0,1,0,NA,0,0,0,0,0,0,0,0,0,0,0,0,1,0,0,0,2,1,0,1,1,17,1,0,0,1,0.143,1,1,0,17,0,0,0
"MAKAI SHAHID","ARK STATE",58,17.76,"F",44,36.7,66.6,NA,5,1,0,116.7,0,0,0,0,1,30,0,3.1,9,NA,14,1,1,3,0,NA,0,0,0,0,0,0,0,0,0,0,0,0.167,0,0,0,1,4,4,0,3,0.75,90,3,0,0,0,0.103,0,0.75,0,22.5,0,0,0.25
"JALEN LEE","COAST CAR",31,14.76,"F",42.3,32.2,65.6,NA,2,0,1,135.4,0,0,0,0,1,40,0,3.08,3,NA,22,0,0,1,0,NA,0,0,0,1,0,0,0,0,0,0,0,0,1,0,0,0,1,1,0,1,0.5,40,1,0,0,0,0.077,0,0.5,0,20,0,0,0
"MEHKI FLOWERS","AKRON",19,7.03,"F",46.8,44.9,60,59.7,1,0,0,158.3,0,0,0,0,0,16,0,2.46,0,NA,10.5,0,0,2,0,0,0,0,0,1,0,0,0,0,0,0,0,0,0,0,0,0,2,2,0,2,1,32,2,0,0,2,0.154,1,1,0,16,0,0,0
"DAMON ALLEN","FAU",41,6.87,"F",44.1,39.9,62.8,NA,3,0,0,118.8,0,0,0,0,0,19,0,3.04,0,NA,14.8,0,1,3,0,NA,0,0,0,0,0,0,0,0,0,0,0,0.25,0,0,0,0,4,4,0,4,1,76,4,0,0,0,0.12,0,1,0,19,0,0,0.25
"JASON CROSS JR.","N TEXAS",18,1.95,"F",38.3,30.4,64.7,NA,1,0,0,158.3,0,0,0,0,0,41,0,6.83,6,NA,15,0,0,1,0,NA,0,0,0,1,0,0,0,0,0,0,0,0,0,0,0,0,2,2,0,1,1,41,1,0,0,0,0.167,0,1,0,41,0,0,0
"KAMRON CHAMBLE","BALL ST",40,0,"F",36.5,34.7,52.5,NA,1,0,0,130,0,0,0,0,2,15.3,0,2.09,0,NA,15.2,0,2,2,1,NA,0,0,0,1,0,0,0,0,0,0,0,0.75,0,0,0,0,7,6,0,3,0.6,46,3,0,0,0,0.091,0,0.6,0,9.2,0,1,0.667
