"Name","Team","Offensive.Snaps","Composite_Score","Player_Grade","Runblock.Grade","Passblock.Grade","Percentage.of.Positive.Grade","Pass.Block.Efficiency","Knockdown.Percentage","Defeated.Runblock.Percentage","Pressure.allowed.Percentage","Beaten.by.Defender","Hurries.Allowed","Hits.Allowed","Sacks.Allowed"
"WHIT HAFER","MISSOURI",41,100,"A",86.1,84.1,0.146,100,0,0.083,0,0,0,0,0
"NATHAN ROY","MINNESOTA",49,89.53,"A",77.7,75.5,0.143,100,0,0.125,0,2,0,0,0
"PAKI FINAU","BYU",45,88.44,"A",90.4,84.6,0.178,0,0,0.043,0,0,0,0,0
"TOLU OLAJIDE","WAKE",67,88.08,"A",71,85.4,0.104,100,0,0.179,0,1,0,0,0
"DEANDRE HARPER","KANSAS",43,79.22,"B",81.1,65,0.163,94.4,0,0.071,0.067,0,1,0,0
"CHRISTIAN MARTIN","ILLINOIS",44,73.36,"B",67.4,61,0.091,97.7,0.045,0.136,0.045,1,0,1,0
"TYREE ADAMS","TEXAS A&M",73,72.94,"B",87.7,80.2,0.123,0,0,0.061,0.025,0,1,0,0
"BO HUGHLEY","COLORADO",78,72.25,"B",67.4,79,0.051,98.4,0.031,0.087,0.031,1,0,1,0
"JACK LANGE","MISSOURI",46,71.91,"B",54.8,87,0.022,100,0,0.211,0,0,0,0,0
"MALACHI GOODMAN","PENN STATE",56,71.91,"B",75.9,84.4,0.107,0,0,0.069,0,0,0,0,0
"MOSHOOD GIWA","RUTGERS",64,71.02,"B",71.3,69.4,0.047,98.9,0.023,0.05,0.023,0,0,1,0
"JUSTIN TERRY","VA TECH",41,70.62,"B",79.2,75,0.146,0,0,0.191,0.05,0,1,0,0
"JUDE MCCOSKEY","PURDUE",57,70.48,"B",49.9,83.9,0.07,100,0,0.125,0,0,0,0,0
"JACK DOTZLER","IOWA",67,69.41,"B",71.7,78.6,0.09,0,0,0.222,0,1,0,0,0
"RYAN HOWARD","KANSAS ST",46,69.24,"B",70.4,85.8,0.087,0,0,0.136,0,0,0,0,0
"CALVIN CLEMENTS","KANSAS",60,69.04,"B",62.7,69.6,0.083,97.5,0,0.216,0.045,0,1,0,0
"JACOB PONTON","TEXAS TECH",73,68.16,"B",73.6,85.6,0.069,0,0,0.118,0,0,0,0,0
"PRESTON CUSHMAN","UCF",33,68.12,"B",57.3,72.8,0.061,100,0,0.125,0,1,0,0,0
"RAHTREL PERRY","MARYLAND",55,67.24,"B",75.6,79.6,0.091,0,0,0.143,0,2,0,0,0
"LEON BELL","COLORADO",78,67.02,"B",60,73.7,0.051,98.4,0.031,0.065,0.031,0,0,1,0
"LOGAN REICHERT","MISSOURI",33,66.92,"B",58.5,48.5,0.091,95.5,0.091,0.182,0.091,1,0,1,0
"REECE PARMENTER","UTAH",31,66.39,"B",61.6,74.7,0.032,100,0,0.042,0,0,0,0,0
"TREVION MACK","SYRACUSE",66,66.31,"B",80.1,81.6,0.076,0,0,0.032,0,1,0,0,0
"AIDAN MARTIN","WAKE",66,66.28,"B",72.9,61.6,0.076,98.7,0,0.107,0.026,2,1,0,0
"JOE COTTON","CINCINNATI",61,66.07,"B",63.6,86.4,0.098,0,0,0.119,0,0,0,0,0
"NICK MORROW","KANSAS",35,66.07,"B",81.8,44.1,0.143,95.5,0,0,0.063,1,1,0,0
"LUKE WORK","MISSOURI",38,65.36,"B",69.8,53.6,0.079,97.6,0,0.176,0.048,0,1,0,0
"TREVOR LAUCK","IOWA",39,65.25,"B",74.1,86.8,0.077,0,0,0,0,0,0,0,0
"AIDAN LYNCH","VA TECH",43,64.26,"B",70.1,78.6,0.07,0,0,0.13,0,0,0,0,0
"ANTHONY DONKOH","PENN STATE",44,62.44,"B",67.7,75.7,0.068,0,0,0.2,0,1,0,0,0
"MELVIN SIANI","TEXAS",55,62.16,"B",69.4,80.6,0.073,0,0.031,0.087,0.031,0,0,1,0
"JAHZARE JACKSON","GEORGIA",31,61.43,"B",72.5,82.8,0.065,0,0,0,0,0,0,0,0
"CEDRIC JEFFERSON","UTAH",60,60.37,"B",72.9,58.5,0.067,98.1,0,0.059,0.039,2,1,0,0
"SEAN THOMPKINS JR.","LSU",27,60.27,"B",61.8,80.6,0.074,0,0,0.125,0,0,0,0,0
"DAYNE ARNETT","S CAROLINA",34,59.96,"C",71.5,82.4,0.059,0,0,0,0,0,0,0,0
"HENRY TABANSI","UCF",42,59.7,"C",68.6,68.4,0.048,97.8,0,0,0.043,0,1,0,0
"JUDEA MILON","CINCINNATI",61,59.62,"C",54.5,84.2,0.066,0,0,0.214,0,0,0,0,0
"LANCE HEARD","KENTUCKY",58,59.42,"C",69.7,86.5,0.052,0,0,0,0,0,0,0,0
"NUKU MAFI","PURDUE",57,59.22,"C",67.8,67.6,0.07,97,0,0.125,0.061,1,2,0,0
"ZEREOUE WILLIAMS","UTAH",53,59.12,"C",47.6,86.2,0,100,0,0.071,0,0,0,0,0
"ALVIN EBOSELE","HOUSTON",76,59.09,"C",82.2,64.3,0.118,0,0.027,0.077,0.054,1,1,0,1
"FREDERICK WILLIAMS III","CAL",84,58.29,"C",70.3,83.7,0.083,0,0,0.083,0.021,1,1,0,0
"HOWARD SAMPSON","TEXAS TECH",73,57.69,"C",73,68.3,0.069,0,0,0.059,0,1,0,0,0
"JACKSON LLOYD","ALABAMA",76,56.39,"C",70,79.2,0.053,0,0,0.027,0,1,0,0,0
"GUS HAWKINS","KANSAS ST",46,56.03,"C",67.9,83,0.043,0,0,0,0,0,0,0,0
"NATHAN KNAPIK","ILLINOIS",44,56,"C",63.4,45,0.068,97.7,0,0.182,0.045,1,1,0,0
"PJ WILLIAMS","SMU",69,55.96,"C",68.3,82.1,0.043,0,0,0,0,0,0,0,0
"EKENE OGBOKO","GEORGIA",42,55.72,"C",81.3,62,0.095,0,0,0.063,0.039,1,1,0,0
"WILKIN FORMBY","TEXAS A&M",53,55.43,"C",61.9,84.1,0.038,0,0,0.083,0,0,0,0,0
"ANDREW GENTRY","BYU",45,55.04,"C",52.8,81.4,0.044,0,0,0.217,0,0,0,0,0
"JIMOTHY LEWIS JR.","CAL",83,54.96,"C",73.3,73.6,0.084,0,0,0.139,0.043,0,2,0,0
"DAVID SANDERS JR.","TENNESSEE",41,54.21,"C",64.5,76.9,0.049,0,0.053,0.091,0.053,0,0,0,1
"DANIEL SHIPP","MINNESOTA",41,54.19,"C",69,38.5,0.073,97.6,0,0.15,0.048,2,1,0,0
"STANTON RAMIL","AUBURN",76,53.42,"C",68.3,78.2,0.053,0,0,0.091,0.023,0,1,0,0
"CHAMP WESTBROOKS","ARIZONA ST",40,53.26,"C",67.5,78.6,0.05,0,0,0,0,1,0,0,0
"ELIJAH PRITCHETT","NEBRASKA",66,53.16,"C",66.8,72.7,0.076,0,0.029,0.129,0.057,0,1,1,0
"SAMSON OKUNLOLA","MIAMI FL",56,52.74,"C",58.5,77,0.054,0,0,0.174,0,2,0,0,0
"SETH SMITH","S CAROLINA",27,52.62,"C",58.1,78.9,0.037,0,0,0.118,0,0,0,0,0
"DARIUS GRAY","S CAROLINA",44,52.11,"C",64,85.6,0.023,0,0,0,0,0,0,0,0
"KEVIN BROWN","W VIRGINIA",76,52.07,"C",65.9,57.5,0.079,0,0.063,0.083,0.063,1,0,1,0
"TRISTAN BOUNDS","ARIZONA",55,52,"C",71.9,74.1,0.055,0,0,0.05,0.029,0,1,0,0
"CARTER SMITH","INDIANA",47,51.99,"C",68.6,48.9,0.085,0,0,0.1,0,1,0,0,0
"ASHTON LEPO","OKLA STATE",43,51.76,"C",56.2,76.6,0.023,0,0.043,0.25,0.043,0,0,0,1
"JAKE TAYLOR","IOWA STATE",43,51.45,"C",50.2,85,0.023,0,0,0.2,0,0,0,0,0
"JALEN KLEMM","ARIZONA ST",42,51.31,"C",70.5,73,0.071,0,0.039,0.063,0.077,0,1,1,0
"TEREZ DAVIS","OLE MISS",81,51.1,"C",81.2,59.6,0.086,0,0.024,0.026,0.048,2,1,1,0
"KAM PRINGLE","SYRACUSE",66,50.13,"C",62.7,73.8,0.045,0,0.029,0.032,0.029,0,0,1,0
"ROBERT WRIGHT JR.","MICH STATE",33,50,"C",48,66,0.03,0,0,0.389,0,1,0,0,0
"XAVIER CHAPLIN","FLORIDA ST",69,49.67,"C",68.8,74.4,0.101,0,0,0.081,0.063,0,2,0,0
"PHILLIP DANIELS","OHIO STATE",32,49.6,"C",56,67.6,0.063,0,0,0.357,0.056,0,1,0,0
"MATTHEW MCCOY","MIAMI FL",56,49.4,"C",61.1,78.5,0.036,0,0,0.174,0.03,0,1,0,0
"TYLER NEEDHAM","RUTGERS",52,49.18,"C",51.6,63.3,0,93.9,0.091,0.158,0.091,1,0,2,1
"ELIJAH PAIGE","USC",52,48.94,"C",63.4,74.1,0.058,0,0,0.12,0.037,0,1,0,0
"SHED SARRATT JR.","S CAROLINA",38,48.92,"C",56.7,77.6,0.026,0,0,0.091,0,0,0,0,0
"JAYLEN GILCHRIST","MARYLAND",44,48.72,"C",62.2,66.5,0.045,0,0.04,0.105,0.04,1,0,1,0
"MATTHEW LADO","ARIZONA",55,48.13,"C",65,76,0.036,0,0,0.1,0.029,0,1,0,0
"CONNOR HOWES","OLE MISS",35,47.99,"C",69.7,78.7,0.057,0,0,0,0.048,0,1,0,0
"RYAN BAER","PITTSBURGH",70,47.98,"C",53.3,85.6,0.014,0,0,0.087,0,0,0,0,0
"LAMONT ROGERS","TEXAS A&M",32,47.98,"C",67.6,67,0.063,0,0,0.143,0.056,0,1,0,0
"GRANT SEAGREN","NWESTERN",56,47.49,"C",67.1,73,0.036,0,0,0,0,2,0,0,0
"BLAKE FRAZIER","MICHIGAN",52,47.01,"C",53.3,88.6,0,0,0,0.08,0,0,0,0,0
"E'MARION HARRIS","OKLAHOMA",42,46.93,"C",56.9,73.2,0.024,0,0,0.13,0,1,0,0,0
"ISAIAH WRIGHT","MARYLAND",29,46.54,"C",58.2,79.7,0,0,0,0.071,0,0,0,0,0
"DREW AZZOPARDI","WASHINGTON",68,46.52,"C",55.5,77.3,0.059,0,0,0.308,0.048,1,2,0,0
"ORION IRVING","VANDERBILT",46,45.47,"C",56.6,82.9,0,0,0,0.04,0,0,0,0,0
"MAASAI KING","IOWA STATE",49,45.38,"C",41.8,70.8,0.061,0,0,0.407,0.045,0,1,0,0
"EMEKA UGORJI","FLORIDA",52,45.01,"C",60.8,84.7,0.039,0,0,0.037,0.04,0,1,0,0
"OLAUS ALINEN","KENTUCKY",58,44.52,"C",52.9,83.3,0,0,0,0.069,0,0,0,0,0
"TREVOR GOOSBY","TEXAS",52,43.76,"C",50.4,83.3,0,0,0,0.136,0,1,0,0,0
"DESMOND MAGIYA","OKLA STATE",64,43.15,"C",72.2,71.8,0.078,0,0,0.08,0.077,0,3,0,0
"MILES MCVAY","MISS STATE",42,42.86,"C",48.7,80.1,0,0,0,0.3,0.031,0,1,0,0
"BRYCE LOVETT","FLORIDA",47,42.49,"C",60.8,53.8,0.043,0,0.048,0.077,0.048,1,0,1,0
"PEYTON JOSEPH","OKLAHOMA",27,41.94,"C",53.4,70.4,0.074,0,0,0.214,0.077,0,1,0,0
"ADEDAMOLA AJANI","INDIANA",47,41.88,"C",60.8,67.2,0.021,0,0.059,0,0.059,0,0,0,1
"LUKE BAKLENKO","ARIZONA ST",41,41.24,"C",69,40.7,0.049,0,0.037,0.071,0.037,1,0,0,1
"SAQUON MILES","MISS STATE",27,41.15,"C",61.4,67.5,0.074,0,0,0.176,0.1,0,1,0,0
"GUNNAR GOTTULA","NEBRASKA",74,40.93,"C",59.5,80.6,0.014,0,0,0.026,0.028,0,1,0,0
"IAN MOORE","OHIO STATE",47,40.21,"C",57.9,78.4,0.021,0,0,0.105,0.036,1,1,0,0
"JAYVIN JAMES","ALABAMA",76,39,"D",58,73.3,0.013,0,0,0.108,0.026,1,1,0,0
"SHAUN TORGESON","OKLA STATE",69,38.11,"D",56.1,83.6,0,0,0,0,0.021,0,1,0,0
"CLINTON AZUBUIKE","VANDERBILT",64,37.58,"D",55.6,74.5,0.016,0,0,0.061,0.032,0,1,0,0
"MALACHI CARNEY","GA TECH",57,37.46,"D",56.3,34.6,0.053,96.4,0,0.214,0.069,3,2,0,0
"FOX CRADER","OREGON",64,36.71,"D",55,67.5,0,0,0.049,0.087,0.049,0,0,1,1
"BRADEN MILLER","DUKE",72,36.66,"D",58.3,75.5,0.042,0,0.036,0.136,0.107,0,2,1,0
"KAVION BROUSSARD","ARKANSAS",88,35.79,"D",61.2,74.6,0.023,0,0,0.07,0.044,1,2,0,0
"BEN MURAWSKI","MICH STATE",55,35.67,"D",62.2,55.1,0.055,0,0,0.071,0.037,2,1,0,0
"KODI GREENE","WASHINGTON",68,34.99,"D",67.7,34.1,0.044,0,0.095,0.231,0.119,1,1,4,0
"JORDAN SEATON","LSU",69,34.95,"D",63.9,66.9,0.043,0,0,0.094,0.054,2,2,0,0
"HALL SCHMIDT","UCLA",56,34.33,"D",64.7,57.3,0.036,0,0,0.036,0.036,2,1,0,0
"JAKHEEM SHUMPERT-PERKINS","MISS STATE",52,33.4,"D",51.2,59.1,0,0,0,0.167,0,3,0,0,0
"LANCE ROBINSON","LOUISVILLE",70,32.97,"D",67,53.8,0.043,0,0.056,0,0.083,1,1,1,1
"BRYANT WILLIAMS","ARKANSAS",88,32.8,"D",41,71,0,0,0.022,0.14,0.022,0,0,0,1
"ANDREW SPRAGUE","MICHIGAN",52,32.54,"D",58.5,58.8,0.019,0,0,0.04,0.039,0,1,0,0
"WESTON DAVIS","LSU",83,32.14,"D",55.5,61.2,0.024,0,0,0.128,0.023,3,1,0,0
"KAHLIL HOUSE","STANFORD",66,32.09,"D",59.5,58.3,0.03,0,0.021,0.105,0.043,3,1,1,0
"TOMMY KINSLER IV","OLE MISS",46,31.9,"D",64.9,46.1,0.043,0,0,0.04,0.048,1,1,0,0
"JESSE PERRY","TENNESSEE",53,31.47,"D",64.9,60.1,0.038,0,0,0.069,0.083,0,2,0,0
"LOGAN MOORE","BAYLOR",102,31.17,"D",53.8,58.1,0.02,0,0,0.256,0,8,0,0,0
"VEGUER JEAN-JUMEAU","BOSTON COL",72,31.07,"D",48.3,67.8,0.028,0,0.021,0.167,0.042,2,1,0,1
"RONNELL MCLAIN","HOUSTON",59,30.58,"D",62.3,48.7,0.068,0,0,0.156,0.074,2,2,0,0
"JUSTIN TAUANUU","USC",59,30.34,"D",51.9,70.8,0.034,0,0,0.103,0.067,0,2,0,0
"PJ WILKINS","WISCONSIN",53,29.65,"D",55.3,28.2,0.057,0,0,0.259,0.039,2,1,0,0
"NICK DEL GRANDE","DUKE",74,29.5,"D",54.6,57.4,0.054,0,0.036,0.13,0.107,0,2,1,0
"CARTER LOWE","OHIO STATE",28,29.21,"D",64.3,30.2,0.071,0,0,0.083,0.063,1,1,0,0
"ETHAN MACKENNY","GA TECH",57,28.98,"D",44.8,10.4,0.018,92.9,0.069,0.214,0.069,2,0,0,2
"NETINHO OLIVIERI","PITTSBURGH",70,28.21,"D",52.8,69.4,0.014,0,0,0.174,0.064,0,3,0,0
"ORY WILLIAMS","TENNESSEE",48,27.91,"D",53.1,63.8,0,0,0,0.069,0.053,0,1,0,0
"BRAYDEN JACOBS","CLEMSON",49,27.47,"D",51,55.5,0.02,0,0.035,0.15,0.069,1,1,0,1
"ZIYARE ADDISON","OREGON",64,27.37,"D",60.7,67.8,0.016,0,0.024,0.043,0.073,2,2,1,0
"DEONTAE ARMSTRONG","OHIO STATE",28,26.87,"D",73.4,44.3,0.071,0,0,0,0.125,0,2,0,0
"JORDAN DAVIS","UCLA",53,25.2,"D",74.2,14.7,0.075,0,0.039,0.074,0.077,4,1,0,1
"JO SIMMONS","AUBURN",76,24.18,"D",58.2,55.9,0.013,0,0,0.121,0.047,3,2,0,0
"CASON HENRY","LOUISVILLE",70,23.51,"D",56.4,49,0.014,0,0.028,0.147,0.083,0,2,0,1
"ANDREW CHAMBLEE","SMU",69,22.53,"D",60.1,56.3,0.043,0,0,0.138,0.1,0,4,0,0
"KADEN SIERACKI","BAYLOR",92,21.85,"D",50.3,56.5,0.011,0,0.018,0.184,0.074,0,3,1,0
"RAKEEM JOHNSON","MICH STATE",88,20.44,"D",67.4,31.7,0.057,0,0.024,0.087,0.071,5,2,1,0
"BENNETT WARREN","MINNESOTA",36,17.84,"F",51.1,0,0.028,94.4,0.056,0.111,0.111,4,1,1,0
"CHIMDIA NWAIWU","FLORIDA ST",36,17.5,"F",57.8,38.4,0,0,0.056,0.056,0.111,1,1,0,1
"DEUCE MCGUIRE","NWESTERN",56,16.1,"F",57.2,62.4,0,0,0,0.037,0.103,0,3,0,0
"CARSTEN CASADY","W VIRGINIA",76,14.63,"F",38.6,30.2,0.04,0,0,0.25,0.063,2,1,0,0
"KEVIN HEYWOOD","WISCONSIN",61,13.38,"F",55.8,34.6,0.016,0,0,0.107,0.061,3,2,0,0
"FISHER ANDERSON","STANFORD",70,5.99,"F",53,28.6,0.014,0,0.021,0.182,0.083,4,3,1,0
"EASTON WARE","CLEMSON",49,1.53,"F",68.2,33.9,0.041,0,0,0.05,0.172,1,5,0,0
"KRISTIAN PHILLIPS","BOSTON COL",78,0,"F",57.6,43.2,0.013,0,0.057,0.12,0.151,2,5,2,1
