"Name","Team.Name","Total_Snaps","Avg_Snaps_Per_Game","Games_Played","Adjusted_Score","Display_Grade"
"LUKE REYNOLDS","VA TECH",114,38,3,100,"A+"
"TREY'DEZ GREEN","LSU",190,63.3333333333333,3,85.57,"A-"
"PATRICK OVERMYER","HOUSTON",224,74.6666666666667,3,81.23,"A-"
"JALEEL SKINNER","LOUISVILLE",144,48,3,81.07,"A-"
"CALEB ODOM","OLE MISS",99,49.5,2,77.75,"B+"
"WILLIE RODRIGUEZ","KENTUCKY",115,38.3333333333333,3,75.09,"B+"
"ROCKY BEERS","OKLAHOMA",102,34,3,72.89,"B"
"JEREMIAH HASLEY","DUKE",209,69.6666666666667,3,71.25,"B"
"BENJI BLACKBURN","STANFORD",104,52,2,68.2,"B"
"KEVIN ROCHE JR.","GA TECH",118,39.3333333333333,3,66.85,"B"
"DAUNTE BACHEYIE","SYRACUSE",34,17,2,66.71,"B"
"MARK BOWMAN","USC",150,50,3,66.08,"B-"
"RANDY PITTMAN JR.","SMU",151,50.3333333333333,3,64.99,"B-"
"TERRANCE CARTER JR.","TEXAS TECH",81,40.5,2,63.96,"B-"
"DORIAN FLEMING","MARYLAND",73,36.5,2,62.25,"B-"
"JAYVONTAY CONNER","VANDERBILT",95,31.6666666666667,3,61.63,"B-"
"MASON MINI","CAL",210,70,3,60.2,"B-"
"WALKER LYONS","BYU",108,36,3,59.18,"C+"
"NOAH BENNEE","UTAH",104,34.6666666666667,3,58.69,"C+"
"BARON NAONE","WASHINGTON",117,39,3,57.58,"C+"
"BENJAMIN BRAHMER","PENN STATE",75,25,3,57.43,"C+"
"DJ VONNAHME","IOWA",70,35,2,56.43,"C+"
"JAYDEN SAVOURY","MICH STATE",109,36.3333333333333,3,54.92,"C+"
"CARSON KENT","PITTSBURGH",138,46,3,54.34,"C+"
"CARSON BRUHN","KANSAS",74,37,2,51.53,"C"
"HENRY BOYER","KENTUCKY",121,40.3333333333333,3,51.12,"C"
"JA'RICOUS HAIRSTON","VA TECH",70,23.3333333333333,3,51.11,"C"
"MIKKEL SKINNER","KENTUCKY",63,21,3,50.93,"C"
"BRADY CLOUGH","BOSTON COL",94,47,2,50.84,"C"
"LUKE DEHNICKE","NWESTERN",88,44,2,50.72,"C"
"TY LOCKWOOD","ARKANSAS",120,40,3,50.21,"C"
"GEORGE BURHENN","PURDUE",105,35,3,49.63,"C"
"LAWSON LUCKIE","GEORGIA",42,21,2,49.48,"C"
"WILL ANCIAUX","KANSAS ST",76,25.3333333333333,3,47.62,"C"
"ANDREW RAPPLEYEA","PENN STATE",74,24.6666666666667,3,46.42,"C-"
"LUKE LINDENMEYER","NEBRASKA",157,52.3333333333333,3,45.8,"C-"
"VINCE BENETTI","IOWA STATE",92,30.6666666666667,3,45.69,"C-"
"HAYDEN HANSEN","OKLAHOMA",113,37.6666666666667,3,44.86,"C-"
"GARRETT OAKLEY","KANSAS ST",105,35,3,44.53,"C-"
"JACOB HARRIS","WISCONSIN",65,21.6666666666667,3,41.9,"C-"
"EMAREE WINSTON","TEXAS",104,34.6666666666667,3,41.71,"C-"
"PRESTON HOWARD","MARYLAND",82,41,2,40.24,"C-"
"THEO MELIN OHRSTROM","SMU",142,47.3333333333333,3,40.13,"C-"
"LUKE HARPRING","FLORIDA",70,23.3333333333333,3,39.91,"D+"
"ROGER SALEAPAGA II","BYU",64,32,2,39.33,"D+"
"ALEX HONIG","NWESTERN",63,31.5,2,39.06,"D+"
"ELIJA LOFTON","MIAMI FL",143,47.6666666666667,3,38.28,"D+"
"PIERCE WALSH","MINNESOTA",82,27.3333333333333,3,37.92,"D+"
"DECKER DEGRAAF","WASHINGTON",123,41,3,37.61,"D+"
"CHARLIE WILLIAMS","COLORADO",192,64,3,37.4,"D+"
"DAVID CLEMENT","SYRACUSE",172,57.3333333333333,3,37.21,"D+"
"BRETT NORFLEET","MISSOURI",66,22,3,37.07,"D+"
"COLE RUSK","ARIZONA",93,31,3,36.48,"D+"
"ADDISON OSTRENGA","IOWA",75,25,3,36.21,"D+"
"GAVIN GROVER","CINCINNATI",143,47.6666666666667,3,36.17,"D+"
"ELIJAH LAGG","PITTSBURGH",98,32.6666666666667,3,36.12,"D+"
"HARRISON SAINT GERMAIN","VA TECH",36,18,2,35.49,"D+"
"AMIR JACKSON","FLORIDA",95,31.6666666666667,3,35.44,"D+"
"BRADY HUNT","S CAROLINA",94,31.3333333333333,3,35.3,"D+"
"KALEB EDWARDS","ALABAMA",148,49.3333333333333,3,35.17,"D+"
"NATE ROBERTS","OHIO STATE",81,27,3,34.49,"D+"
"MARSHALL PRITCHETT","ALABAMA",87,29,3,34.39,"D+"
"CHRISTIAN BENTANCUR","CLEMSON",84,28,3,32.37,"D"
"HUNTER ANDREWS","UTAH",69,23,3,32.36,"D"
"CARSON KOLB","OKLA STATE",159,53,3,31.58,"D"
"MATT ADCOCK","ARKANSAS",40,20,2,31.32,"D"
"CADEN PIENING","UCF",98,32.6666666666667,3,30.75,"D"
"AJ IA","ARIZONA ST",50,16.6666666666667,3,29.83,"D"
"JAKE JOHNSON","AUBURN",138,46,3,29.73,"D"
"ZEKE MOORE","BOSTON COL",121,40.3333333333333,3,29.73,"D"
"WILL LOERZEL","WAKE",91,30.3333333333333,3,29.58,"D"
"LUKE HASZ","OLE MISS",181,60.3333333333333,3,29.49,"D"
"RYAN WARD","W VIRGINIA",91,30.3333333333333,3,29.4,"D"
"SAM WEST","MISS STATE",140,46.6666666666667,3,29.25,"D"
"DAVIN STOFFEL","ILLINOIS",30,15,2,29.18,"D"
"DYLAN WADE","UCF",93,31,3,29.02,"D"
"MASON WILLIAMS","OHIO STATE",59,19.6666666666667,3,28.94,"D"
"HAWKINS POLLEY","BAYLOR",56,18.6666666666667,3,28.75,"D"
"KAMREAN JOHNSON","WAKE",59,19.6666666666667,3,27.33,"D"
"ETHAN BARBOUR","GEORGIA",43,21.5,2,27.2,"D"
"MICAH RILEY","TEXAS A&M",94,31.3333333333333,3,27.12,"D"
"JADEN PLATT","ARKANSAS",125,41.6666666666667,3,26.72,"D"
"JALEN HOFFMAN","MICHIGAN",91,30.3333333333333,3,25.68,"D-"
"JETT CARPENTER","TEXAS TECH",86,28.6666666666667,3,25.66,"D-"
"SPENCER SHANNON","TEXAS",95,31.6666666666667,3,25.5,"D-"
"MATT LUDWIG","TEXAS TECH",48,16,3,25.22,"D-"
"CHICO HOLT","STANFORD",41,20.5,2,25.15,"D-"
"BROCK SCHOTT","INDIANA",82,27.3333333333333,3,25.1,"D-"
"LOGAN BLAKE","RUTGERS",129,43,3,24.82,"D-"
"OLSEN PATT-HENRY","CLEMSON",104,34.6666666666667,3,24.68,"D-"
"TAIMANE PURCELL","CAL",89,29.6666666666667,3,24.68,"D-"
"ELYISS WILLIAMS","GEORGIA",37,18.5,2,23.92,"D-"
"LINKON CURE","KANSAS ST",94,31.3333333333333,3,23.61,"D-"
"AR'MARI TOWNS","PURDUE",36,18,2,23.48,"D-"
"KHAMARI ANDERSON","ARIZONA ST",38,19,2,23.09,"D-"
"MICHAEL SMITH","OLE MISS",25,12.5,2,22.51,"D-"
"LANDEN THOMAS","FLORIDA ST",80,40,2,22.37,"D-"
"MAURICE VENEY","VANDERBILT",63,21,3,22.02,"D-"
"JAILEN BUTLER","KANSAS",150,50,3,21.16,"D-"
"JAKE TAYLOR","DUKE",81,27,3,20.64,"D-"
"CHRIS CORBO","GA TECH",92,30.6666666666667,3,20.37,"D-"
"MATTHEW KLOPFENSTEIN","BAYLOR",171,57,3,19.86,"F"
"MAURICE BROWN II","S CAROLINA",65,21.6666666666667,3,19.7,"F"
"ARLIS BOARDINGHAM","AUBURN",63,21,3,19.58,"F"
"EMMETT BORK","WISCONSIN",65,21.6666666666667,3,19.2,"F"
"SHANE KING","ARIZONA",73,24.3333333333333,3,19.18,"F"
"BRAYDEN LOFTIN","UCLA",124,41.3333333333333,3,19.1,"F"
"KEAYEN NEAD","BYU",44,22,2,18.5,"F"
"DESIRRIO RILES","FLORIDA ST",74,37,2,18.26,"F"
"RILEY WILLIAMS","MISS STATE",53,17.6666666666667,3,18.26,"F"
"NICK TOWNSEND","TEXAS",58,29,2,18.17,"F"
"KADEN FEAGIN","ILLINOIS",35,17.5,2,18.16,"F"
"NOAH MEYERS","SYRACUSE",38,19,2,18.14,"F"
"BRODY FOLEY","LOUISVILLE",57,19,3,17.96,"F"
"FINN FURMANEK","PENN STATE",75,25,3,17.71,"F"
"BENJI GOSNELL","VA TECH",85,28.3333333333333,3,17.54,"F"
"TYLER POWELL","ARIZONA",51,17,3,17.54,"F"
"TONY LIVINGSTON","BAYLOR",68,22.6666666666667,3,17.47,"F"
"GRANT STEC","WISCONSIN",116,38.6666666666667,3,15.73,"F"
"KADEN HELMS","MINNESOTA",28,14,2,15.18,"F"
"DOMINICK BARRY","WAKE",91,30.3333333333333,3,14.97,"F"
"JULIAN JOHNSON","MINNESOTA",28,14,2,14.88,"F"
"LYVIEL WATERS","CINCINNATI",92,30.6666666666667,3,13.77,"F"
"JANIRAN BONNER","NEBRASKA",63,21,3,13.59,"F"
"JADEN REDDELL","GEORGIA",40,20,2,12.86,"F"
"RICHIE ANDERSON III","TEXAS A&M",90,30,3,12.77,"F"
"AJ SZYMANSKI","MARYLAND",56,18.6666666666667,3,12.58,"F"
"BRENNAN PARACHEK","MICH STATE",122,40.6666666666667,3,12.45,"F"
"HOUSTON THOMAS","TEXAS A&M",87,29,3,12.04,"F"
"CHRISTIAN ABNEY","ILLINOIS",112,37.3333333333333,3,11.74,"F"
"NATE KURISKY","DUKE",124,41.3333333333333,3,10.32,"F"
"THOMAS MEYER","IOWA",81,27,3,9.23,"F"
"LACOTA DIPPRE","FLORIDA",96,32,3,8.55,"F"
"KALEB THOMAS","HOUSTON",61,20.3333333333333,3,7.88,"F"
"TYLER FORTENBERRY","IOWA STATE",36,18,2,6.88,"F"
"CAM BALL","W VIRGINIA",44,14.6666666666667,3,6.46,"F"
"BENNETT CHRISTIAN","OHIO STATE",52,17.3333333333333,3,5.97,"F"
"ZACH GRACE","LSU",61,20.3333333333333,3,5.94,"F"
"WILL MONNEY","UTAH",59,19.6666666666667,3,5.89,"F"
"ZACH ORTWERTH","IOWA",37,18.5,2,5.56,"F"
"JOSH FORD","ALABAMA",63,21,3,5.07,"F"
"HARRY LODGE","UCLA",47,23.5,2,4.76,"F"
"ELIJAH WASHINGTON-BAKER","SYRACUSE",60,20,3,4.44,"F"
"JACK VAN DORSELAER","OKLAHOMA",62,20.6666666666667,3,4.37,"F"
"ANDREW BARKER","INDIANA",70,23.3333333333333,3,4.29,"F"
"BRIAN KORTOVICH","PENN STATE",34,17,2,4.02,"F"
"JOSH SAPP","W VIRGINIA",86,28.6666666666667,3,3.44,"F"
"SEMI TAULANGA","UTAH",27,13.5,2,3.4,"F"
"MIKE TYLER","S CAROLINA",27,13.5,2,3.35,"F"
"JACKSON BERRYMAN","PURDUE",26,13,2,3,"F"
"GABE FISHER","VANDERBILT",67,22.3333333333333,3,2.82,"F"
"CARTER MOSES","KANSAS",74,24.6666666666667,3,2.51,"F"
"JORDON HARRIS","MISSOURI",78,26,3,2.45,"F"
"JUDE JAMES","MISSOURI",46,23,2,2,"F"
"FISHER CLEMENTS","COLORADO",138,46,3,1.53,"F"
"MAX DRAG","S CAROLINA",52,26,2,1.25,"F"
"TRAVILLE FREDERICK JR.","HOUSTON",42,21,2,0.27,"F"
"HEZE KENT","FLORIDA",36,18,2,0.23,"F"
